{"cameraMode":{"drawMode":0,"name":"Shaded","section":"Shading Mode"},"sceneLighting":false,"audioPlay":false,"sceneViewState":{"m_AlwaysRefresh":false,"showFog":true,"showSkybox":false,"showFlares":true,"showImageEffects":true,"showParticleSystems":true,"showVisualEffectGraphs":true,"m_FxEnabled":false},"in2DMode":false,"pivot":{"x":1.1742192506790162,"y":-12.263375282287598,"z":10.28858470916748},"rotation":{"x":0.4094078838825226,"y":0.0027319760993123056,"z":-0.0012262712698429824,"w":0.9123381972312927},"size":13.24009895324707,"orthographic":false}