Using pre-set license
Built from '2022.3/staging' branch; Version is '2022.3.17f1 (4fc78088f837) revision 5228416'; Using compiler version '192829333'; Build Type 'Release'
OS: 'Windows 11  (10.0.26100) 64bit Professional' Language: 'ru' Physical Memory: 65292 MB
BatchMode: 1, IsHumanControllingUs: 0, StartBugReporterOnCrash: 0, Is64bit: 1, IsPro: 1

COMMAND LINE ARGUMENTS:
C:\Program Files\Unity\Hub\Editor\2022.3.17f1\Editor\Unity.exe
-adb2
-batchMode
-noUpm
-name
AssetImportWorker0
-projectPath
E:/unityProjects/OnlineGame
-logFile
Logs/AssetImportWorker0.log
-srvPort
62674
Successfully changed project path to: E:/unityProjects/OnlineGame
E:/unityProjects/OnlineGame
[UnityMemory] Configuration Parameters - Can be set up in boot.config
    "memorysetup-bucket-allocator-granularity=16"
    "memorysetup-bucket-allocator-bucket-count=8"
    "memorysetup-bucket-allocator-block-size=33554432"
    "memorysetup-bucket-allocator-block-count=8"
    "memorysetup-main-allocator-block-size=16777216"
    "memorysetup-thread-allocator-block-size=16777216"
    "memorysetup-gfx-main-allocator-block-size=16777216"
    "memorysetup-gfx-thread-allocator-block-size=16777216"
    "memorysetup-cache-allocator-block-size=4194304"
    "memorysetup-typetree-allocator-block-size=2097152"
    "memorysetup-profiler-bucket-allocator-granularity=16"
    "memorysetup-profiler-bucket-allocator-bucket-count=8"
    "memorysetup-profiler-bucket-allocator-block-size=33554432"
    "memorysetup-profiler-bucket-allocator-block-count=8"
    "memorysetup-profiler-allocator-block-size=16777216"
    "memorysetup-profiler-editor-allocator-block-size=1048576"
    "memorysetup-temp-allocator-size-main=16777216"
    "memorysetup-job-temp-allocator-block-size=2097152"
    "memorysetup-job-temp-allocator-block-size-background=1048576"
    "memorysetup-job-temp-allocator-reduction-small-platforms=262144"
    "memorysetup-allocator-temp-initial-block-size-main=262144"
    "memorysetup-allocator-temp-initial-block-size-worker=262144"
    "memorysetup-temp-allocator-size-background-worker=32768"
    "memorysetup-temp-allocator-size-job-worker=262144"
    "memorysetup-temp-allocator-size-preload-manager=33554432"
    "memorysetup-temp-allocator-size-nav-mesh-worker=65536"
    "memorysetup-temp-allocator-size-audio-worker=65536"
    "memorysetup-temp-allocator-size-cloud-worker=32768"
    "memorysetup-temp-allocator-size-gi-baking-worker=262144"
    "memorysetup-temp-allocator-size-gfx=262144"
Player connection [8984] Host "[IP] 192.168.1.243 [Port] 0 [Flags] 2 [Guid] 2782734260 [EditorId] 2782734260 [Version] 1048832 [Id] WindowsEditor(7,DESKTOP-L39KMR9) [Debug] 1 [PackageName] WindowsEditor [ProjectName] Editor" joined multi-casting on [225.0.0.222:54997]...

Player connection [8984] Host "[IP] 192.168.1.243 [Port] 0 [Flags] 2 [Guid] 2782734260 [EditorId] 2782734260 [Version] 1048832 [Id] WindowsEditor(7,DESKTOP-L39KMR9) [Debug] 1 [PackageName] WindowsEditor [ProjectName] Editor" joined alternative multi-casting on [225.0.0.222:34997]...

[Physics::Module] Initialized MultithreadedJobDispatcher with 23 workers.
Refreshing native plugins compatible for Editor in 5.89 ms, found 4 plugins.
Preloading 0 native plugins for Editor in 0.00 ms.
Initialize engine version: 2022.3.17f1 (4fc78088f837)
[Subsystems] Discovering subsystems at path C:/Program Files/Unity/Hub/Editor/2022.3.17f1/Editor/Data/Resources/UnitySubsystems
[Subsystems] Discovering subsystems at path E:/unityProjects/OnlineGame/Assets
GfxDevice: creating device client; threaded=0; jobified=0
Direct3D:
    Version:  Direct3D 11.0 [level 11.1]
    Renderer: NVIDIA GeForce RTX 4070 SUPER (ID=0x2783)
    Vendor:   NVIDIA
    VRAM:     11999 MB
    Driver:   32.0.15.8142
Initialize mono
Mono path[0] = 'C:/Program Files/Unity/Hub/Editor/2022.3.17f1/Editor/Data/Managed'
Mono path[1] = 'C:/Program Files/Unity/Hub/Editor/2022.3.17f1/Editor/Data/MonoBleedingEdge/lib/mono/unityjit-win32'
Mono config path = 'C:/Program Files/Unity/Hub/Editor/2022.3.17f1/Editor/Data/MonoBleedingEdge/etc'
Using monoOptions --debugger-agent=transport=dt_socket,embedding=1,server=y,suspend=n,address=127.0.0.1:56144
Begin MonoManager ReloadAssembly
Registering precompiled unity dll's ...
Register platform support module: C:/Program Files/Unity/Hub/Editor/2022.3.17f1/Editor/Data/PlaybackEngines/WindowsStandaloneSupport/UnityEditor.WindowsStandalone.Extensions.dll
Registered in 0.002660 seconds.
- Loaded All Assemblies, in  0.188 seconds
Native extension for WindowsStandalone target not found
Mono: successfully reloaded assembly
- Finished resetting the current domain, in  0.147 seconds
Domain Reload Profiling: 335ms
	BeginReloadAssembly (57ms)
		ExecutionOrderSort (0ms)
		DisableScriptedObjects (0ms)
		BackupInstance (0ms)
		ReleaseScriptingObjects (0ms)
		CreateAndSetChildDomain (0ms)
	RebuildCommonClasses (21ms)
	RebuildNativeTypeToScriptingClass (6ms)
	initialDomainReloadingComplete (30ms)
	LoadAllAssembliesAndSetupDomain (74ms)
		LoadAssemblies (56ms)
		RebuildTransferFunctionScriptingTraits (0ms)
		AnalyzeDomain (72ms)
			TypeCache.Refresh (71ms)
				TypeCache.ScanAssembly (64ms)
			ScanForSourceGeneratedMonoScriptInfo (0ms)
			ResolveRequiredComponents (0ms)
	FinalizeReload (147ms)
		ReleaseScriptCaches (0ms)
		RebuildScriptCaches (0ms)
		SetupLoadedEditorAssemblies (115ms)
			LogAssemblyErrors (0ms)
			InitializePlatformSupportModulesInManaged (5ms)
			SetLoadedEditorAssemblies (5ms)
			RefreshPlugins (0ms)
			BeforeProcessingInitializeOnLoad (1ms)
			ProcessInitializeOnLoadAttributes (77ms)
			ProcessInitializeOnLoadMethodAttributes (26ms)
			AfterProcessingInitializeOnLoad (0ms)
			EditorAssembliesLoaded (0ms)
		ExecutionOrderSort2 (0ms)
		AwakeInstancesAfterBackupRestoration (0ms)
========================================================================
Worker process is ready to serve import requests
Begin MonoManager ReloadAssembly
Symbol file LoadedFromMemory is not a mono symbol file
- Loaded All Assemblies, in  0.398 seconds
Refreshing native plugins compatible for Editor in 1.66 ms, found 4 plugins.
Native extension for WindowsStandalone target not found
Mirror | mirror-networking.com | discord.gg/N9QVxbM
Mono: successfully reloaded assembly
- Finished resetting the current domain, in  0.558 seconds
Domain Reload Profiling: 963ms
	BeginReloadAssembly (79ms)
		ExecutionOrderSort (0ms)
		DisableScriptedObjects (3ms)
		BackupInstance (0ms)
		ReleaseScriptingObjects (0ms)
		CreateAndSetChildDomain (11ms)
	RebuildCommonClasses (18ms)
	RebuildNativeTypeToScriptingClass (6ms)
	initialDomainReloadingComplete (22ms)
	LoadAllAssembliesAndSetupDomain (273ms)
		LoadAssemblies (186ms)
		RebuildTransferFunctionScriptingTraits (0ms)
		AnalyzeDomain (132ms)
			TypeCache.Refresh (114ms)
				TypeCache.ScanAssembly (104ms)
			ScanForSourceGeneratedMonoScriptInfo (11ms)
			ResolveRequiredComponents (5ms)
	FinalizeReload (565ms)
		ReleaseScriptCaches (0ms)
		RebuildScriptCaches (0ms)
		SetupLoadedEditorAssemblies (465ms)
			LogAssemblyErrors (0ms)
			InitializePlatformSupportModulesInManaged (3ms)
			SetLoadedEditorAssemblies (3ms)
			RefreshPlugins (0ms)
			BeforeProcessingInitializeOnLoad (63ms)
			ProcessInitializeOnLoadAttributes (372ms)
			ProcessInitializeOnLoadMethodAttributes (20ms)
			AfterProcessingInitializeOnLoad (3ms)
			EditorAssembliesLoaded (0ms)
		ExecutionOrderSort2 (0ms)
		AwakeInstancesAfterBackupRestoration (3ms)
Launched and connected shader compiler UnityShaderCompiler.exe after 0.04 seconds
Refreshing native plugins compatible for Editor in 1.76 ms, found 4 plugins.
Preloading 0 native plugins for Editor in 0.00 ms.
Unloading 4422 Unused Serialized files (Serialized files now loaded: 0)
Unloading 55 unused Assets / (125.4 KB). Loaded Objects now: 4871.
Memory consumption went from 160.0 MB to 159.9 MB.
Total: 2.230700 ms (FindLiveObjects: 0.144500 ms CreateObjectMapping: 0.050900 ms MarkObjects: 1.943200 ms  DeleteObjects: 0.091200 ms)

AssetImportParameters requested are different than current active one (requested -> active):
  custom:container-demuxer-ogg: 62fdf1f143b41e24485cea50d1cbac27 -> 
  custom:video-codec-MediaFoundation-h265: 746d11721c4dcdbdad8f713fa42b33f4 -> 
  custom:video-decoder-ogg-theora: a1e56fd34408186e4bbccfd4996cb3dc -> 
  custom:framework-win-MediaFoundation: 216162199b28c13a410421893ffa2e32 -> 
  custom:CustomObjectIndexerAttribute: 6d391050e5a25f67b0a2c618074f2cd9 -> 
  custom:container-demuxer-webm: 4f35f7cbe854078d1ac9338744f61a02 -> 
  custom:container-muxer-webm: aa71ff27fc2769a1b78a27578f13a17b -> 
  custom:video-decoder-webm-vp8: 9c59270c3fd7afecdb556c50c9e8de78 -> 
  custom:SearchIndexIgnoredProperties: e643bd26f0fe6173181afceb89e7c659 -> 
  custom:AudioImporter_EditorPlatform: d09bf68614088b80899f8185d706f6e7 -> 
  custom:video-encoder-webm-vp8: eb34c28f22e8b96e1ab97ce403110664 -> 
  custom:audio-decoder-ogg-vorbis: bf7c407c2cedff20999df2af8eb42d56 -> 
  custom:audio-encoder-webm-vorbis: bf7c407c2cedff20999df2af8eb42d56 -> 
========================================================================
Received Import Request.
  Time since last request: 6374.631796 seconds.
  path: Assets/Prefabs/Player/Player.prefab
  artifactKey: Guid(09ab07a202a93a04d90143a9b44dfe43) Importer(815301076,1909f56bfc062723c751e8b465ee728b)
Start importing Assets/Prefabs/Player/Player.prefab using Guid(09ab07a202a93a04d90143a9b44dfe43) Importer(815301076,1909f56bfc062723c751e8b465ee728b)  -> (artifact id: '4472c67bfa102c8b969ad0cc80c0f823') in 0.064782 seconds
Number of updated asset objects reloaded before import = 0
Number of asset objects unloaded after import = 17
========================================================================
Received Import Request.
  Time since last request: 12.820427 seconds.
  path: Assets/Prefabs/Player/Player.prefab
  artifactKey: Guid(09ab07a202a93a04d90143a9b44dfe43) Importer(815301076,1909f56bfc062723c751e8b465ee728b)
Start importing Assets/Prefabs/Player/Player.prefab using Guid(09ab07a202a93a04d90143a9b44dfe43) Importer(815301076,1909f56bfc062723c751e8b465ee728b) 'Player' has another NetworkIdentity component on 'Chat'. There should only be one NetworkIdentity, and it must be on the root object. Please remove the other one.
UnityEngine.StackTraceUtility:ExtractStackTrace ()
UnityEngine.DebugLogHandler:LogFormat (UnityEngine.LogType,UnityEngine.Object,string,object[])
UnityEngine.Logger:Log (UnityEngine.LogType,object,UnityEngine.Object)
UnityEngine.Debug:LogError (object,UnityEngine.Object)
Mirror.NetworkIdentity:DisallowChildNetworkIdentities () (at Assets/Mirror/Core/NetworkIdentity.cs:383)
Mirror.NetworkIdentity:OnValidate () (at Assets/Mirror/Core/NetworkIdentity.cs:357)

(Filename: Assets/Mirror/Core/NetworkIdentity.cs Line: 383)

 -> (artifact id: '9f7a8c3c3aecb62a5da00111b38403a1') in 0.040273 seconds
Number of updated asset objects reloaded before import = 0
Number of asset objects unloaded after import = 54
========================================================================
Received Import Request.
  Time since last request: 10.093890 seconds.
  path: Assets/Prefabs/Player/Player.prefab
  artifactKey: Guid(09ab07a202a93a04d90143a9b44dfe43) Importer(815301076,1909f56bfc062723c751e8b465ee728b)
Start importing Assets/Prefabs/Player/Player.prefab using Guid(09ab07a202a93a04d90143a9b44dfe43) Importer(815301076,1909f56bfc062723c751e8b465ee728b)  -> (artifact id: '4c332017a7c485213a21fdd2aa1236cc') in 0.019824 seconds
Number of updated asset objects reloaded before import = 0
Number of asset objects unloaded after import = 53
========================================================================
Received Prepare
Begin MonoManager ReloadAssembly
Symbol file LoadedFromMemory is not a mono symbol file
- Loaded All Assemblies, in  0.266 seconds
Refreshing native plugins compatible for Editor in 1.84 ms, found 4 plugins.
Native extension for WindowsStandalone target not found
Mono: successfully reloaded assembly
- Finished resetting the current domain, in  0.658 seconds
Domain Reload Profiling: 923ms
	BeginReloadAssembly (88ms)
		ExecutionOrderSort (0ms)
		DisableScriptedObjects (2ms)
		BackupInstance (0ms)
		ReleaseScriptingObjects (0ms)
		CreateAndSetChildDomain (21ms)
	RebuildCommonClasses (18ms)
	RebuildNativeTypeToScriptingClass (6ms)
	initialDomainReloadingComplete (15ms)
	LoadAllAssembliesAndSetupDomain (138ms)
		LoadAssemblies (170ms)
		RebuildTransferFunctionScriptingTraits (0ms)
		AnalyzeDomain (11ms)
			TypeCache.Refresh (4ms)
				TypeCache.ScanAssembly (0ms)
			ScanForSourceGeneratedMonoScriptInfo (0ms)
			ResolveRequiredComponents (5ms)
	FinalizeReload (658ms)
		ReleaseScriptCaches (0ms)
		RebuildScriptCaches (0ms)
		SetupLoadedEditorAssemblies (436ms)
			LogAssemblyErrors (0ms)
			InitializePlatformSupportModulesInManaged (3ms)
			SetLoadedEditorAssemblies (4ms)
			RefreshPlugins (0ms)
			BeforeProcessingInitializeOnLoad (65ms)
			ProcessInitializeOnLoadAttributes (341ms)
			ProcessInitializeOnLoadMethodAttributes (20ms)
			AfterProcessingInitializeOnLoad (3ms)
			EditorAssembliesLoaded (0ms)
		ExecutionOrderSort2 (0ms)
		AwakeInstancesAfterBackupRestoration (4ms)
Refreshing native plugins compatible for Editor in 1.94 ms, found 4 plugins.
Preloading 0 native plugins for Editor in 0.00 ms.
Unloading 4399 Unused Serialized files (Serialized files now loaded: 0)
Unloading 40 unused Assets / (98.6 KB). Loaded Objects now: 4886.
Memory consumption went from 160.9 MB to 160.8 MB.
Total: 2.183700 ms (FindLiveObjects: 0.146100 ms CreateObjectMapping: 0.052300 ms MarkObjects: 1.879500 ms  DeleteObjects: 0.105000 ms)

Prepare: number of updated asset objects reloaded= 0
AssetImportParameters requested are different than current active one (requested -> active):
  custom:container-demuxer-ogg: 62fdf1f143b41e24485cea50d1cbac27 -> 
  custom:video-codec-MediaFoundation-h265: 746d11721c4dcdbdad8f713fa42b33f4 -> 
  custom:video-decoder-ogg-theora: a1e56fd34408186e4bbccfd4996cb3dc -> 
  custom:framework-win-MediaFoundation: 216162199b28c13a410421893ffa2e32 -> 
  custom:CustomObjectIndexerAttribute: 6d391050e5a25f67b0a2c618074f2cd9 -> 
  custom:container-demuxer-webm: 4f35f7cbe854078d1ac9338744f61a02 -> 
  custom:container-muxer-webm: aa71ff27fc2769a1b78a27578f13a17b -> 
  custom:video-decoder-webm-vp8: 9c59270c3fd7afecdb556c50c9e8de78 -> 
  custom:SearchIndexIgnoredProperties: e643bd26f0fe6173181afceb89e7c659 -> 
  custom:AudioImporter_EditorPlatform: d09bf68614088b80899f8185d706f6e7 -> 
  custom:video-encoder-webm-vp8: eb34c28f22e8b96e1ab97ce403110664 -> 
  custom:audio-decoder-ogg-vorbis: bf7c407c2cedff20999df2af8eb42d56 -> 
  custom:audio-encoder-webm-vorbis: bf7c407c2cedff20999df2af8eb42d56 -> 
========================================================================
Received Prepare
Begin MonoManager ReloadAssembly
Symbol file LoadedFromMemory is not a mono symbol file
- Loaded All Assemblies, in  0.266 seconds
Refreshing native plugins compatible for Editor in 2.29 ms, found 4 plugins.
Native extension for WindowsStandalone target not found
Mono: successfully reloaded assembly
- Finished resetting the current domain, in  0.669 seconds
Domain Reload Profiling: 935ms
	BeginReloadAssembly (88ms)
		ExecutionOrderSort (0ms)
		DisableScriptedObjects (3ms)
		BackupInstance (0ms)
		ReleaseScriptingObjects (0ms)
		CreateAndSetChildDomain (20ms)
	RebuildCommonClasses (18ms)
	RebuildNativeTypeToScriptingClass (6ms)
	initialDomainReloadingComplete (15ms)
	LoadAllAssembliesAndSetupDomain (140ms)
		LoadAssemblies (170ms)
		RebuildTransferFunctionScriptingTraits (0ms)
		AnalyzeDomain (12ms)
			TypeCache.Refresh (4ms)
				TypeCache.ScanAssembly (0ms)
			ScanForSourceGeneratedMonoScriptInfo (0ms)
			ResolveRequiredComponents (5ms)
	FinalizeReload (669ms)
		ReleaseScriptCaches (0ms)
		RebuildScriptCaches (0ms)
		SetupLoadedEditorAssemblies (451ms)
			LogAssemblyErrors (0ms)
			InitializePlatformSupportModulesInManaged (3ms)
			SetLoadedEditorAssemblies (4ms)
			RefreshPlugins (0ms)
			BeforeProcessingInitializeOnLoad (67ms)
			ProcessInitializeOnLoadAttributes (356ms)
			ProcessInitializeOnLoadMethodAttributes (19ms)
			AfterProcessingInitializeOnLoad (3ms)
			EditorAssembliesLoaded (0ms)
		ExecutionOrderSort2 (0ms)
		AwakeInstancesAfterBackupRestoration (4ms)
Refreshing native plugins compatible for Editor in 1.78 ms, found 4 plugins.
Preloading 0 native plugins for Editor in 0.00 ms.
Unloading 4399 Unused Serialized files (Serialized files now loaded: 0)
Unloading 38 unused Assets / (96.8 KB). Loaded Objects now: 4890.
Memory consumption went from 162.8 MB to 162.8 MB.
Total: 2.398700 ms (FindLiveObjects: 0.160000 ms CreateObjectMapping: 0.074000 ms MarkObjects: 2.093200 ms  DeleteObjects: 0.070900 ms)

Prepare: number of updated asset objects reloaded= 0
AssetImportParameters requested are different than current active one (requested -> active):
  custom:container-demuxer-ogg: 62fdf1f143b41e24485cea50d1cbac27 -> 
  custom:video-codec-MediaFoundation-h265: 746d11721c4dcdbdad8f713fa42b33f4 -> 
  custom:video-decoder-ogg-theora: a1e56fd34408186e4bbccfd4996cb3dc -> 
  custom:framework-win-MediaFoundation: 216162199b28c13a410421893ffa2e32 -> 
  custom:CustomObjectIndexerAttribute: 6d391050e5a25f67b0a2c618074f2cd9 -> 
  custom:container-demuxer-webm: 4f35f7cbe854078d1ac9338744f61a02 -> 
  custom:container-muxer-webm: aa71ff27fc2769a1b78a27578f13a17b -> 
  custom:video-decoder-webm-vp8: 9c59270c3fd7afecdb556c50c9e8de78 -> 
  custom:SearchIndexIgnoredProperties: e643bd26f0fe6173181afceb89e7c659 -> 
  custom:AudioImporter_EditorPlatform: d09bf68614088b80899f8185d706f6e7 -> 
  custom:video-encoder-webm-vp8: eb34c28f22e8b96e1ab97ce403110664 -> 
  custom:audio-decoder-ogg-vorbis: bf7c407c2cedff20999df2af8eb42d56 -> 
  custom:audio-encoder-webm-vorbis: bf7c407c2cedff20999df2af8eb42d56 -> 
========================================================================
Received Import Request.
  Time since last request: 73.705384 seconds.
  path: Assets/Prefabs/Player/Player.prefab
  artifactKey: Guid(09ab07a202a93a04d90143a9b44dfe43) Importer(815301076,1909f56bfc062723c751e8b465ee728b)
Start importing Assets/Prefabs/Player/Player.prefab using Guid(09ab07a202a93a04d90143a9b44dfe43) Importer(815301076,1909f56bfc062723c751e8b465ee728b)  -> (artifact id: 'fd1f80cb970445462f7af63e477667a9') in 0.068442 seconds
Number of updated asset objects reloaded before import = 0
Number of asset objects unloaded after import = 52
========================================================================
Received Import Request.
  Time since last request: 4.984049 seconds.
  path: Assets/Prefabs/Player/Player.prefab
  artifactKey: Guid(09ab07a202a93a04d90143a9b44dfe43) Importer(815301076,1909f56bfc062723c751e8b465ee728b)
Start importing Assets/Prefabs/Player/Player.prefab using Guid(09ab07a202a93a04d90143a9b44dfe43) Importer(815301076,1909f56bfc062723c751e8b465ee728b)  -> (artifact id: '4e3c09b28be19f71357dd5d26cc503ba') in 0.027549 seconds
Number of updated asset objects reloaded before import = 0
Number of asset objects unloaded after import = 53
========================================================================
Received Import Request.
  Time since last request: 43.801995 seconds.
  path: Assets/Prefabs/Player/Player.prefab
  artifactKey: Guid(09ab07a202a93a04d90143a9b44dfe43) Importer(815301076,1909f56bfc062723c751e8b465ee728b)
Start importing Assets/Prefabs/Player/Player.prefab using Guid(09ab07a202a93a04d90143a9b44dfe43) Importer(815301076,1909f56bfc062723c751e8b465ee728b)  -> (artifact id: '572145048353a0fc1c4dfbf927e79fe3') in 0.023746 seconds
Number of updated asset objects reloaded before import = 0
Number of asset objects unloaded after import = 58
========================================================================
Received Import Request.
  Time since last request: 2.433860 seconds.
  path: Assets/Prefabs/Player/Player.prefab
  artifactKey: Guid(09ab07a202a93a04d90143a9b44dfe43) Importer(815301076,1909f56bfc062723c751e8b465ee728b)
Start importing Assets/Prefabs/Player/Player.prefab using Guid(09ab07a202a93a04d90143a9b44dfe43) Importer(815301076,1909f56bfc062723c751e8b465ee728b)  -> (artifact id: '40912e17c1b3770ed8047f23eceb3519') in 0.015809 seconds
Number of updated asset objects reloaded before import = 0
Number of asset objects unloaded after import = 58
========================================================================
Received Import Request.
  Time since last request: 8.043979 seconds.
  path: Assets/Prefabs/Player/Player.prefab
  artifactKey: Guid(09ab07a202a93a04d90143a9b44dfe43) Importer(815301076,1909f56bfc062723c751e8b465ee728b)
Start importing Assets/Prefabs/Player/Player.prefab using Guid(09ab07a202a93a04d90143a9b44dfe43) Importer(815301076,1909f56bfc062723c751e8b465ee728b)  -> (artifact id: 'ae5c48e4629ed962024f7707920f5bdb') in 0.015779 seconds
Number of updated asset objects reloaded before import = 0
Number of asset objects unloaded after import = 58
========================================================================
Received Import Request.
  Time since last request: 17.093462 seconds.
  path: Assets/Prefabs/Player/Player.prefab
  artifactKey: Guid(09ab07a202a93a04d90143a9b44dfe43) Importer(815301076,1909f56bfc062723c751e8b465ee728b)
Start importing Assets/Prefabs/Player/Player.prefab using Guid(09ab07a202a93a04d90143a9b44dfe43) Importer(815301076,1909f56bfc062723c751e8b465ee728b)  -> (artifact id: 'e41d229a627e5656319cef3e2e4b678c') in 0.016443 seconds
Number of updated asset objects reloaded before import = 0
Number of asset objects unloaded after import = 58
========================================================================
Received Import Request.
  Time since last request: 3.009893 seconds.
  path: Assets/Prefabs/Player/Player.prefab
  artifactKey: Guid(09ab07a202a93a04d90143a9b44dfe43) Importer(815301076,1909f56bfc062723c751e8b465ee728b)
Start importing Assets/Prefabs/Player/Player.prefab using Guid(09ab07a202a93a04d90143a9b44dfe43) Importer(815301076,1909f56bfc062723c751e8b465ee728b)  -> (artifact id: '639a0d6a08f7a506f57c07d7917d5cbd') in 0.022453 seconds
Number of updated asset objects reloaded before import = 0
Number of asset objects unloaded after import = 58
========================================================================
Received Import Request.
  Time since last request: 1.383008 seconds.
  path: Assets/Prefabs/Player/Player.prefab
  artifactKey: Guid(09ab07a202a93a04d90143a9b44dfe43) Importer(815301076,1909f56bfc062723c751e8b465ee728b)
Start importing Assets/Prefabs/Player/Player.prefab using Guid(09ab07a202a93a04d90143a9b44dfe43) Importer(815301076,1909f56bfc062723c751e8b465ee728b)  -> (artifact id: 'ee8f0a5a6057e1c68e0acb7008d18353') in 0.019612 seconds
Number of updated asset objects reloaded before import = 0
Number of asset objects unloaded after import = 58
========================================================================
Received Import Request.
  Time since last request: 4.463634 seconds.
  path: Assets/Prefabs/Player/Player.prefab
  artifactKey: Guid(09ab07a202a93a04d90143a9b44dfe43) Importer(815301076,1909f56bfc062723c751e8b465ee728b)
Start importing Assets/Prefabs/Player/Player.prefab using Guid(09ab07a202a93a04d90143a9b44dfe43) Importer(815301076,1909f56bfc062723c751e8b465ee728b)  -> (artifact id: '802fb4ea3b4803ec6fab0ae34314d1d1') in 0.016301 seconds
Number of updated asset objects reloaded before import = 0
Number of asset objects unloaded after import = 58
========================================================================
Received Import Request.
  Time since last request: 7.321334 seconds.
  path: Assets/Prefabs/Player/Player.prefab
  artifactKey: Guid(09ab07a202a93a04d90143a9b44dfe43) Importer(815301076,1909f56bfc062723c751e8b465ee728b)
Start importing Assets/Prefabs/Player/Player.prefab using Guid(09ab07a202a93a04d90143a9b44dfe43) Importer(815301076,1909f56bfc062723c751e8b465ee728b)  -> (artifact id: '35e6f21e81a6aa941d828b772a0b769d') in 0.015893 seconds
Number of updated asset objects reloaded before import = 0
Number of asset objects unloaded after import = 58
========================================================================
Received Prepare
Begin MonoManager ReloadAssembly
Symbol file LoadedFromMemory is not a mono symbol file
- Loaded All Assemblies, in  0.272 seconds
Refreshing native plugins compatible for Editor in 1.84 ms, found 4 plugins.
Native extension for WindowsStandalone target not found
Mono: successfully reloaded assembly
- Finished resetting the current domain, in  0.658 seconds
Domain Reload Profiling: 929ms
	BeginReloadAssembly (92ms)
		ExecutionOrderSort (0ms)
		DisableScriptedObjects (3ms)
		BackupInstance (0ms)
		ReleaseScriptingObjects (0ms)
		CreateAndSetChildDomain (24ms)
	RebuildCommonClasses (18ms)
	RebuildNativeTypeToScriptingClass (6ms)
	initialDomainReloadingComplete (16ms)
	LoadAllAssembliesAndSetupDomain (139ms)
		LoadAssemblies (172ms)
		RebuildTransferFunctionScriptingTraits (0ms)
		AnalyzeDomain (11ms)
			TypeCache.Refresh (4ms)
				TypeCache.ScanAssembly (0ms)
			ScanForSourceGeneratedMonoScriptInfo (0ms)
			ResolveRequiredComponents (5ms)
	FinalizeReload (659ms)
		ReleaseScriptCaches (0ms)
		RebuildScriptCaches (0ms)
		SetupLoadedEditorAssemblies (440ms)
			LogAssemblyErrors (0ms)
			InitializePlatformSupportModulesInManaged (3ms)
			SetLoadedEditorAssemblies (4ms)
			RefreshPlugins (0ms)
			BeforeProcessingInitializeOnLoad (64ms)
			ProcessInitializeOnLoadAttributes (345ms)
			ProcessInitializeOnLoadMethodAttributes (20ms)
			AfterProcessingInitializeOnLoad (3ms)
			EditorAssembliesLoaded (0ms)
		ExecutionOrderSort2 (0ms)
		AwakeInstancesAfterBackupRestoration (4ms)
Refreshing native plugins compatible for Editor in 1.82 ms, found 4 plugins.
Preloading 0 native plugins for Editor in 0.00 ms.
Unloading 4399 Unused Serialized files (Serialized files now loaded: 0)
Unloading 40 unused Assets / (97.6 KB). Loaded Objects now: 4894.
Memory consumption went from 164.8 MB to 164.7 MB.
Total: 2.097300 ms (FindLiveObjects: 0.153900 ms CreateObjectMapping: 0.093500 ms MarkObjects: 1.754100 ms  DeleteObjects: 0.095300 ms)

Prepare: number of updated asset objects reloaded= 0
AssetImportParameters requested are different than current active one (requested -> active):
  custom:container-demuxer-ogg: 62fdf1f143b41e24485cea50d1cbac27 -> 
  custom:video-codec-MediaFoundation-h265: 746d11721c4dcdbdad8f713fa42b33f4 -> 
  custom:video-decoder-ogg-theora: a1e56fd34408186e4bbccfd4996cb3dc -> 
  custom:framework-win-MediaFoundation: 216162199b28c13a410421893ffa2e32 -> 
  custom:CustomObjectIndexerAttribute: 6d391050e5a25f67b0a2c618074f2cd9 -> 
  custom:container-demuxer-webm: 4f35f7cbe854078d1ac9338744f61a02 -> 
  custom:container-muxer-webm: aa71ff27fc2769a1b78a27578f13a17b -> 
  custom:video-decoder-webm-vp8: 9c59270c3fd7afecdb556c50c9e8de78 -> 
  custom:SearchIndexIgnoredProperties: e643bd26f0fe6173181afceb89e7c659 -> 
  custom:AudioImporter_EditorPlatform: d09bf68614088b80899f8185d706f6e7 -> 
  custom:video-encoder-webm-vp8: eb34c28f22e8b96e1ab97ce403110664 -> 
  custom:audio-decoder-ogg-vorbis: bf7c407c2cedff20999df2af8eb42d56 -> 
  custom:audio-encoder-webm-vorbis: bf7c407c2cedff20999df2af8eb42d56 -> 
========================================================================
Received Import Request.
  Time since last request: 44.056340 seconds.
  path: Assets/Prefabs/Player/Player.prefab
  artifactKey: Guid(09ab07a202a93a04d90143a9b44dfe43) Importer(815301076,1909f56bfc062723c751e8b465ee728b)
Start importing Assets/Prefabs/Player/Player.prefab using Guid(09ab07a202a93a04d90143a9b44dfe43) Importer(815301076,1909f56bfc062723c751e8b465ee728b)  -> (artifact id: 'a1532548f5622fd532de2b18a0e192bb') in 0.069357 seconds
Number of updated asset objects reloaded before import = 0
Number of asset objects unloaded after import = 58
========================================================================
Received Import Request.
  Time since last request: 2.149385 seconds.
  path: Assets/Prefabs/Player/Player.prefab
  artifactKey: Guid(09ab07a202a93a04d90143a9b44dfe43) Importer(815301076,1909f56bfc062723c751e8b465ee728b)
Start importing Assets/Prefabs/Player/Player.prefab using Guid(09ab07a202a93a04d90143a9b44dfe43) Importer(815301076,1909f56bfc062723c751e8b465ee728b)  -> (artifact id: 'e0465006f5ea2da4ccf4af7be48ad425') in 0.017515 seconds
Number of updated asset objects reloaded before import = 0
Number of asset objects unloaded after import = 58
========================================================================
Received Import Request.
  Time since last request: 2.045730 seconds.
  path: Assets/Prefabs/Player/Player.prefab
  artifactKey: Guid(09ab07a202a93a04d90143a9b44dfe43) Importer(815301076,1909f56bfc062723c751e8b465ee728b)
Start importing Assets/Prefabs/Player/Player.prefab using Guid(09ab07a202a93a04d90143a9b44dfe43) Importer(815301076,1909f56bfc062723c751e8b465ee728b)  -> (artifact id: '777fae0840487195230cf461ce4e38a5') in 0.018054 seconds
Number of updated asset objects reloaded before import = 0
Number of asset objects unloaded after import = 58
========================================================================
Received Prepare
Begin MonoManager ReloadAssembly
Symbol file LoadedFromMemory is not a mono symbol file
- Loaded All Assemblies, in  0.270 seconds
Refreshing native plugins compatible for Editor in 1.78 ms, found 4 plugins.
Native extension for WindowsStandalone target not found
Mono: successfully reloaded assembly
- Finished resetting the current domain, in  0.648 seconds
Domain Reload Profiling: 917ms
	BeginReloadAssembly (90ms)
		ExecutionOrderSort (0ms)
		DisableScriptedObjects (2ms)
		BackupInstance (0ms)
		ReleaseScriptingObjects (0ms)
		CreateAndSetChildDomain (22ms)
	RebuildCommonClasses (18ms)
	RebuildNativeTypeToScriptingClass (6ms)
	initialDomainReloadingComplete (15ms)
	LoadAllAssembliesAndSetupDomain (140ms)
		LoadAssemblies (173ms)
		RebuildTransferFunctionScriptingTraits (0ms)
		AnalyzeDomain (11ms)
			TypeCache.Refresh (4ms)
				TypeCache.ScanAssembly (0ms)
			ScanForSourceGeneratedMonoScriptInfo (0ms)
			ResolveRequiredComponents (5ms)
	FinalizeReload (648ms)
		ReleaseScriptCaches (0ms)
		RebuildScriptCaches (0ms)
		SetupLoadedEditorAssemblies (440ms)
			LogAssemblyErrors (0ms)
			InitializePlatformSupportModulesInManaged (3ms)
			SetLoadedEditorAssemblies (4ms)
			RefreshPlugins (0ms)
			BeforeProcessingInitializeOnLoad (64ms)
			ProcessInitializeOnLoadAttributes (347ms)
			ProcessInitializeOnLoadMethodAttributes (20ms)
			AfterProcessingInitializeOnLoad (3ms)
			EditorAssembliesLoaded (0ms)
		ExecutionOrderSort2 (0ms)
		AwakeInstancesAfterBackupRestoration (4ms)
Refreshing native plugins compatible for Editor in 2.10 ms, found 4 plugins.
Preloading 0 native plugins for Editor in 0.00 ms.
Unloading 4399 Unused Serialized files (Serialized files now loaded: 0)
Unloading 40 unused Assets / (98.6 KB). Loaded Objects now: 4898.
Memory consumption went from 166.8 MB to 166.7 MB.
Total: 2.035700 ms (FindLiveObjects: 0.139600 ms CreateObjectMapping: 0.049200 ms MarkObjects: 1.748200 ms  DeleteObjects: 0.098000 ms)

Prepare: number of updated asset objects reloaded= 0
AssetImportParameters requested are different than current active one (requested -> active):
  custom:container-demuxer-ogg: 62fdf1f143b41e24485cea50d1cbac27 -> 
  custom:video-codec-MediaFoundation-h265: 746d11721c4dcdbdad8f713fa42b33f4 -> 
  custom:video-decoder-ogg-theora: a1e56fd34408186e4bbccfd4996cb3dc -> 
  custom:framework-win-MediaFoundation: 216162199b28c13a410421893ffa2e32 -> 
  custom:CustomObjectIndexerAttribute: 6d391050e5a25f67b0a2c618074f2cd9 -> 
  custom:container-demuxer-webm: 4f35f7cbe854078d1ac9338744f61a02 -> 
  custom:container-muxer-webm: aa71ff27fc2769a1b78a27578f13a17b -> 
  custom:video-decoder-webm-vp8: 9c59270c3fd7afecdb556c50c9e8de78 -> 
  custom:SearchIndexIgnoredProperties: e643bd26f0fe6173181afceb89e7c659 -> 
  custom:AudioImporter_EditorPlatform: d09bf68614088b80899f8185d706f6e7 -> 
  custom:video-encoder-webm-vp8: eb34c28f22e8b96e1ab97ce403110664 -> 
  custom:audio-decoder-ogg-vorbis: bf7c407c2cedff20999df2af8eb42d56 -> 
  custom:audio-encoder-webm-vorbis: bf7c407c2cedff20999df2af8eb42d56 -> 
========================================================================
Received Import Request.
  Time since last request: 22.564449 seconds.
  path: Assets/Prefabs/Player/Player.prefab
  artifactKey: Guid(09ab07a202a93a04d90143a9b44dfe43) Importer(815301076,1909f56bfc062723c751e8b465ee728b)
Start importing Assets/Prefabs/Player/Player.prefab using Guid(09ab07a202a93a04d90143a9b44dfe43) Importer(815301076,1909f56bfc062723c751e8b465ee728b)  -> (artifact id: 'fa80ed5b36e027f1cf73498997265ac1') in 0.063741 seconds
Number of updated asset objects reloaded before import = 0
Number of asset objects unloaded after import = 58
========================================================================
Received Import Request.
  Time since last request: 6.546925 seconds.
  path: Assets/Prefabs/Player/Player.prefab
  artifactKey: Guid(09ab07a202a93a04d90143a9b44dfe43) Importer(815301076,1909f56bfc062723c751e8b465ee728b)
Start importing Assets/Prefabs/Player/Player.prefab using Guid(09ab07a202a93a04d90143a9b44dfe43) Importer(815301076,1909f56bfc062723c751e8b465ee728b)  -> (artifact id: '646a98cee70d4be380c36fd8055c68c4') in 0.015661 seconds
Number of updated asset objects reloaded before import = 0
Number of asset objects unloaded after import = 58
========================================================================
Received Prepare
Begin MonoManager ReloadAssembly
Symbol file LoadedFromMemory is not a mono symbol file
- Loaded All Assemblies, in  0.267 seconds
Refreshing native plugins compatible for Editor in 1.89 ms, found 4 plugins.
Native extension for WindowsStandalone target not found
Mono: successfully reloaded assembly
- Finished resetting the current domain, in  0.652 seconds
Domain Reload Profiling: 919ms
	BeginReloadAssembly (88ms)
		ExecutionOrderSort (0ms)
		DisableScriptedObjects (2ms)
		BackupInstance (0ms)
		ReleaseScriptingObjects (0ms)
		CreateAndSetChildDomain (22ms)
	RebuildCommonClasses (17ms)
	RebuildNativeTypeToScriptingClass (6ms)
	initialDomainReloadingComplete (15ms)
	LoadAllAssembliesAndSetupDomain (140ms)
		LoadAssemblies (170ms)
		RebuildTransferFunctionScriptingTraits (0ms)
		AnalyzeDomain (12ms)
			TypeCache.Refresh (4ms)
				TypeCache.ScanAssembly (0ms)
			ScanForSourceGeneratedMonoScriptInfo (0ms)
			ResolveRequiredComponents (5ms)
	FinalizeReload (652ms)
		ReleaseScriptCaches (0ms)
		RebuildScriptCaches (0ms)
		SetupLoadedEditorAssemblies (439ms)
			LogAssemblyErrors (0ms)
			InitializePlatformSupportModulesInManaged (3ms)
			SetLoadedEditorAssemblies (4ms)
			RefreshPlugins (0ms)
			BeforeProcessingInitializeOnLoad (65ms)
			ProcessInitializeOnLoadAttributes (345ms)
			ProcessInitializeOnLoadMethodAttributes (19ms)
			AfterProcessingInitializeOnLoad (3ms)
			EditorAssembliesLoaded (0ms)
		ExecutionOrderSort2 (0ms)
		AwakeInstancesAfterBackupRestoration (4ms)
Refreshing native plugins compatible for Editor in 1.73 ms, found 4 plugins.
Preloading 0 native plugins for Editor in 0.00 ms.
Unloading 4399 Unused Serialized files (Serialized files now loaded: 0)
Unloading 40 unused Assets / (97.6 KB). Loaded Objects now: 4902.
Memory consumption went from 168.7 MB to 168.6 MB.
Total: 2.074800 ms (FindLiveObjects: 0.159800 ms CreateObjectMapping: 0.053000 ms MarkObjects: 1.768400 ms  DeleteObjects: 0.093000 ms)

Prepare: number of updated asset objects reloaded= 0
AssetImportParameters requested are different than current active one (requested -> active):
  custom:container-demuxer-ogg: 62fdf1f143b41e24485cea50d1cbac27 -> 
  custom:video-codec-MediaFoundation-h265: 746d11721c4dcdbdad8f713fa42b33f4 -> 
  custom:video-decoder-ogg-theora: a1e56fd34408186e4bbccfd4996cb3dc -> 
  custom:framework-win-MediaFoundation: 216162199b28c13a410421893ffa2e32 -> 
  custom:CustomObjectIndexerAttribute: 6d391050e5a25f67b0a2c618074f2cd9 -> 
  custom:container-demuxer-webm: 4f35f7cbe854078d1ac9338744f61a02 -> 
  custom:container-muxer-webm: aa71ff27fc2769a1b78a27578f13a17b -> 
  custom:video-decoder-webm-vp8: 9c59270c3fd7afecdb556c50c9e8de78 -> 
  custom:SearchIndexIgnoredProperties: e643bd26f0fe6173181afceb89e7c659 -> 
  custom:AudioImporter_EditorPlatform: d09bf68614088b80899f8185d706f6e7 -> 
  custom:video-encoder-webm-vp8: eb34c28f22e8b96e1ab97ce403110664 -> 
  custom:audio-decoder-ogg-vorbis: bf7c407c2cedff20999df2af8eb42d56 -> 
  custom:audio-encoder-webm-vorbis: bf7c407c2cedff20999df2af8eb42d56 -> 
========================================================================
Received Import Request.
  Time since last request: 47.959586 seconds.
  path: Assets/Prefabs/Player/Player.prefab
  artifactKey: Guid(09ab07a202a93a04d90143a9b44dfe43) Importer(815301076,1909f56bfc062723c751e8b465ee728b)
Start importing Assets/Prefabs/Player/Player.prefab using Guid(09ab07a202a93a04d90143a9b44dfe43) Importer(815301076,1909f56bfc062723c751e8b465ee728b)  -> (artifact id: '1c356b17e798fa3c2ed861c60e8a45ed') in 0.103047 seconds
Number of updated asset objects reloaded before import = 0
Number of asset objects unloaded after import = 58
========================================================================
Received Import Request.
  Time since last request: 18.206884 seconds.
  path: Assets/Prefabs/Player/Player.prefab
  artifactKey: Guid(09ab07a202a93a04d90143a9b44dfe43) Importer(815301076,1909f56bfc062723c751e8b465ee728b)
Start importing Assets/Prefabs/Player/Player.prefab using Guid(09ab07a202a93a04d90143a9b44dfe43) Importer(815301076,1909f56bfc062723c751e8b465ee728b)  -> (artifact id: '79e40b1df3042859c291826c94044a68') in 0.018354 seconds
Number of updated asset objects reloaded before import = 0
Number of asset objects unloaded after import = 58
========================================================================
Received Import Request.
  Time since last request: 115.643886 seconds.
  path: Assets/Prefabs/Player/Player.prefab
  artifactKey: Guid(09ab07a202a93a04d90143a9b44dfe43) Importer(815301076,1909f56bfc062723c751e8b465ee728b)
Start importing Assets/Prefabs/Player/Player.prefab using Guid(09ab07a202a93a04d90143a9b44dfe43) Importer(815301076,1909f56bfc062723c751e8b465ee728b)  -> (artifact id: '0a2f68567f6224a541a77530e73d34d4') in 0.018337 seconds
Number of updated asset objects reloaded before import = 0
Number of asset objects unloaded after import = 58
========================================================================
Received Prepare
Begin MonoManager ReloadAssembly
Symbol file LoadedFromMemory is not a mono symbol file
- Loaded All Assemblies, in  0.276 seconds
Refreshing native plugins compatible for Editor in 1.94 ms, found 4 plugins.
Native extension for WindowsStandalone target not found
Mono: successfully reloaded assembly
- Finished resetting the current domain, in  0.633 seconds
Domain Reload Profiling: 908ms
	BeginReloadAssembly (89ms)
		ExecutionOrderSort (0ms)
		DisableScriptedObjects (2ms)
		BackupInstance (0ms)
		ReleaseScriptingObjects (0ms)
		CreateAndSetChildDomain (21ms)
	RebuildCommonClasses (17ms)
	RebuildNativeTypeToScriptingClass (7ms)
	initialDomainReloadingComplete (16ms)
	LoadAllAssembliesAndSetupDomain (146ms)
		LoadAssemblies (170ms)
		RebuildTransferFunctionScriptingTraits (0ms)
		AnalyzeDomain (20ms)
			TypeCache.Refresh (6ms)
				TypeCache.ScanAssembly (1ms)
			ScanForSourceGeneratedMonoScriptInfo (6ms)
			ResolveRequiredComponents (5ms)
	FinalizeReload (633ms)
		ReleaseScriptCaches (0ms)
		RebuildScriptCaches (0ms)
		SetupLoadedEditorAssemblies (419ms)
			LogAssemblyErrors (0ms)
			InitializePlatformSupportModulesInManaged (4ms)
			SetLoadedEditorAssemblies (4ms)
			RefreshPlugins (0ms)
			BeforeProcessingInitializeOnLoad (67ms)
			ProcessInitializeOnLoadAttributes (322ms)
			ProcessInitializeOnLoadMethodAttributes (19ms)
			AfterProcessingInitializeOnLoad (3ms)
			EditorAssembliesLoaded (0ms)
		ExecutionOrderSort2 (0ms)
		AwakeInstancesAfterBackupRestoration (4ms)
Refreshing native plugins compatible for Editor in 1.71 ms, found 4 plugins.
Preloading 0 native plugins for Editor in 0.00 ms.
Unloading 4399 Unused Serialized files (Serialized files now loaded: 0)
Unloading 40 unused Assets / (97.5 KB). Loaded Objects now: 4906.
Memory consumption went from 170.6 MB to 170.5 MB.
Total: 2.103600 ms (FindLiveObjects: 0.141200 ms CreateObjectMapping: 0.052100 ms MarkObjects: 1.807800 ms  DeleteObjects: 0.101700 ms)

Prepare: number of updated asset objects reloaded= 0
AssetImportParameters requested are different than current active one (requested -> active):
  custom:container-demuxer-ogg: 62fdf1f143b41e24485cea50d1cbac27 -> 
  custom:video-codec-MediaFoundation-h265: 746d11721c4dcdbdad8f713fa42b33f4 -> 
  custom:video-decoder-ogg-theora: a1e56fd34408186e4bbccfd4996cb3dc -> 
  custom:framework-win-MediaFoundation: 216162199b28c13a410421893ffa2e32 -> 
  custom:CustomObjectIndexerAttribute: 6d391050e5a25f67b0a2c618074f2cd9 -> 
  custom:container-demuxer-webm: 4f35f7cbe854078d1ac9338744f61a02 -> 
  custom:container-muxer-webm: aa71ff27fc2769a1b78a27578f13a17b -> 
  custom:video-decoder-webm-vp8: 9c59270c3fd7afecdb556c50c9e8de78 -> 
  custom:SearchIndexIgnoredProperties: e643bd26f0fe6173181afceb89e7c659 -> 
  custom:AudioImporter_EditorPlatform: d09bf68614088b80899f8185d706f6e7 -> 
  custom:video-encoder-webm-vp8: eb34c28f22e8b96e1ab97ce403110664 -> 
  custom:audio-decoder-ogg-vorbis: bf7c407c2cedff20999df2af8eb42d56 -> 
  custom:audio-encoder-webm-vorbis: bf7c407c2cedff20999df2af8eb42d56 -> 
========================================================================
Received Prepare
Begin MonoManager ReloadAssembly
Symbol file LoadedFromMemory is not a mono symbol file
- Loaded All Assemblies, in  0.260 seconds
Refreshing native plugins compatible for Editor in 1.76 ms, found 4 plugins.
Native extension for WindowsStandalone target not found
Mono: successfully reloaded assembly
- Finished resetting the current domain, in  0.639 seconds
Domain Reload Profiling: 898ms
	BeginReloadAssembly (88ms)
		ExecutionOrderSort (0ms)
		DisableScriptedObjects (3ms)
		BackupInstance (0ms)
		ReleaseScriptingObjects (0ms)
		CreateAndSetChildDomain (22ms)
	RebuildCommonClasses (17ms)
	RebuildNativeTypeToScriptingClass (6ms)
	initialDomainReloadingComplete (15ms)
	LoadAllAssembliesAndSetupDomain (134ms)
		LoadAssemblies (164ms)
		RebuildTransferFunctionScriptingTraits (0ms)
		AnalyzeDomain (11ms)
			TypeCache.Refresh (4ms)
				TypeCache.ScanAssembly (0ms)
			ScanForSourceGeneratedMonoScriptInfo (0ms)
			ResolveRequiredComponents (5ms)
	FinalizeReload (639ms)
		ReleaseScriptCaches (0ms)
		RebuildScriptCaches (0ms)
		SetupLoadedEditorAssemblies (433ms)
			LogAssemblyErrors (0ms)
			InitializePlatformSupportModulesInManaged (3ms)
			SetLoadedEditorAssemblies (3ms)
			RefreshPlugins (0ms)
			BeforeProcessingInitializeOnLoad (64ms)
			ProcessInitializeOnLoadAttributes (338ms)
			ProcessInitializeOnLoadMethodAttributes (21ms)
			AfterProcessingInitializeOnLoad (3ms)
			EditorAssembliesLoaded (0ms)
		ExecutionOrderSort2 (0ms)
		AwakeInstancesAfterBackupRestoration (4ms)
Refreshing native plugins compatible for Editor in 2.02 ms, found 4 plugins.
Preloading 0 native plugins for Editor in 0.00 ms.
Unloading 4399 Unused Serialized files (Serialized files now loaded: 0)
Unloading 38 unused Assets / (97.9 KB). Loaded Objects now: 4910.
Memory consumption went from 172.5 MB to 172.5 MB.
Total: 2.078300 ms (FindLiveObjects: 0.141200 ms CreateObjectMapping: 0.050800 ms MarkObjects: 1.806100 ms  DeleteObjects: 0.079500 ms)

Prepare: number of updated asset objects reloaded= 0
AssetImportParameters requested are different than current active one (requested -> active):
  custom:container-demuxer-ogg: 62fdf1f143b41e24485cea50d1cbac27 -> 
  custom:video-codec-MediaFoundation-h265: 746d11721c4dcdbdad8f713fa42b33f4 -> 
  custom:video-decoder-ogg-theora: a1e56fd34408186e4bbccfd4996cb3dc -> 
  custom:framework-win-MediaFoundation: 216162199b28c13a410421893ffa2e32 -> 
  custom:CustomObjectIndexerAttribute: 6d391050e5a25f67b0a2c618074f2cd9 -> 
  custom:container-demuxer-webm: 4f35f7cbe854078d1ac9338744f61a02 -> 
  custom:container-muxer-webm: aa71ff27fc2769a1b78a27578f13a17b -> 
  custom:video-decoder-webm-vp8: 9c59270c3fd7afecdb556c50c9e8de78 -> 
  custom:SearchIndexIgnoredProperties: e643bd26f0fe6173181afceb89e7c659 -> 
  custom:AudioImporter_EditorPlatform: d09bf68614088b80899f8185d706f6e7 -> 
  custom:video-encoder-webm-vp8: eb34c28f22e8b96e1ab97ce403110664 -> 
  custom:audio-decoder-ogg-vorbis: bf7c407c2cedff20999df2af8eb42d56 -> 
  custom:audio-encoder-webm-vorbis: bf7c407c2cedff20999df2af8eb42d56 -> 
========================================================================
Received Prepare
Begin MonoManager ReloadAssembly
Symbol file LoadedFromMemory is not a mono symbol file
- Loaded All Assemblies, in  0.267 seconds
Refreshing native plugins compatible for Editor in 1.88 ms, found 4 plugins.
Native extension for WindowsStandalone target not found
Mono: successfully reloaded assembly
- Finished resetting the current domain, in  0.662 seconds
Domain Reload Profiling: 929ms
	BeginReloadAssembly (89ms)
		ExecutionOrderSort (0ms)
		DisableScriptedObjects (3ms)
		BackupInstance (0ms)
		ReleaseScriptingObjects (0ms)
		CreateAndSetChildDomain (21ms)
	RebuildCommonClasses (17ms)
	RebuildNativeTypeToScriptingClass (6ms)
	initialDomainReloadingComplete (15ms)
	LoadAllAssembliesAndSetupDomain (140ms)
		LoadAssemblies (171ms)
		RebuildTransferFunctionScriptingTraits (0ms)
		AnalyzeDomain (12ms)
			TypeCache.Refresh (4ms)
				TypeCache.ScanAssembly (0ms)
			ScanForSourceGeneratedMonoScriptInfo (0ms)
			ResolveRequiredComponents (5ms)
	FinalizeReload (662ms)
		ReleaseScriptCaches (0ms)
		RebuildScriptCaches (0ms)
		SetupLoadedEditorAssemblies (451ms)
			LogAssemblyErrors (0ms)
			InitializePlatformSupportModulesInManaged (3ms)
			SetLoadedEditorAssemblies (4ms)
			RefreshPlugins (0ms)
			BeforeProcessingInitializeOnLoad (65ms)
			ProcessInitializeOnLoadAttributes (356ms)
			ProcessInitializeOnLoadMethodAttributes (21ms)
			AfterProcessingInitializeOnLoad (3ms)
			EditorAssembliesLoaded (0ms)
		ExecutionOrderSort2 (0ms)
		AwakeInstancesAfterBackupRestoration (4ms)
Refreshing native plugins compatible for Editor in 1.71 ms, found 4 plugins.
Preloading 0 native plugins for Editor in 0.00 ms.
Unloading 4399 Unused Serialized files (Serialized files now loaded: 0)
Unloading 38 unused Assets / (96.7 KB). Loaded Objects now: 4914.
Memory consumption went from 174.5 MB to 174.4 MB.
Total: 2.107700 ms (FindLiveObjects: 0.165800 ms CreateObjectMapping: 0.053300 ms MarkObjects: 1.809200 ms  DeleteObjects: 0.078800 ms)

Prepare: number of updated asset objects reloaded= 0
AssetImportParameters requested are different than current active one (requested -> active):
  custom:container-demuxer-ogg: 62fdf1f143b41e24485cea50d1cbac27 -> 
  custom:video-codec-MediaFoundation-h265: 746d11721c4dcdbdad8f713fa42b33f4 -> 
  custom:video-decoder-ogg-theora: a1e56fd34408186e4bbccfd4996cb3dc -> 
  custom:framework-win-MediaFoundation: 216162199b28c13a410421893ffa2e32 -> 
  custom:CustomObjectIndexerAttribute: 6d391050e5a25f67b0a2c618074f2cd9 -> 
  custom:container-demuxer-webm: 4f35f7cbe854078d1ac9338744f61a02 -> 
  custom:container-muxer-webm: aa71ff27fc2769a1b78a27578f13a17b -> 
  custom:video-decoder-webm-vp8: 9c59270c3fd7afecdb556c50c9e8de78 -> 
  custom:SearchIndexIgnoredProperties: e643bd26f0fe6173181afceb89e7c659 -> 
  custom:AudioImporter_EditorPlatform: d09bf68614088b80899f8185d706f6e7 -> 
  custom:video-encoder-webm-vp8: eb34c28f22e8b96e1ab97ce403110664 -> 
  custom:audio-decoder-ogg-vorbis: bf7c407c2cedff20999df2af8eb42d56 -> 
  custom:audio-encoder-webm-vorbis: bf7c407c2cedff20999df2af8eb42d56 -> 
========================================================================
Received Import Request.
  Time since last request: 193.939956 seconds.
  path: Assets/Prefabs/Player/Player.prefab
  artifactKey: Guid(09ab07a202a93a04d90143a9b44dfe43) Importer(815301076,1909f56bfc062723c751e8b465ee728b)
Start importing Assets/Prefabs/Player/Player.prefab using Guid(09ab07a202a93a04d90143a9b44dfe43) Importer(815301076,1909f56bfc062723c751e8b465ee728b)  -> (artifact id: '2176e84df3d9de4f4429c134f1af6a8f') in 0.091552 seconds
Number of updated asset objects reloaded before import = 0
Number of asset objects unloaded after import = 58
========================================================================
Received Prepare
Begin MonoManager ReloadAssembly
Symbol file LoadedFromMemory is not a mono symbol file
- Loaded All Assemblies, in  0.276 seconds
Refreshing native plugins compatible for Editor in 2.06 ms, found 4 plugins.
Native extension for WindowsStandalone target not found
Mono: successfully reloaded assembly
- Finished resetting the current domain, in  0.664 seconds
Domain Reload Profiling: 940ms
	BeginReloadAssembly (89ms)
		ExecutionOrderSort (0ms)
		DisableScriptedObjects (2ms)
		BackupInstance (0ms)
		ReleaseScriptingObjects (0ms)
		CreateAndSetChildDomain (23ms)
	RebuildCommonClasses (17ms)
	RebuildNativeTypeToScriptingClass (6ms)
	initialDomainReloadingComplete (15ms)
	LoadAllAssembliesAndSetupDomain (149ms)
		LoadAssemblies (169ms)
		RebuildTransferFunctionScriptingTraits (0ms)
		AnalyzeDomain (21ms)
			TypeCache.Refresh (7ms)
				TypeCache.ScanAssembly (1ms)
			ScanForSourceGeneratedMonoScriptInfo (8ms)
			ResolveRequiredComponents (5ms)
	FinalizeReload (665ms)
		ReleaseScriptCaches (0ms)
		RebuildScriptCaches (0ms)
		SetupLoadedEditorAssemblies (425ms)
			LogAssemblyErrors (0ms)
			InitializePlatformSupportModulesInManaged (5ms)
			SetLoadedEditorAssemblies (4ms)
			RefreshPlugins (0ms)
			BeforeProcessingInitializeOnLoad (70ms)
			ProcessInitializeOnLoadAttributes (324ms)
			ProcessInitializeOnLoadMethodAttributes (20ms)
			AfterProcessingInitializeOnLoad (3ms)
			EditorAssembliesLoaded (0ms)
		ExecutionOrderSort2 (0ms)
		AwakeInstancesAfterBackupRestoration (3ms)
Refreshing native plugins compatible for Editor in 1.82 ms, found 4 plugins.
Preloading 0 native plugins for Editor in 0.00 ms.
Unloading 4399 Unused Serialized files (Serialized files now loaded: 0)
Unloading 40 unused Assets / (97.7 KB). Loaded Objects now: 4918.
Memory consumption went from 176.4 MB to 176.3 MB.
Total: 2.124900 ms (FindLiveObjects: 0.145500 ms CreateObjectMapping: 0.049500 ms MarkObjects: 1.823300 ms  DeleteObjects: 0.105600 ms)

Prepare: number of updated asset objects reloaded= 0
AssetImportParameters requested are different than current active one (requested -> active):
  custom:container-demuxer-ogg: 62fdf1f143b41e24485cea50d1cbac27 -> 
  custom:video-codec-MediaFoundation-h265: 746d11721c4dcdbdad8f713fa42b33f4 -> 
  custom:video-decoder-ogg-theora: a1e56fd34408186e4bbccfd4996cb3dc -> 
  custom:framework-win-MediaFoundation: 216162199b28c13a410421893ffa2e32 -> 
  custom:CustomObjectIndexerAttribute: 6d391050e5a25f67b0a2c618074f2cd9 -> 
  custom:container-demuxer-webm: 4f35f7cbe854078d1ac9338744f61a02 -> 
  custom:container-muxer-webm: aa71ff27fc2769a1b78a27578f13a17b -> 
  custom:video-decoder-webm-vp8: 9c59270c3fd7afecdb556c50c9e8de78 -> 
  custom:SearchIndexIgnoredProperties: e643bd26f0fe6173181afceb89e7c659 -> 
  custom:AudioImporter_EditorPlatform: d09bf68614088b80899f8185d706f6e7 -> 
  custom:video-encoder-webm-vp8: eb34c28f22e8b96e1ab97ce403110664 -> 
  custom:audio-decoder-ogg-vorbis: bf7c407c2cedff20999df2af8eb42d56 -> 
  custom:audio-encoder-webm-vorbis: bf7c407c2cedff20999df2af8eb42d56 -> 
========================================================================
Received Prepare
Begin MonoManager ReloadAssembly
Symbol file LoadedFromMemory is not a mono symbol file
- Loaded All Assemblies, in  0.265 seconds
Refreshing native plugins compatible for Editor in 1.72 ms, found 4 plugins.
Native extension for WindowsStandalone target not found
Mono: successfully reloaded assembly
- Finished resetting the current domain, in  0.656 seconds
Domain Reload Profiling: 920ms
	BeginReloadAssembly (87ms)
		ExecutionOrderSort (0ms)
		DisableScriptedObjects (3ms)
		BackupInstance (0ms)
		ReleaseScriptingObjects (0ms)
		CreateAndSetChildDomain (21ms)
	RebuildCommonClasses (18ms)
	RebuildNativeTypeToScriptingClass (6ms)
	initialDomainReloadingComplete (15ms)
	LoadAllAssembliesAndSetupDomain (138ms)
		LoadAssemblies (167ms)
		RebuildTransferFunctionScriptingTraits (0ms)
		AnalyzeDomain (12ms)
			TypeCache.Refresh (4ms)
				TypeCache.ScanAssembly (0ms)
			ScanForSourceGeneratedMonoScriptInfo (0ms)
			ResolveRequiredComponents (6ms)
	FinalizeReload (656ms)
		ReleaseScriptCaches (0ms)
		RebuildScriptCaches (0ms)
		SetupLoadedEditorAssemblies (441ms)
			LogAssemblyErrors (0ms)
			InitializePlatformSupportModulesInManaged (3ms)
			SetLoadedEditorAssemblies (3ms)
			RefreshPlugins (0ms)
			BeforeProcessingInitializeOnLoad (64ms)
			ProcessInitializeOnLoadAttributes (347ms)
			ProcessInitializeOnLoadMethodAttributes (20ms)
			AfterProcessingInitializeOnLoad (3ms)
			EditorAssembliesLoaded (0ms)
		ExecutionOrderSort2 (0ms)
		AwakeInstancesAfterBackupRestoration (4ms)
Refreshing native plugins compatible for Editor in 1.69 ms, found 4 plugins.
Preloading 0 native plugins for Editor in 0.00 ms.
Unloading 4399 Unused Serialized files (Serialized files now loaded: 0)
Unloading 38 unused Assets / (96.9 KB). Loaded Objects now: 4922.
Memory consumption went from 178.3 MB to 178.2 MB.
Total: 2.052200 ms (FindLiveObjects: 0.140100 ms CreateObjectMapping: 0.050100 ms MarkObjects: 1.781000 ms  DeleteObjects: 0.080400 ms)

Prepare: number of updated asset objects reloaded= 0
AssetImportParameters requested are different than current active one (requested -> active):
  custom:container-demuxer-ogg: 62fdf1f143b41e24485cea50d1cbac27 -> 
  custom:video-codec-MediaFoundation-h265: 746d11721c4dcdbdad8f713fa42b33f4 -> 
  custom:video-decoder-ogg-theora: a1e56fd34408186e4bbccfd4996cb3dc -> 
  custom:framework-win-MediaFoundation: 216162199b28c13a410421893ffa2e32 -> 
  custom:CustomObjectIndexerAttribute: 6d391050e5a25f67b0a2c618074f2cd9 -> 
  custom:container-demuxer-webm: 4f35f7cbe854078d1ac9338744f61a02 -> 
  custom:container-muxer-webm: aa71ff27fc2769a1b78a27578f13a17b -> 
  custom:video-decoder-webm-vp8: 9c59270c3fd7afecdb556c50c9e8de78 -> 
  custom:SearchIndexIgnoredProperties: e643bd26f0fe6173181afceb89e7c659 -> 
  custom:AudioImporter_EditorPlatform: d09bf68614088b80899f8185d706f6e7 -> 
  custom:video-encoder-webm-vp8: eb34c28f22e8b96e1ab97ce403110664 -> 
  custom:audio-decoder-ogg-vorbis: bf7c407c2cedff20999df2af8eb42d56 -> 
  custom:audio-encoder-webm-vorbis: bf7c407c2cedff20999df2af8eb42d56 -> 
========================================================================
Received Prepare
Begin MonoManager ReloadAssembly
Symbol file LoadedFromMemory is not a mono symbol file
- Loaded All Assemblies, in  0.282 seconds
Refreshing native plugins compatible for Editor in 1.91 ms, found 4 plugins.
Native extension for WindowsStandalone target not found
Mono: successfully reloaded assembly
- Finished resetting the current domain, in  0.659 seconds
Domain Reload Profiling: 940ms
	BeginReloadAssembly (90ms)
		ExecutionOrderSort (0ms)
		DisableScriptedObjects (3ms)
		BackupInstance (0ms)
		ReleaseScriptingObjects (0ms)
		CreateAndSetChildDomain (21ms)
	RebuildCommonClasses (18ms)
	RebuildNativeTypeToScriptingClass (6ms)
	initialDomainReloadingComplete (15ms)
	LoadAllAssembliesAndSetupDomain (152ms)
		LoadAssemblies (174ms)
		RebuildTransferFunctionScriptingTraits (0ms)
		AnalyzeDomain (22ms)
			TypeCache.Refresh (7ms)
				TypeCache.ScanAssembly (1ms)
			ScanForSourceGeneratedMonoScriptInfo (7ms)
			ResolveRequiredComponents (6ms)
	FinalizeReload (659ms)
		ReleaseScriptCaches (0ms)
		RebuildScriptCaches (0ms)
		SetupLoadedEditorAssemblies (433ms)
			LogAssemblyErrors (0ms)
			InitializePlatformSupportModulesInManaged (4ms)
			SetLoadedEditorAssemblies (3ms)
			RefreshPlugins (0ms)
			BeforeProcessingInitializeOnLoad (68ms)
			ProcessInitializeOnLoadAttributes (331ms)
			ProcessInitializeOnLoadMethodAttributes (23ms)
			AfterProcessingInitializeOnLoad (3ms)
			EditorAssembliesLoaded (0ms)
		ExecutionOrderSort2 (0ms)
		AwakeInstancesAfterBackupRestoration (5ms)
Refreshing native plugins compatible for Editor in 1.79 ms, found 4 plugins.
Preloading 0 native plugins for Editor in 0.00 ms.
Unloading 4399 Unused Serialized files (Serialized files now loaded: 0)
Unloading 38 unused Assets / (97.0 KB). Loaded Objects now: 4926.
Memory consumption went from 180.3 MB to 180.2 MB.
Total: 1.997800 ms (FindLiveObjects: 0.145200 ms CreateObjectMapping: 0.048100 ms MarkObjects: 1.729100 ms  DeleteObjects: 0.074600 ms)

Prepare: number of updated asset objects reloaded= 0
AssetImportParameters requested are different than current active one (requested -> active):
  custom:container-demuxer-ogg: 62fdf1f143b41e24485cea50d1cbac27 -> 
  custom:video-codec-MediaFoundation-h265: 746d11721c4dcdbdad8f713fa42b33f4 -> 
  custom:video-decoder-ogg-theora: a1e56fd34408186e4bbccfd4996cb3dc -> 
  custom:framework-win-MediaFoundation: 216162199b28c13a410421893ffa2e32 -> 
  custom:CustomObjectIndexerAttribute: 6d391050e5a25f67b0a2c618074f2cd9 -> 
  custom:container-demuxer-webm: 4f35f7cbe854078d1ac9338744f61a02 -> 
  custom:container-muxer-webm: aa71ff27fc2769a1b78a27578f13a17b -> 
  custom:video-decoder-webm-vp8: 9c59270c3fd7afecdb556c50c9e8de78 -> 
  custom:SearchIndexIgnoredProperties: e643bd26f0fe6173181afceb89e7c659 -> 
  custom:AudioImporter_EditorPlatform: d09bf68614088b80899f8185d706f6e7 -> 
  custom:video-encoder-webm-vp8: eb34c28f22e8b96e1ab97ce403110664 -> 
  custom:audio-decoder-ogg-vorbis: bf7c407c2cedff20999df2af8eb42d56 -> 
  custom:audio-encoder-webm-vorbis: bf7c407c2cedff20999df2af8eb42d56 -> 
========================================================================
Received Prepare
Begin MonoManager ReloadAssembly
Symbol file LoadedFromMemory is not a mono symbol file
- Loaded All Assemblies, in  0.272 seconds
Refreshing native plugins compatible for Editor in 1.78 ms, found 4 plugins.
Native extension for WindowsStandalone target not found
Mono: successfully reloaded assembly
- Finished resetting the current domain, in  0.658 seconds
Domain Reload Profiling: 929ms
	BeginReloadAssembly (87ms)
		ExecutionOrderSort (0ms)
		DisableScriptedObjects (3ms)
		BackupInstance (0ms)
		ReleaseScriptingObjects (0ms)
		CreateAndSetChildDomain (20ms)
	RebuildCommonClasses (17ms)
	RebuildNativeTypeToScriptingClass (6ms)
	initialDomainReloadingComplete (15ms)
	LoadAllAssembliesAndSetupDomain (147ms)
		LoadAssemblies (176ms)
		RebuildTransferFunctionScriptingTraits (0ms)
		AnalyzeDomain (12ms)
			TypeCache.Refresh (5ms)
				TypeCache.ScanAssembly (0ms)
			ScanForSourceGeneratedMonoScriptInfo (0ms)
			ResolveRequiredComponents (5ms)
	FinalizeReload (658ms)
		ReleaseScriptCaches (0ms)
		RebuildScriptCaches (0ms)
		SetupLoadedEditorAssemblies (444ms)
			LogAssemblyErrors (0ms)
			InitializePlatformSupportModulesInManaged (3ms)
			SetLoadedEditorAssemblies (3ms)
			RefreshPlugins (0ms)
			BeforeProcessingInitializeOnLoad (64ms)
			ProcessInitializeOnLoadAttributes (350ms)
			ProcessInitializeOnLoadMethodAttributes (21ms)
			AfterProcessingInitializeOnLoad (3ms)
			EditorAssembliesLoaded (0ms)
		ExecutionOrderSort2 (0ms)
		AwakeInstancesAfterBackupRestoration (4ms)
Refreshing native plugins compatible for Editor in 1.85 ms, found 4 plugins.
Preloading 0 native plugins for Editor in 0.00 ms.
Unloading 4399 Unused Serialized files (Serialized files now loaded: 0)
Unloading 38 unused Assets / (97.9 KB). Loaded Objects now: 4930.
Memory consumption went from 182.2 MB to 182.1 MB.
Total: 2.155900 ms (FindLiveObjects: 0.145900 ms CreateObjectMapping: 0.044900 ms MarkObjects: 1.880800 ms  DeleteObjects: 0.083500 ms)

Prepare: number of updated asset objects reloaded= 0
AssetImportParameters requested are different than current active one (requested -> active):
  custom:container-demuxer-ogg: 62fdf1f143b41e24485cea50d1cbac27 -> 
  custom:video-codec-MediaFoundation-h265: 746d11721c4dcdbdad8f713fa42b33f4 -> 
  custom:video-decoder-ogg-theora: a1e56fd34408186e4bbccfd4996cb3dc -> 
  custom:framework-win-MediaFoundation: 216162199b28c13a410421893ffa2e32 -> 
  custom:CustomObjectIndexerAttribute: 6d391050e5a25f67b0a2c618074f2cd9 -> 
  custom:container-demuxer-webm: 4f35f7cbe854078d1ac9338744f61a02 -> 
  custom:container-muxer-webm: aa71ff27fc2769a1b78a27578f13a17b -> 
  custom:video-decoder-webm-vp8: 9c59270c3fd7afecdb556c50c9e8de78 -> 
  custom:SearchIndexIgnoredProperties: e643bd26f0fe6173181afceb89e7c659 -> 
  custom:AudioImporter_EditorPlatform: d09bf68614088b80899f8185d706f6e7 -> 
  custom:video-encoder-webm-vp8: eb34c28f22e8b96e1ab97ce403110664 -> 
  custom:audio-decoder-ogg-vorbis: bf7c407c2cedff20999df2af8eb42d56 -> 
  custom:audio-encoder-webm-vorbis: bf7c407c2cedff20999df2af8eb42d56 -> 
========================================================================
Received Import Request.
  Time since last request: 76.424853 seconds.
  path: Assets/Prefabs/Player/Player.prefab
  artifactKey: Guid(09ab07a202a93a04d90143a9b44dfe43) Importer(815301076,1909f56bfc062723c751e8b465ee728b)
Start importing Assets/Prefabs/Player/Player.prefab using Guid(09ab07a202a93a04d90143a9b44dfe43) Importer(815301076,1909f56bfc062723c751e8b465ee728b)  -> (artifact id: '06aa88c65521b86dcc09cb94f25e54e8') in 0.065060 seconds
Number of updated asset objects reloaded before import = 0
Number of asset objects unloaded after import = 58
========================================================================
Received Import Request.
  Time since last request: 418.132685 seconds.
  path: Assets/Prefabs/Player/Player.prefab
  artifactKey: Guid(09ab07a202a93a04d90143a9b44dfe43) Importer(815301076,1909f56bfc062723c751e8b465ee728b)
Start importing Assets/Prefabs/Player/Player.prefab using Guid(09ab07a202a93a04d90143a9b44dfe43) Importer(815301076,1909f56bfc062723c751e8b465ee728b)  -> (artifact id: '708d905f7694bcf41ab80036073994e2') in 0.021902 seconds
Number of updated asset objects reloaded before import = 0
Number of asset objects unloaded after import = 58
========================================================================
Received Prepare
Begin MonoManager ReloadAssembly
Symbol file LoadedFromMemory is not a mono symbol file
- Loaded All Assemblies, in  0.272 seconds
Refreshing native plugins compatible for Editor in 1.81 ms, found 4 plugins.
Native extension for WindowsStandalone target not found
Mono: successfully reloaded assembly
- Finished resetting the current domain, in  0.662 seconds
Domain Reload Profiling: 934ms
	BeginReloadAssembly (92ms)
		ExecutionOrderSort (0ms)
		DisableScriptedObjects (3ms)
		BackupInstance (0ms)
		ReleaseScriptingObjects (0ms)
		CreateAndSetChildDomain (23ms)
	RebuildCommonClasses (17ms)
	RebuildNativeTypeToScriptingClass (6ms)
	initialDomainReloadingComplete (16ms)
	LoadAllAssembliesAndSetupDomain (140ms)
		LoadAssemblies (174ms)
		RebuildTransferFunctionScriptingTraits (0ms)
		AnalyzeDomain (11ms)
			TypeCache.Refresh (4ms)
				TypeCache.ScanAssembly (0ms)
			ScanForSourceGeneratedMonoScriptInfo (0ms)
			ResolveRequiredComponents (5ms)
	FinalizeReload (663ms)
		ReleaseScriptCaches (0ms)
		RebuildScriptCaches (0ms)
		SetupLoadedEditorAssemblies (452ms)
			LogAssemblyErrors (0ms)
			InitializePlatformSupportModulesInManaged (4ms)
			SetLoadedEditorAssemblies (4ms)
			RefreshPlugins (0ms)
			BeforeProcessingInitializeOnLoad (67ms)
			ProcessInitializeOnLoadAttributes (355ms)
			ProcessInitializeOnLoadMethodAttributes (19ms)
			AfterProcessingInitializeOnLoad (3ms)
			EditorAssembliesLoaded (0ms)
		ExecutionOrderSort2 (0ms)
		AwakeInstancesAfterBackupRestoration (4ms)
Refreshing native plugins compatible for Editor in 1.87 ms, found 4 plugins.
Preloading 0 native plugins for Editor in 0.00 ms.
Unloading 4399 Unused Serialized files (Serialized files now loaded: 0)
Unloading 40 unused Assets / (97.7 KB). Loaded Objects now: 4934.
Memory consumption went from 184.2 MB to 184.1 MB.
Total: 2.107000 ms (FindLiveObjects: 0.155700 ms CreateObjectMapping: 0.051100 ms MarkObjects: 1.797900 ms  DeleteObjects: 0.101800 ms)

Prepare: number of updated asset objects reloaded= 0
AssetImportParameters requested are different than current active one (requested -> active):
  custom:container-demuxer-ogg: 62fdf1f143b41e24485cea50d1cbac27 -> 
  custom:video-codec-MediaFoundation-h265: 746d11721c4dcdbdad8f713fa42b33f4 -> 
  custom:video-decoder-ogg-theora: a1e56fd34408186e4bbccfd4996cb3dc -> 
  custom:framework-win-MediaFoundation: 216162199b28c13a410421893ffa2e32 -> 
  custom:CustomObjectIndexerAttribute: 6d391050e5a25f67b0a2c618074f2cd9 -> 
  custom:container-demuxer-webm: 4f35f7cbe854078d1ac9338744f61a02 -> 
  custom:container-muxer-webm: aa71ff27fc2769a1b78a27578f13a17b -> 
  custom:video-decoder-webm-vp8: 9c59270c3fd7afecdb556c50c9e8de78 -> 
  custom:SearchIndexIgnoredProperties: e643bd26f0fe6173181afceb89e7c659 -> 
  custom:AudioImporter_EditorPlatform: d09bf68614088b80899f8185d706f6e7 -> 
  custom:video-encoder-webm-vp8: eb34c28f22e8b96e1ab97ce403110664 -> 
  custom:audio-decoder-ogg-vorbis: bf7c407c2cedff20999df2af8eb42d56 -> 
  custom:audio-encoder-webm-vorbis: bf7c407c2cedff20999df2af8eb42d56 -> 
========================================================================
Received Import Request.
  Time since last request: 47.619711 seconds.
  path: Assets/Prefabs/Player/Player.prefab
  artifactKey: Guid(09ab07a202a93a04d90143a9b44dfe43) Importer(815301076,1909f56bfc062723c751e8b465ee728b)
Start importing Assets/Prefabs/Player/Player.prefab using Guid(09ab07a202a93a04d90143a9b44dfe43) Importer(815301076,1909f56bfc062723c751e8b465ee728b)  -> (artifact id: 'bb3fb676a7aa06fbd6d41b4ab2b21513') in 0.066203 seconds
Number of updated asset objects reloaded before import = 0
Number of asset objects unloaded after import = 58
========================================================================
Received Prepare
Begin MonoManager ReloadAssembly
Symbol file LoadedFromMemory is not a mono symbol file
- Loaded All Assemblies, in  0.262 seconds
Refreshing native plugins compatible for Editor in 1.74 ms, found 4 plugins.
Native extension for WindowsStandalone target not found
Mono: successfully reloaded assembly
- Finished resetting the current domain, in  0.659 seconds
Domain Reload Profiling: 921ms
	BeginReloadAssembly (87ms)
		ExecutionOrderSort (0ms)
		DisableScriptedObjects (3ms)
		BackupInstance (0ms)
		ReleaseScriptingObjects (0ms)
		CreateAndSetChildDomain (21ms)
	RebuildCommonClasses (19ms)
	RebuildNativeTypeToScriptingClass (6ms)
	initialDomainReloadingComplete (15ms)
	LoadAllAssembliesAndSetupDomain (134ms)
		LoadAssemblies (166ms)
		RebuildTransferFunctionScriptingTraits (0ms)
		AnalyzeDomain (11ms)
			TypeCache.Refresh (4ms)
				TypeCache.ScanAssembly (0ms)
			ScanForSourceGeneratedMonoScriptInfo (0ms)
			ResolveRequiredComponents (5ms)
	FinalizeReload (660ms)
		ReleaseScriptCaches (0ms)
		RebuildScriptCaches (0ms)
		SetupLoadedEditorAssemblies (451ms)
			LogAssemblyErrors (0ms)
			InitializePlatformSupportModulesInManaged (3ms)
			SetLoadedEditorAssemblies (4ms)
			RefreshPlugins (0ms)
			BeforeProcessingInitializeOnLoad (68ms)
			ProcessInitializeOnLoadAttributes (352ms)
			ProcessInitializeOnLoadMethodAttributes (21ms)
			AfterProcessingInitializeOnLoad (3ms)
			EditorAssembliesLoaded (0ms)
		ExecutionOrderSort2 (0ms)
		AwakeInstancesAfterBackupRestoration (4ms)
Refreshing native plugins compatible for Editor in 2.07 ms, found 4 plugins.
Preloading 0 native plugins for Editor in 0.00 ms.
Unloading 4399 Unused Serialized files (Serialized files now loaded: 0)
Unloading 40 unused Assets / (97.8 KB). Loaded Objects now: 4938.
Memory consumption went from 186.1 MB to 186.0 MB.
Total: 2.030400 ms (FindLiveObjects: 0.149100 ms CreateObjectMapping: 0.048700 ms MarkObjects: 1.733300 ms  DeleteObjects: 0.098300 ms)

Prepare: number of updated asset objects reloaded= 0
AssetImportParameters requested are different than current active one (requested -> active):
  custom:container-demuxer-ogg: 62fdf1f143b41e24485cea50d1cbac27 -> 
  custom:video-codec-MediaFoundation-h265: 746d11721c4dcdbdad8f713fa42b33f4 -> 
  custom:video-decoder-ogg-theora: a1e56fd34408186e4bbccfd4996cb3dc -> 
  custom:framework-win-MediaFoundation: 216162199b28c13a410421893ffa2e32 -> 
  custom:CustomObjectIndexerAttribute: 6d391050e5a25f67b0a2c618074f2cd9 -> 
  custom:container-demuxer-webm: 4f35f7cbe854078d1ac9338744f61a02 -> 
  custom:container-muxer-webm: aa71ff27fc2769a1b78a27578f13a17b -> 
  custom:video-decoder-webm-vp8: 9c59270c3fd7afecdb556c50c9e8de78 -> 
  custom:SearchIndexIgnoredProperties: e643bd26f0fe6173181afceb89e7c659 -> 
  custom:AudioImporter_EditorPlatform: d09bf68614088b80899f8185d706f6e7 -> 
  custom:video-encoder-webm-vp8: eb34c28f22e8b96e1ab97ce403110664 -> 
  custom:audio-decoder-ogg-vorbis: bf7c407c2cedff20999df2af8eb42d56 -> 
  custom:audio-encoder-webm-vorbis: bf7c407c2cedff20999df2af8eb42d56 -> 
========================================================================
Received Import Request.
  Time since last request: 11.609348 seconds.
  path: Assets/Prefabs/Player/Player.prefab
  artifactKey: Guid(09ab07a202a93a04d90143a9b44dfe43) Importer(815301076,1909f56bfc062723c751e8b465ee728b)
Start importing Assets/Prefabs/Player/Player.prefab using Guid(09ab07a202a93a04d90143a9b44dfe43) Importer(815301076,1909f56bfc062723c751e8b465ee728b)  -> (artifact id: 'bbd7ca2fa76b1d14d2e09aeccdd6e483') in 0.065955 seconds
Number of updated asset objects reloaded before import = 0
Number of asset objects unloaded after import = 58
========================================================================
Received Prepare
Begin MonoManager ReloadAssembly
Symbol file LoadedFromMemory is not a mono symbol file
- Loaded All Assemblies, in  0.265 seconds
Refreshing native plugins compatible for Editor in 2.35 ms, found 4 plugins.
Native extension for WindowsStandalone target not found
Mono: successfully reloaded assembly
- Finished resetting the current domain, in  0.605 seconds
Domain Reload Profiling: 870ms
	BeginReloadAssembly (85ms)
		ExecutionOrderSort (0ms)
		DisableScriptedObjects (3ms)
		BackupInstance (0ms)
		ReleaseScriptingObjects (0ms)
		CreateAndSetChildDomain (20ms)
	RebuildCommonClasses (17ms)
	RebuildNativeTypeToScriptingClass (6ms)
	initialDomainReloadingComplete (16ms)
	LoadAllAssembliesAndSetupDomain (141ms)
		LoadAssemblies (162ms)
		RebuildTransferFunctionScriptingTraits (0ms)
		AnalyzeDomain (19ms)
			TypeCache.Refresh (6ms)
				TypeCache.ScanAssembly (1ms)
			ScanForSourceGeneratedMonoScriptInfo (6ms)
			ResolveRequiredComponents (5ms)
	FinalizeReload (605ms)
		ReleaseScriptCaches (0ms)
		RebuildScriptCaches (0ms)
		SetupLoadedEditorAssemblies (408ms)
			LogAssemblyErrors (0ms)
			InitializePlatformSupportModulesInManaged (4ms)
			SetLoadedEditorAssemblies (3ms)
			RefreshPlugins (0ms)
			BeforeProcessingInitializeOnLoad (62ms)
			ProcessInitializeOnLoadAttributes (317ms)
			ProcessInitializeOnLoadMethodAttributes (19ms)
			AfterProcessingInitializeOnLoad (3ms)
			EditorAssembliesLoaded (0ms)
		ExecutionOrderSort2 (0ms)
		AwakeInstancesAfterBackupRestoration (4ms)
Refreshing native plugins compatible for Editor in 1.68 ms, found 4 plugins.
Preloading 0 native plugins for Editor in 0.00 ms.
Unloading 4399 Unused Serialized files (Serialized files now loaded: 0)
Unloading 40 unused Assets / (98.7 KB). Loaded Objects now: 4942.
Memory consumption went from 188.1 MB to 188.0 MB.
Total: 2.049800 ms (FindLiveObjects: 0.146500 ms CreateObjectMapping: 0.051400 ms MarkObjects: 1.753000 ms  DeleteObjects: 0.098300 ms)

Prepare: number of updated asset objects reloaded= 0
AssetImportParameters requested are different than current active one (requested -> active):
  custom:container-demuxer-ogg: 62fdf1f143b41e24485cea50d1cbac27 -> 
  custom:video-codec-MediaFoundation-h265: 746d11721c4dcdbdad8f713fa42b33f4 -> 
  custom:video-decoder-ogg-theora: a1e56fd34408186e4bbccfd4996cb3dc -> 
  custom:framework-win-MediaFoundation: 216162199b28c13a410421893ffa2e32 -> 
  custom:CustomObjectIndexerAttribute: 6d391050e5a25f67b0a2c618074f2cd9 -> 
  custom:container-demuxer-webm: 4f35f7cbe854078d1ac9338744f61a02 -> 
  custom:container-muxer-webm: aa71ff27fc2769a1b78a27578f13a17b -> 
  custom:video-decoder-webm-vp8: 9c59270c3fd7afecdb556c50c9e8de78 -> 
  custom:SearchIndexIgnoredProperties: e643bd26f0fe6173181afceb89e7c659 -> 
  custom:AudioImporter_EditorPlatform: d09bf68614088b80899f8185d706f6e7 -> 
  custom:video-encoder-webm-vp8: eb34c28f22e8b96e1ab97ce403110664 -> 
  custom:audio-decoder-ogg-vorbis: bf7c407c2cedff20999df2af8eb42d56 -> 
  custom:audio-encoder-webm-vorbis: bf7c407c2cedff20999df2af8eb42d56 -> 
========================================================================
Received Prepare
Begin MonoManager ReloadAssembly
Symbol file LoadedFromMemory is not a mono symbol file
- Loaded All Assemblies, in  0.264 seconds
Refreshing native plugins compatible for Editor in 1.68 ms, found 4 plugins.
Native extension for WindowsStandalone target not found
Mono: successfully reloaded assembly
- Finished resetting the current domain, in  0.648 seconds
Domain Reload Profiling: 911ms
	BeginReloadAssembly (86ms)
		ExecutionOrderSort (0ms)
		DisableScriptedObjects (3ms)
		BackupInstance (0ms)
		ReleaseScriptingObjects (0ms)
		CreateAndSetChildDomain (19ms)
	RebuildCommonClasses (17ms)
	RebuildNativeTypeToScriptingClass (5ms)
	initialDomainReloadingComplete (15ms)
	LoadAllAssembliesAndSetupDomain (139ms)
		LoadAssemblies (169ms)
		RebuildTransferFunctionScriptingTraits (0ms)
		AnalyzeDomain (12ms)
			TypeCache.Refresh (4ms)
				TypeCache.ScanAssembly (0ms)
			ScanForSourceGeneratedMonoScriptInfo (0ms)
			ResolveRequiredComponents (5ms)
	FinalizeReload (648ms)
		ReleaseScriptCaches (0ms)
		RebuildScriptCaches (0ms)
		SetupLoadedEditorAssemblies (441ms)
			LogAssemblyErrors (0ms)
			InitializePlatformSupportModulesInManaged (3ms)
			SetLoadedEditorAssemblies (4ms)
			RefreshPlugins (0ms)
			BeforeProcessingInitializeOnLoad (64ms)
			ProcessInitializeOnLoadAttributes (348ms)
			ProcessInitializeOnLoadMethodAttributes (19ms)
			AfterProcessingInitializeOnLoad (3ms)
			EditorAssembliesLoaded (0ms)
		ExecutionOrderSort2 (0ms)
		AwakeInstancesAfterBackupRestoration (4ms)
Refreshing native plugins compatible for Editor in 1.98 ms, found 4 plugins.
Preloading 0 native plugins for Editor in 0.00 ms.
Unloading 4399 Unused Serialized files (Serialized files now loaded: 0)
Unloading 38 unused Assets / (96.8 KB). Loaded Objects now: 4946.
Memory consumption went from 190.0 MB to 189.9 MB.
Total: 2.088600 ms (FindLiveObjects: 0.144100 ms CreateObjectMapping: 0.052700 ms MarkObjects: 1.813800 ms  DeleteObjects: 0.077500 ms)

Prepare: number of updated asset objects reloaded= 0
AssetImportParameters requested are different than current active one (requested -> active):
  custom:container-demuxer-ogg: 62fdf1f143b41e24485cea50d1cbac27 -> 
  custom:video-codec-MediaFoundation-h265: 746d11721c4dcdbdad8f713fa42b33f4 -> 
  custom:video-decoder-ogg-theora: a1e56fd34408186e4bbccfd4996cb3dc -> 
  custom:framework-win-MediaFoundation: 216162199b28c13a410421893ffa2e32 -> 
  custom:CustomObjectIndexerAttribute: 6d391050e5a25f67b0a2c618074f2cd9 -> 
  custom:container-demuxer-webm: 4f35f7cbe854078d1ac9338744f61a02 -> 
  custom:container-muxer-webm: aa71ff27fc2769a1b78a27578f13a17b -> 
  custom:video-decoder-webm-vp8: 9c59270c3fd7afecdb556c50c9e8de78 -> 
  custom:SearchIndexIgnoredProperties: e643bd26f0fe6173181afceb89e7c659 -> 
  custom:AudioImporter_EditorPlatform: d09bf68614088b80899f8185d706f6e7 -> 
  custom:video-encoder-webm-vp8: eb34c28f22e8b96e1ab97ce403110664 -> 
  custom:audio-decoder-ogg-vorbis: bf7c407c2cedff20999df2af8eb42d56 -> 
  custom:audio-encoder-webm-vorbis: bf7c407c2cedff20999df2af8eb42d56 -> 
========================================================================
Received Import Request.
  Time since last request: 88.566415 seconds.
  path: Assets/Prefabs/Player/Player.prefab
  artifactKey: Guid(09ab07a202a93a04d90143a9b44dfe43) Importer(815301076,1909f56bfc062723c751e8b465ee728b)
Start importing Assets/Prefabs/Player/Player.prefab using Guid(09ab07a202a93a04d90143a9b44dfe43) Importer(815301076,1909f56bfc062723c751e8b465ee728b)  -> (artifact id: '7dba78a78e229f97e63df91036b516ef') in 0.068415 seconds
Number of updated asset objects reloaded before import = 0
Number of asset objects unloaded after import = 58
========================================================================
Received Import Request.
  Time since last request: 11.393391 seconds.
  path: Assets/Prefabs/Player/Player.prefab
  artifactKey: Guid(09ab07a202a93a04d90143a9b44dfe43) Importer(815301076,1909f56bfc062723c751e8b465ee728b)
Start importing Assets/Prefabs/Player/Player.prefab using Guid(09ab07a202a93a04d90143a9b44dfe43) Importer(815301076,1909f56bfc062723c751e8b465ee728b)  -> (artifact id: 'f79885e76a3861c3137c254d67c0d6d3') in 0.016984 seconds
Number of updated asset objects reloaded before import = 0
Number of asset objects unloaded after import = 58
========================================================================
Received Import Request.
  Time since last request: 12.941817 seconds.
  path: Assets/Prefabs/Player/Player.prefab
  artifactKey: Guid(09ab07a202a93a04d90143a9b44dfe43) Importer(815301076,1909f56bfc062723c751e8b465ee728b)
Start importing Assets/Prefabs/Player/Player.prefab using Guid(09ab07a202a93a04d90143a9b44dfe43) Importer(815301076,1909f56bfc062723c751e8b465ee728b)  -> (artifact id: '9c9d33e0216191da022ee356c0a0d172') in 0.023651 seconds
Number of updated asset objects reloaded before import = 0
Number of asset objects unloaded after import = 58
========================================================================
Received Import Request.
  Time since last request: 4.468233 seconds.
  path: Assets/Prefabs/Player/Player.prefab
  artifactKey: Guid(09ab07a202a93a04d90143a9b44dfe43) Importer(815301076,1909f56bfc062723c751e8b465ee728b)
Start importing Assets/Prefabs/Player/Player.prefab using Guid(09ab07a202a93a04d90143a9b44dfe43) Importer(815301076,1909f56bfc062723c751e8b465ee728b)  -> (artifact id: '8a66e893cbb0f484e5eb09eb2438717d') in 0.018278 seconds
Number of updated asset objects reloaded before import = 0
Number of asset objects unloaded after import = 58
========================================================================
Received Prepare
Begin MonoManager ReloadAssembly
Symbol file LoadedFromMemory is not a mono symbol file
- Loaded All Assemblies, in  0.274 seconds
Refreshing native plugins compatible for Editor in 1.78 ms, found 4 plugins.
Native extension for WindowsStandalone target not found
Mono: successfully reloaded assembly
- Finished resetting the current domain, in  0.670 seconds
Domain Reload Profiling: 943ms
	BeginReloadAssembly (87ms)
		ExecutionOrderSort (0ms)
		DisableScriptedObjects (2ms)
		BackupInstance (0ms)
		ReleaseScriptingObjects (0ms)
		CreateAndSetChildDomain (21ms)
	RebuildCommonClasses (23ms)
	RebuildNativeTypeToScriptingClass (6ms)
	initialDomainReloadingComplete (15ms)
	LoadAllAssembliesAndSetupDomain (142ms)
		LoadAssemblies (172ms)
		RebuildTransferFunctionScriptingTraits (0ms)
		AnalyzeDomain (12ms)
			TypeCache.Refresh (4ms)
				TypeCache.ScanAssembly (0ms)
			ScanForSourceGeneratedMonoScriptInfo (0ms)
			ResolveRequiredComponents (5ms)
	FinalizeReload (671ms)
		ReleaseScriptCaches (0ms)
		RebuildScriptCaches (0ms)
		SetupLoadedEditorAssemblies (447ms)
			LogAssemblyErrors (0ms)
			InitializePlatformSupportModulesInManaged (3ms)
			SetLoadedEditorAssemblies (4ms)
			RefreshPlugins (0ms)
			BeforeProcessingInitializeOnLoad (67ms)
			ProcessInitializeOnLoadAttributes (350ms)
			ProcessInitializeOnLoadMethodAttributes (20ms)
			AfterProcessingInitializeOnLoad (3ms)
			EditorAssembliesLoaded (0ms)
		ExecutionOrderSort2 (0ms)
		AwakeInstancesAfterBackupRestoration (4ms)
Refreshing native plugins compatible for Editor in 1.91 ms, found 4 plugins.
Preloading 0 native plugins for Editor in 0.00 ms.
Unloading 4399 Unused Serialized files (Serialized files now loaded: 0)
Unloading 40 unused Assets / (97.6 KB). Loaded Objects now: 4950.
Memory consumption went from 191.8 MB to 191.7 MB.
Total: 2.186000 ms (FindLiveObjects: 0.152000 ms CreateObjectMapping: 0.049900 ms MarkObjects: 1.874700 ms  DeleteObjects: 0.108700 ms)

Prepare: number of updated asset objects reloaded= 0
AssetImportParameters requested are different than current active one (requested -> active):
  custom:container-demuxer-ogg: 62fdf1f143b41e24485cea50d1cbac27 -> 
  custom:video-codec-MediaFoundation-h265: 746d11721c4dcdbdad8f713fa42b33f4 -> 
  custom:video-decoder-ogg-theora: a1e56fd34408186e4bbccfd4996cb3dc -> 
  custom:framework-win-MediaFoundation: 216162199b28c13a410421893ffa2e32 -> 
  custom:CustomObjectIndexerAttribute: 6d391050e5a25f67b0a2c618074f2cd9 -> 
  custom:container-demuxer-webm: 4f35f7cbe854078d1ac9338744f61a02 -> 
  custom:container-muxer-webm: aa71ff27fc2769a1b78a27578f13a17b -> 
  custom:video-decoder-webm-vp8: 9c59270c3fd7afecdb556c50c9e8de78 -> 
  custom:SearchIndexIgnoredProperties: e643bd26f0fe6173181afceb89e7c659 -> 
  custom:AudioImporter_EditorPlatform: d09bf68614088b80899f8185d706f6e7 -> 
  custom:video-encoder-webm-vp8: eb34c28f22e8b96e1ab97ce403110664 -> 
  custom:audio-decoder-ogg-vorbis: bf7c407c2cedff20999df2af8eb42d56 -> 
  custom:audio-encoder-webm-vorbis: bf7c407c2cedff20999df2af8eb42d56 -> 
========================================================================
Received Import Request.
  Time since last request: 36.219573 seconds.
  path: Assets/Prefabs/Player/Player.prefab
  artifactKey: Guid(09ab07a202a93a04d90143a9b44dfe43) Importer(815301076,1909f56bfc062723c751e8b465ee728b)
Start importing Assets/Prefabs/Player/Player.prefab using Guid(09ab07a202a93a04d90143a9b44dfe43) Importer(815301076,1909f56bfc062723c751e8b465ee728b)  -> (artifact id: '54a3531d0b307e42607beefd22372831') in 0.067478 seconds
Number of updated asset objects reloaded before import = 0
Number of asset objects unloaded after import = 59
========================================================================
Received Import Request.
  Time since last request: 12.227529 seconds.
  path: Assets/Prefabs/Player/Player.prefab
  artifactKey: Guid(09ab07a202a93a04d90143a9b44dfe43) Importer(815301076,1909f56bfc062723c751e8b465ee728b)
Start importing Assets/Prefabs/Player/Player.prefab using Guid(09ab07a202a93a04d90143a9b44dfe43) Importer(815301076,1909f56bfc062723c751e8b465ee728b)  -> (artifact id: '97ad1766eed95e77f45569efd5e4ab69') in 0.015885 seconds
Number of updated asset objects reloaded before import = 0
Number of asset objects unloaded after import = 59
========================================================================
Received Import Request.
  Time since last request: 2.815753 seconds.
  path: Assets/Prefabs/Player/Player.prefab
  artifactKey: Guid(09ab07a202a93a04d90143a9b44dfe43) Importer(815301076,1909f56bfc062723c751e8b465ee728b)
Start importing Assets/Prefabs/Player/Player.prefab using Guid(09ab07a202a93a04d90143a9b44dfe43) Importer(815301076,1909f56bfc062723c751e8b465ee728b)  -> (artifact id: '8c3bb4b94c5bb7fb0c5672fed354b89f') in 0.018110 seconds
Number of updated asset objects reloaded before import = 0
Number of asset objects unloaded after import = 59
========================================================================
Received Import Request.
  Time since last request: 2.606322 seconds.
  path: Assets/Prefabs/Player/Player.prefab
  artifactKey: Guid(09ab07a202a93a04d90143a9b44dfe43) Importer(815301076,1909f56bfc062723c751e8b465ee728b)
Start importing Assets/Prefabs/Player/Player.prefab using Guid(09ab07a202a93a04d90143a9b44dfe43) Importer(815301076,1909f56bfc062723c751e8b465ee728b)  -> (artifact id: '4add03900170138b2146d318a8c89dfe') in 0.016865 seconds
Number of updated asset objects reloaded before import = 0
Number of asset objects unloaded after import = 59
========================================================================
Received Prepare
Begin MonoManager ReloadAssembly
Symbol file LoadedFromMemory is not a mono symbol file
- Loaded All Assemblies, in  0.254 seconds
Refreshing native plugins compatible for Editor in 1.77 ms, found 4 plugins.
Native extension for WindowsStandalone target not found
Mono: successfully reloaded assembly
- Finished resetting the current domain, in  0.667 seconds
Domain Reload Profiling: 921ms
	BeginReloadAssembly (83ms)
		ExecutionOrderSort (0ms)
		DisableScriptedObjects (3ms)
		BackupInstance (0ms)
		ReleaseScriptingObjects (0ms)
		CreateAndSetChildDomain (19ms)
	RebuildCommonClasses (17ms)
	RebuildNativeTypeToScriptingClass (6ms)
	initialDomainReloadingComplete (15ms)
	LoadAllAssembliesAndSetupDomain (132ms)
		LoadAssemblies (162ms)
		RebuildTransferFunctionScriptingTraits (0ms)
		AnalyzeDomain (11ms)
			TypeCache.Refresh (4ms)
				TypeCache.ScanAssembly (0ms)
			ScanForSourceGeneratedMonoScriptInfo (0ms)
			ResolveRequiredComponents (5ms)
	FinalizeReload (668ms)
		ReleaseScriptCaches (0ms)
		RebuildScriptCaches (0ms)
		SetupLoadedEditorAssemblies (440ms)
			LogAssemblyErrors (0ms)
			InitializePlatformSupportModulesInManaged (3ms)
			SetLoadedEditorAssemblies (4ms)
			RefreshPlugins (0ms)
			BeforeProcessingInitializeOnLoad (64ms)
			ProcessInitializeOnLoadAttributes (345ms)
			ProcessInitializeOnLoadMethodAttributes (21ms)
			AfterProcessingInitializeOnLoad (3ms)
			EditorAssembliesLoaded (0ms)
		ExecutionOrderSort2 (0ms)
		AwakeInstancesAfterBackupRestoration (4ms)
Refreshing native plugins compatible for Editor in 1.77 ms, found 4 plugins.
Preloading 0 native plugins for Editor in 0.00 ms.
Unloading 4399 Unused Serialized files (Serialized files now loaded: 0)
Unloading 40 unused Assets / (98.7 KB). Loaded Objects now: 4954.
Memory consumption went from 193.8 MB to 193.7 MB.
Total: 2.159300 ms (FindLiveObjects: 0.152000 ms CreateObjectMapping: 0.051600 ms MarkObjects: 1.843200 ms  DeleteObjects: 0.111900 ms)

Prepare: number of updated asset objects reloaded= 0
AssetImportParameters requested are different than current active one (requested -> active):
  custom:container-demuxer-ogg: 62fdf1f143b41e24485cea50d1cbac27 -> 
  custom:video-codec-MediaFoundation-h265: 746d11721c4dcdbdad8f713fa42b33f4 -> 
  custom:video-decoder-ogg-theora: a1e56fd34408186e4bbccfd4996cb3dc -> 
  custom:framework-win-MediaFoundation: 216162199b28c13a410421893ffa2e32 -> 
  custom:CustomObjectIndexerAttribute: 6d391050e5a25f67b0a2c618074f2cd9 -> 
  custom:container-demuxer-webm: 4f35f7cbe854078d1ac9338744f61a02 -> 
  custom:container-muxer-webm: aa71ff27fc2769a1b78a27578f13a17b -> 
  custom:video-decoder-webm-vp8: 9c59270c3fd7afecdb556c50c9e8de78 -> 
  custom:SearchIndexIgnoredProperties: e643bd26f0fe6173181afceb89e7c659 -> 
  custom:AudioImporter_EditorPlatform: d09bf68614088b80899f8185d706f6e7 -> 
  custom:video-encoder-webm-vp8: eb34c28f22e8b96e1ab97ce403110664 -> 
  custom:audio-decoder-ogg-vorbis: bf7c407c2cedff20999df2af8eb42d56 -> 
  custom:audio-encoder-webm-vorbis: bf7c407c2cedff20999df2af8eb42d56 -> 
========================================================================
Received Import Request.
  Time since last request: 248.336979 seconds.
  path: Assets/Prefabs/Player/Player.prefab
  artifactKey: Guid(09ab07a202a93a04d90143a9b44dfe43) Importer(815301076,1909f56bfc062723c751e8b465ee728b)
Start importing Assets/Prefabs/Player/Player.prefab using Guid(09ab07a202a93a04d90143a9b44dfe43) Importer(815301076,1909f56bfc062723c751e8b465ee728b)  -> (artifact id: '0774510d94f51225a1536d4cd3ad80b2') in 0.079547 seconds
Number of updated asset objects reloaded before import = 0
Number of asset objects unloaded after import = 58
========================================================================
Received Prepare
Begin MonoManager ReloadAssembly
Symbol file LoadedFromMemory is not a mono symbol file
- Loaded All Assemblies, in  0.271 seconds
Refreshing native plugins compatible for Editor in 1.80 ms, found 4 plugins.
Native extension for WindowsStandalone target not found
Mono: successfully reloaded assembly
- Finished resetting the current domain, in  0.633 seconds
Domain Reload Profiling: 904ms
	BeginReloadAssembly (85ms)
		ExecutionOrderSort (0ms)
		DisableScriptedObjects (2ms)
		BackupInstance (0ms)
		ReleaseScriptingObjects (0ms)
		CreateAndSetChildDomain (20ms)
	RebuildCommonClasses (17ms)
	RebuildNativeTypeToScriptingClass (6ms)
	initialDomainReloadingComplete (15ms)
	LoadAllAssembliesAndSetupDomain (147ms)
		LoadAssemblies (168ms)
		RebuildTransferFunctionScriptingTraits (0ms)
		AnalyzeDomain (20ms)
			TypeCache.Refresh (7ms)
				TypeCache.ScanAssembly (1ms)
			ScanForSourceGeneratedMonoScriptInfo (7ms)
			ResolveRequiredComponents (5ms)
	FinalizeReload (633ms)
		ReleaseScriptCaches (0ms)
		RebuildScriptCaches (0ms)
		SetupLoadedEditorAssemblies (417ms)
			LogAssemblyErrors (0ms)
			InitializePlatformSupportModulesInManaged (4ms)
			SetLoadedEditorAssemblies (3ms)
			RefreshPlugins (0ms)
			BeforeProcessingInitializeOnLoad (62ms)
			ProcessInitializeOnLoadAttributes (325ms)
			ProcessInitializeOnLoadMethodAttributes (19ms)
			AfterProcessingInitializeOnLoad (3ms)
			EditorAssembliesLoaded (0ms)
		ExecutionOrderSort2 (0ms)
		AwakeInstancesAfterBackupRestoration (4ms)
Refreshing native plugins compatible for Editor in 2.08 ms, found 4 plugins.
Preloading 0 native plugins for Editor in 0.00 ms.
Unloading 4399 Unused Serialized files (Serialized files now loaded: 0)
Unloading 40 unused Assets / (97.7 KB). Loaded Objects now: 4958.
Memory consumption went from 195.7 MB to 195.6 MB.
Total: 2.160100 ms (FindLiveObjects: 0.150900 ms CreateObjectMapping: 0.049900 ms MarkObjects: 1.851000 ms  DeleteObjects: 0.107800 ms)

Prepare: number of updated asset objects reloaded= 0
AssetImportParameters requested are different than current active one (requested -> active):
  custom:container-demuxer-ogg: 62fdf1f143b41e24485cea50d1cbac27 -> 
  custom:video-codec-MediaFoundation-h265: 746d11721c4dcdbdad8f713fa42b33f4 -> 
  custom:video-decoder-ogg-theora: a1e56fd34408186e4bbccfd4996cb3dc -> 
  custom:framework-win-MediaFoundation: 216162199b28c13a410421893ffa2e32 -> 
  custom:CustomObjectIndexerAttribute: 6d391050e5a25f67b0a2c618074f2cd9 -> 
  custom:container-demuxer-webm: 4f35f7cbe854078d1ac9338744f61a02 -> 
  custom:container-muxer-webm: aa71ff27fc2769a1b78a27578f13a17b -> 
  custom:video-decoder-webm-vp8: 9c59270c3fd7afecdb556c50c9e8de78 -> 
  custom:SearchIndexIgnoredProperties: e643bd26f0fe6173181afceb89e7c659 -> 
  custom:AudioImporter_EditorPlatform: d09bf68614088b80899f8185d706f6e7 -> 
  custom:video-encoder-webm-vp8: eb34c28f22e8b96e1ab97ce403110664 -> 
  custom:audio-decoder-ogg-vorbis: bf7c407c2cedff20999df2af8eb42d56 -> 
  custom:audio-encoder-webm-vorbis: bf7c407c2cedff20999df2af8eb42d56 -> 
========================================================================
Received Prepare
Begin MonoManager ReloadAssembly
Symbol file LoadedFromMemory is not a mono symbol file
- Loaded All Assemblies, in  0.261 seconds
Refreshing native plugins compatible for Editor in 1.77 ms, found 4 plugins.
Native extension for WindowsStandalone target not found
Mono: successfully reloaded assembly
- Finished resetting the current domain, in  0.669 seconds
Domain Reload Profiling: 929ms
	BeginReloadAssembly (86ms)
		ExecutionOrderSort (0ms)
		DisableScriptedObjects (3ms)
		BackupInstance (0ms)
		ReleaseScriptingObjects (0ms)
		CreateAndSetChildDomain (19ms)
	RebuildCommonClasses (17ms)
	RebuildNativeTypeToScriptingClass (6ms)
	initialDomainReloadingComplete (15ms)
	LoadAllAssembliesAndSetupDomain (135ms)
		LoadAssemblies (166ms)
		RebuildTransferFunctionScriptingTraits (0ms)
		AnalyzeDomain (11ms)
			TypeCache.Refresh (4ms)
				TypeCache.ScanAssembly (0ms)
			ScanForSourceGeneratedMonoScriptInfo (0ms)
			ResolveRequiredComponents (5ms)
	FinalizeReload (669ms)
		ReleaseScriptCaches (0ms)
		RebuildScriptCaches (0ms)
		SetupLoadedEditorAssemblies (446ms)
			LogAssemblyErrors (0ms)
			InitializePlatformSupportModulesInManaged (3ms)
			SetLoadedEditorAssemblies (3ms)
			RefreshPlugins (0ms)
			BeforeProcessingInitializeOnLoad (62ms)
			ProcessInitializeOnLoadAttributes (353ms)
			ProcessInitializeOnLoadMethodAttributes (21ms)
			AfterProcessingInitializeOnLoad (3ms)
			EditorAssembliesLoaded (0ms)
		ExecutionOrderSort2 (0ms)
		AwakeInstancesAfterBackupRestoration (4ms)
Refreshing native plugins compatible for Editor in 2.09 ms, found 4 plugins.
Preloading 0 native plugins for Editor in 0.00 ms.
Unloading 4399 Unused Serialized files (Serialized files now loaded: 0)
Unloading 38 unused Assets / (96.8 KB). Loaded Objects now: 4962.
Memory consumption went from 197.6 MB to 197.5 MB.
Total: 2.188900 ms (FindLiveObjects: 0.160300 ms CreateObjectMapping: 0.069200 ms MarkObjects: 1.879900 ms  DeleteObjects: 0.078800 ms)

Prepare: number of updated asset objects reloaded= 0
AssetImportParameters requested are different than current active one (requested -> active):
  custom:container-demuxer-ogg: 62fdf1f143b41e24485cea50d1cbac27 -> 
  custom:video-codec-MediaFoundation-h265: 746d11721c4dcdbdad8f713fa42b33f4 -> 
  custom:video-decoder-ogg-theora: a1e56fd34408186e4bbccfd4996cb3dc -> 
  custom:framework-win-MediaFoundation: 216162199b28c13a410421893ffa2e32 -> 
  custom:CustomObjectIndexerAttribute: 6d391050e5a25f67b0a2c618074f2cd9 -> 
  custom:container-demuxer-webm: 4f35f7cbe854078d1ac9338744f61a02 -> 
  custom:container-muxer-webm: aa71ff27fc2769a1b78a27578f13a17b -> 
  custom:video-decoder-webm-vp8: 9c59270c3fd7afecdb556c50c9e8de78 -> 
  custom:SearchIndexIgnoredProperties: e643bd26f0fe6173181afceb89e7c659 -> 
  custom:AudioImporter_EditorPlatform: d09bf68614088b80899f8185d706f6e7 -> 
  custom:video-encoder-webm-vp8: eb34c28f22e8b96e1ab97ce403110664 -> 
  custom:audio-decoder-ogg-vorbis: bf7c407c2cedff20999df2af8eb42d56 -> 
  custom:audio-encoder-webm-vorbis: bf7c407c2cedff20999df2af8eb42d56 -> 
========================================================================
Received Prepare
Begin MonoManager ReloadAssembly
Symbol file LoadedFromMemory is not a mono symbol file
- Loaded All Assemblies, in  0.263 seconds
Refreshing native plugins compatible for Editor in 1.71 ms, found 4 plugins.
Native extension for WindowsStandalone target not found
Mono: successfully reloaded assembly
- Finished resetting the current domain, in  0.605 seconds
Domain Reload Profiling: 867ms
	BeginReloadAssembly (84ms)
		ExecutionOrderSort (0ms)
		DisableScriptedObjects (3ms)
		BackupInstance (0ms)
		ReleaseScriptingObjects (0ms)
		CreateAndSetChildDomain (18ms)
	RebuildCommonClasses (17ms)
	RebuildNativeTypeToScriptingClass (6ms)
	initialDomainReloadingComplete (15ms)
	LoadAllAssembliesAndSetupDomain (139ms)
		LoadAssemblies (160ms)
		RebuildTransferFunctionScriptingTraits (0ms)
		AnalyzeDomain (20ms)
			TypeCache.Refresh (6ms)
				TypeCache.ScanAssembly (1ms)
			ScanForSourceGeneratedMonoScriptInfo (7ms)
			ResolveRequiredComponents (5ms)
	FinalizeReload (605ms)
		ReleaseScriptCaches (0ms)
		RebuildScriptCaches (0ms)
		SetupLoadedEditorAssemblies (402ms)
			LogAssemblyErrors (0ms)
			InitializePlatformSupportModulesInManaged (4ms)
			SetLoadedEditorAssemblies (3ms)
			RefreshPlugins (0ms)
			BeforeProcessingInitializeOnLoad (62ms)
			ProcessInitializeOnLoadAttributes (311ms)
			ProcessInitializeOnLoadMethodAttributes (19ms)
			AfterProcessingInitializeOnLoad (3ms)
			EditorAssembliesLoaded (0ms)
		ExecutionOrderSort2 (0ms)
		AwakeInstancesAfterBackupRestoration (4ms)
Refreshing native plugins compatible for Editor in 1.72 ms, found 4 plugins.
Preloading 0 native plugins for Editor in 0.00 ms.
Unloading 4399 Unused Serialized files (Serialized files now loaded: 0)
Unloading 38 unused Assets / (96.9 KB). Loaded Objects now: 4966.
Memory consumption went from 199.6 MB to 199.5 MB.
Total: 2.069300 ms (FindLiveObjects: 0.144000 ms CreateObjectMapping: 0.051700 ms MarkObjects: 1.795300 ms  DeleteObjects: 0.077600 ms)

Prepare: number of updated asset objects reloaded= 0
AssetImportParameters requested are different than current active one (requested -> active):
  custom:container-demuxer-ogg: 62fdf1f143b41e24485cea50d1cbac27 -> 
  custom:video-codec-MediaFoundation-h265: 746d11721c4dcdbdad8f713fa42b33f4 -> 
  custom:video-decoder-ogg-theora: a1e56fd34408186e4bbccfd4996cb3dc -> 
  custom:framework-win-MediaFoundation: 216162199b28c13a410421893ffa2e32 -> 
  custom:CustomObjectIndexerAttribute: 6d391050e5a25f67b0a2c618074f2cd9 -> 
  custom:container-demuxer-webm: 4f35f7cbe854078d1ac9338744f61a02 -> 
  custom:container-muxer-webm: aa71ff27fc2769a1b78a27578f13a17b -> 
  custom:video-decoder-webm-vp8: 9c59270c3fd7afecdb556c50c9e8de78 -> 
  custom:SearchIndexIgnoredProperties: e643bd26f0fe6173181afceb89e7c659 -> 
  custom:AudioImporter_EditorPlatform: d09bf68614088b80899f8185d706f6e7 -> 
  custom:video-encoder-webm-vp8: eb34c28f22e8b96e1ab97ce403110664 -> 
  custom:audio-decoder-ogg-vorbis: bf7c407c2cedff20999df2af8eb42d56 -> 
  custom:audio-encoder-webm-vorbis: bf7c407c2cedff20999df2af8eb42d56 -> 
========================================================================
Received Prepare
Begin MonoManager ReloadAssembly
Symbol file LoadedFromMemory is not a mono symbol file
- Loaded All Assemblies, in  0.258 seconds
Refreshing native plugins compatible for Editor in 1.78 ms, found 4 plugins.
Native extension for WindowsStandalone target not found
Mono: successfully reloaded assembly
- Finished resetting the current domain, in  0.672 seconds
Domain Reload Profiling: 930ms
	BeginReloadAssembly (85ms)
		ExecutionOrderSort (0ms)
		DisableScriptedObjects (4ms)
		BackupInstance (0ms)
		ReleaseScriptingObjects (0ms)
		CreateAndSetChildDomain (18ms)
	RebuildCommonClasses (17ms)
	RebuildNativeTypeToScriptingClass (6ms)
	initialDomainReloadingComplete (15ms)
	LoadAllAssembliesAndSetupDomain (135ms)
		LoadAssemblies (165ms)
		RebuildTransferFunctionScriptingTraits (0ms)
		AnalyzeDomain (11ms)
			TypeCache.Refresh (4ms)
				TypeCache.ScanAssembly (0ms)
			ScanForSourceGeneratedMonoScriptInfo (0ms)
			ResolveRequiredComponents (5ms)
	FinalizeReload (672ms)
		ReleaseScriptCaches (0ms)
		RebuildScriptCaches (0ms)
		SetupLoadedEditorAssemblies (454ms)
			LogAssemblyErrors (0ms)
			InitializePlatformSupportModulesInManaged (3ms)
			SetLoadedEditorAssemblies (4ms)
			RefreshPlugins (0ms)
			BeforeProcessingInitializeOnLoad (65ms)
			ProcessInitializeOnLoadAttributes (357ms)
			ProcessInitializeOnLoadMethodAttributes (21ms)
			AfterProcessingInitializeOnLoad (3ms)
			EditorAssembliesLoaded (0ms)
		ExecutionOrderSort2 (0ms)
		AwakeInstancesAfterBackupRestoration (4ms)
Refreshing native plugins compatible for Editor in 2.41 ms, found 4 plugins.
Preloading 0 native plugins for Editor in 0.00 ms.
Unloading 4399 Unused Serialized files (Serialized files now loaded: 0)
Unloading 38 unused Assets / (96.9 KB). Loaded Objects now: 4970.
Memory consumption went from 201.5 MB to 201.4 MB.
Total: 2.022100 ms (FindLiveObjects: 0.160400 ms CreateObjectMapping: 0.055300 ms MarkObjects: 1.733000 ms  DeleteObjects: 0.073000 ms)

Prepare: number of updated asset objects reloaded= 0
AssetImportParameters requested are different than current active one (requested -> active):
  custom:container-demuxer-ogg: 62fdf1f143b41e24485cea50d1cbac27 -> 
  custom:video-codec-MediaFoundation-h265: 746d11721c4dcdbdad8f713fa42b33f4 -> 
  custom:video-decoder-ogg-theora: a1e56fd34408186e4bbccfd4996cb3dc -> 
  custom:framework-win-MediaFoundation: 216162199b28c13a410421893ffa2e32 -> 
  custom:CustomObjectIndexerAttribute: 6d391050e5a25f67b0a2c618074f2cd9 -> 
  custom:container-demuxer-webm: 4f35f7cbe854078d1ac9338744f61a02 -> 
  custom:container-muxer-webm: aa71ff27fc2769a1b78a27578f13a17b -> 
  custom:video-decoder-webm-vp8: 9c59270c3fd7afecdb556c50c9e8de78 -> 
  custom:SearchIndexIgnoredProperties: e643bd26f0fe6173181afceb89e7c659 -> 
  custom:AudioImporter_EditorPlatform: d09bf68614088b80899f8185d706f6e7 -> 
  custom:video-encoder-webm-vp8: eb34c28f22e8b96e1ab97ce403110664 -> 
  custom:audio-decoder-ogg-vorbis: bf7c407c2cedff20999df2af8eb42d56 -> 
  custom:audio-encoder-webm-vorbis: bf7c407c2cedff20999df2af8eb42d56 -> 
========================================================================
Received Prepare
Begin MonoManager ReloadAssembly
Symbol file LoadedFromMemory is not a mono symbol file
- Loaded All Assemblies, in  0.267 seconds
Refreshing native plugins compatible for Editor in 1.85 ms, found 4 plugins.
Native extension for WindowsStandalone target not found
Mono: successfully reloaded assembly
- Finished resetting the current domain, in  0.677 seconds
Domain Reload Profiling: 943ms
	BeginReloadAssembly (87ms)
		ExecutionOrderSort (0ms)
		DisableScriptedObjects (3ms)
		BackupInstance (0ms)
		ReleaseScriptingObjects (0ms)
		CreateAndSetChildDomain (19ms)
	RebuildCommonClasses (18ms)
	RebuildNativeTypeToScriptingClass (6ms)
	initialDomainReloadingComplete (16ms)
	LoadAllAssembliesAndSetupDomain (139ms)
		LoadAssemblies (170ms)
		RebuildTransferFunctionScriptingTraits (0ms)
		AnalyzeDomain (12ms)
			TypeCache.Refresh (4ms)
				TypeCache.ScanAssembly (0ms)
			ScanForSourceGeneratedMonoScriptInfo (0ms)
			ResolveRequiredComponents (5ms)
	FinalizeReload (678ms)
		ReleaseScriptCaches (0ms)
		RebuildScriptCaches (0ms)
		SetupLoadedEditorAssemblies (451ms)
			LogAssemblyErrors (0ms)
			InitializePlatformSupportModulesInManaged (4ms)
			SetLoadedEditorAssemblies (4ms)
			RefreshPlugins (0ms)
			BeforeProcessingInitializeOnLoad (66ms)
			ProcessInitializeOnLoadAttributes (353ms)
			ProcessInitializeOnLoadMethodAttributes (21ms)
			AfterProcessingInitializeOnLoad (3ms)
			EditorAssembliesLoaded (0ms)
		ExecutionOrderSort2 (0ms)
		AwakeInstancesAfterBackupRestoration (4ms)
Refreshing native plugins compatible for Editor in 2.24 ms, found 4 plugins.
Preloading 0 native plugins for Editor in 0.00 ms.
Unloading 4399 Unused Serialized files (Serialized files now loaded: 0)
Unloading 38 unused Assets / (97.9 KB). Loaded Objects now: 4974.
Memory consumption went from 203.4 MB to 203.3 MB.
Total: 2.096600 ms (FindLiveObjects: 0.191500 ms CreateObjectMapping: 0.053700 ms MarkObjects: 1.774200 ms  DeleteObjects: 0.076500 ms)

Prepare: number of updated asset objects reloaded= 0
AssetImportParameters requested are different than current active one (requested -> active):
  custom:container-demuxer-ogg: 62fdf1f143b41e24485cea50d1cbac27 -> 
  custom:video-codec-MediaFoundation-h265: 746d11721c4dcdbdad8f713fa42b33f4 -> 
  custom:video-decoder-ogg-theora: a1e56fd34408186e4bbccfd4996cb3dc -> 
  custom:framework-win-MediaFoundation: 216162199b28c13a410421893ffa2e32 -> 
  custom:CustomObjectIndexerAttribute: 6d391050e5a25f67b0a2c618074f2cd9 -> 
  custom:container-demuxer-webm: 4f35f7cbe854078d1ac9338744f61a02 -> 
  custom:container-muxer-webm: aa71ff27fc2769a1b78a27578f13a17b -> 
  custom:video-decoder-webm-vp8: 9c59270c3fd7afecdb556c50c9e8de78 -> 
  custom:SearchIndexIgnoredProperties: e643bd26f0fe6173181afceb89e7c659 -> 
  custom:AudioImporter_EditorPlatform: d09bf68614088b80899f8185d706f6e7 -> 
  custom:video-encoder-webm-vp8: eb34c28f22e8b96e1ab97ce403110664 -> 
  custom:audio-decoder-ogg-vorbis: bf7c407c2cedff20999df2af8eb42d56 -> 
  custom:audio-encoder-webm-vorbis: bf7c407c2cedff20999df2af8eb42d56 -> 
========================================================================
Received Prepare
Begin MonoManager ReloadAssembly
Symbol file LoadedFromMemory is not a mono symbol file
- Loaded All Assemblies, in  0.270 seconds
Refreshing native plugins compatible for Editor in 1.74 ms, found 4 plugins.
Native extension for WindowsStandalone target not found
Mono: successfully reloaded assembly
- Finished resetting the current domain, in  0.624 seconds
Domain Reload Profiling: 904ms
	BeginReloadAssembly (86ms)
		ExecutionOrderSort (0ms)
		DisableScriptedObjects (3ms)
		BackupInstance (0ms)
		ReleaseScriptingObjects (0ms)
		CreateAndSetChildDomain (19ms)
	RebuildCommonClasses (17ms)
	RebuildNativeTypeToScriptingClass (6ms)
	initialDomainReloadingComplete (15ms)
	LoadAllAssembliesAndSetupDomain (146ms)
		LoadAssemblies (168ms)
		RebuildTransferFunctionScriptingTraits (0ms)
		AnalyzeDomain (19ms)
			TypeCache.Refresh (6ms)
				TypeCache.ScanAssembly (1ms)
			ScanForSourceGeneratedMonoScriptInfo (7ms)
			ResolveRequiredComponents (5ms)
	FinalizeReload (634ms)
		ReleaseScriptCaches (0ms)
		RebuildScriptCaches (0ms)
		SetupLoadedEditorAssemblies (420ms)
			LogAssemblyErrors (0ms)
			InitializePlatformSupportModulesInManaged (4ms)
			SetLoadedEditorAssemblies (3ms)
			RefreshPlugins (0ms)
			BeforeProcessingInitializeOnLoad (65ms)
			ProcessInitializeOnLoadAttributes (323ms)
			ProcessInitializeOnLoadMethodAttributes (23ms)
			AfterProcessingInitializeOnLoad (2ms)
			EditorAssembliesLoaded (0ms)
		ExecutionOrderSort2 (0ms)
		AwakeInstancesAfterBackupRestoration (3ms)
Refreshing native plugins compatible for Editor in 1.66 ms, found 4 plugins.
Preloading 0 native plugins for Editor in 0.00 ms.
Unloading 4399 Unused Serialized files (Serialized files now loaded: 0)
Unloading 38 unused Assets / (96.9 KB). Loaded Objects now: 4978.
Memory consumption went from 205.3 MB to 205.2 MB.
Total: 2.031700 ms (FindLiveObjects: 0.139100 ms CreateObjectMapping: 0.048400 ms MarkObjects: 1.769300 ms  DeleteObjects: 0.074400 ms)

Prepare: number of updated asset objects reloaded= 0
AssetImportParameters requested are different than current active one (requested -> active):
  custom:container-demuxer-ogg: 62fdf1f143b41e24485cea50d1cbac27 -> 
  custom:video-codec-MediaFoundation-h265: 746d11721c4dcdbdad8f713fa42b33f4 -> 
  custom:video-decoder-ogg-theora: a1e56fd34408186e4bbccfd4996cb3dc -> 
  custom:framework-win-MediaFoundation: 216162199b28c13a410421893ffa2e32 -> 
  custom:CustomObjectIndexerAttribute: 6d391050e5a25f67b0a2c618074f2cd9 -> 
  custom:container-demuxer-webm: 4f35f7cbe854078d1ac9338744f61a02 -> 
  custom:container-muxer-webm: aa71ff27fc2769a1b78a27578f13a17b -> 
  custom:video-decoder-webm-vp8: 9c59270c3fd7afecdb556c50c9e8de78 -> 
  custom:SearchIndexIgnoredProperties: e643bd26f0fe6173181afceb89e7c659 -> 
  custom:AudioImporter_EditorPlatform: d09bf68614088b80899f8185d706f6e7 -> 
  custom:video-encoder-webm-vp8: eb34c28f22e8b96e1ab97ce403110664 -> 
  custom:audio-decoder-ogg-vorbis: bf7c407c2cedff20999df2af8eb42d56 -> 
  custom:audio-encoder-webm-vorbis: bf7c407c2cedff20999df2af8eb42d56 -> 
========================================================================
Received Prepare
Begin MonoManager ReloadAssembly
Symbol file LoadedFromMemory is not a mono symbol file
- Loaded All Assemblies, in  0.270 seconds
Refreshing native plugins compatible for Editor in 1.82 ms, found 4 plugins.
Native extension for WindowsStandalone target not found
Mono: successfully reloaded assembly
- Finished resetting the current domain, in  0.670 seconds
Domain Reload Profiling: 940ms
	BeginReloadAssembly (88ms)
		ExecutionOrderSort (0ms)
		DisableScriptedObjects (3ms)
		BackupInstance (0ms)
		ReleaseScriptingObjects (0ms)
		CreateAndSetChildDomain (19ms)
	RebuildCommonClasses (17ms)
	RebuildNativeTypeToScriptingClass (6ms)
	initialDomainReloadingComplete (15ms)
	LoadAllAssembliesAndSetupDomain (144ms)
		LoadAssemblies (174ms)
		RebuildTransferFunctionScriptingTraits (0ms)
		AnalyzeDomain (13ms)
			TypeCache.Refresh (4ms)
				TypeCache.ScanAssembly (0ms)
			ScanForSourceGeneratedMonoScriptInfo (0ms)
			ResolveRequiredComponents (5ms)
	FinalizeReload (670ms)
		ReleaseScriptCaches (0ms)
		RebuildScriptCaches (0ms)
		SetupLoadedEditorAssemblies (449ms)
			LogAssemblyErrors (0ms)
			InitializePlatformSupportModulesInManaged (3ms)
			SetLoadedEditorAssemblies (3ms)
			RefreshPlugins (0ms)
			BeforeProcessingInitializeOnLoad (64ms)
			ProcessInitializeOnLoadAttributes (355ms)
			ProcessInitializeOnLoadMethodAttributes (20ms)
			AfterProcessingInitializeOnLoad (4ms)
			EditorAssembliesLoaded (0ms)
		ExecutionOrderSort2 (0ms)
		AwakeInstancesAfterBackupRestoration (5ms)
Refreshing native plugins compatible for Editor in 2.05 ms, found 4 plugins.
Preloading 0 native plugins for Editor in 0.00 ms.
Unloading 4399 Unused Serialized files (Serialized files now loaded: 0)
Unloading 38 unused Assets / (96.9 KB). Loaded Objects now: 4982.
Memory consumption went from 207.2 MB to 207.1 MB.
Total: 2.157700 ms (FindLiveObjects: 0.139200 ms CreateObjectMapping: 0.048400 ms MarkObjects: 1.894400 ms  DeleteObjects: 0.075200 ms)

Prepare: number of updated asset objects reloaded= 0
AssetImportParameters requested are different than current active one (requested -> active):
  custom:container-demuxer-ogg: 62fdf1f143b41e24485cea50d1cbac27 -> 
  custom:video-codec-MediaFoundation-h265: 746d11721c4dcdbdad8f713fa42b33f4 -> 
  custom:video-decoder-ogg-theora: a1e56fd34408186e4bbccfd4996cb3dc -> 
  custom:framework-win-MediaFoundation: 216162199b28c13a410421893ffa2e32 -> 
  custom:CustomObjectIndexerAttribute: 6d391050e5a25f67b0a2c618074f2cd9 -> 
  custom:container-demuxer-webm: 4f35f7cbe854078d1ac9338744f61a02 -> 
  custom:container-muxer-webm: aa71ff27fc2769a1b78a27578f13a17b -> 
  custom:video-decoder-webm-vp8: 9c59270c3fd7afecdb556c50c9e8de78 -> 
  custom:SearchIndexIgnoredProperties: e643bd26f0fe6173181afceb89e7c659 -> 
  custom:AudioImporter_EditorPlatform: d09bf68614088b80899f8185d706f6e7 -> 
  custom:video-encoder-webm-vp8: eb34c28f22e8b96e1ab97ce403110664 -> 
  custom:audio-decoder-ogg-vorbis: bf7c407c2cedff20999df2af8eb42d56 -> 
  custom:audio-encoder-webm-vorbis: bf7c407c2cedff20999df2af8eb42d56 -> 
========================================================================
Received Prepare
Begin MonoManager ReloadAssembly
Symbol file LoadedFromMemory is not a mono symbol file
- Loaded All Assemblies, in  0.276 seconds
Refreshing native plugins compatible for Editor in 1.76 ms, found 4 plugins.
Native extension for WindowsStandalone target not found
Mono: successfully reloaded assembly
- Finished resetting the current domain, in  0.668 seconds
Domain Reload Profiling: 944ms
	BeginReloadAssembly (86ms)
		ExecutionOrderSort (0ms)
		DisableScriptedObjects (3ms)
		BackupInstance (0ms)
		ReleaseScriptingObjects (0ms)
		CreateAndSetChildDomain (19ms)
	RebuildCommonClasses (25ms)
	RebuildNativeTypeToScriptingClass (10ms)
	initialDomainReloadingComplete (18ms)
	LoadAllAssembliesAndSetupDomain (136ms)
		LoadAssemblies (167ms)
		RebuildTransferFunctionScriptingTraits (0ms)
		AnalyzeDomain (11ms)
			TypeCache.Refresh (4ms)
				TypeCache.ScanAssembly (0ms)
			ScanForSourceGeneratedMonoScriptInfo (0ms)
			ResolveRequiredComponents (5ms)
	FinalizeReload (668ms)
		ReleaseScriptCaches (0ms)
		RebuildScriptCaches (0ms)
		SetupLoadedEditorAssemblies (447ms)
			LogAssemblyErrors (0ms)
			InitializePlatformSupportModulesInManaged (3ms)
			SetLoadedEditorAssemblies (4ms)
			RefreshPlugins (0ms)
			BeforeProcessingInitializeOnLoad (65ms)
			ProcessInitializeOnLoadAttributes (352ms)
			ProcessInitializeOnLoadMethodAttributes (20ms)
			AfterProcessingInitializeOnLoad (3ms)
			EditorAssembliesLoaded (0ms)
		ExecutionOrderSort2 (0ms)
		AwakeInstancesAfterBackupRestoration (4ms)
Refreshing native plugins compatible for Editor in 1.93 ms, found 4 plugins.
Preloading 0 native plugins for Editor in 0.00 ms.
Unloading 4399 Unused Serialized files (Serialized files now loaded: 0)
Unloading 38 unused Assets / (97.9 KB). Loaded Objects now: 4986.
Memory consumption went from 209.2 MB to 209.1 MB.
Total: 2.040400 ms (FindLiveObjects: 0.143600 ms CreateObjectMapping: 0.047500 ms MarkObjects: 1.773400 ms  DeleteObjects: 0.075200 ms)

Prepare: number of updated asset objects reloaded= 0
AssetImportParameters requested are different than current active one (requested -> active):
  custom:container-demuxer-ogg: 62fdf1f143b41e24485cea50d1cbac27 -> 
  custom:video-codec-MediaFoundation-h265: 746d11721c4dcdbdad8f713fa42b33f4 -> 
  custom:video-decoder-ogg-theora: a1e56fd34408186e4bbccfd4996cb3dc -> 
  custom:framework-win-MediaFoundation: 216162199b28c13a410421893ffa2e32 -> 
  custom:CustomObjectIndexerAttribute: 6d391050e5a25f67b0a2c618074f2cd9 -> 
  custom:container-demuxer-webm: 4f35f7cbe854078d1ac9338744f61a02 -> 
  custom:container-muxer-webm: aa71ff27fc2769a1b78a27578f13a17b -> 
  custom:video-decoder-webm-vp8: 9c59270c3fd7afecdb556c50c9e8de78 -> 
  custom:SearchIndexIgnoredProperties: e643bd26f0fe6173181afceb89e7c659 -> 
  custom:AudioImporter_EditorPlatform: d09bf68614088b80899f8185d706f6e7 -> 
  custom:video-encoder-webm-vp8: eb34c28f22e8b96e1ab97ce403110664 -> 
  custom:audio-decoder-ogg-vorbis: bf7c407c2cedff20999df2af8eb42d56 -> 
  custom:audio-encoder-webm-vorbis: bf7c407c2cedff20999df2af8eb42d56 -> 
========================================================================
Received Prepare
Begin MonoManager ReloadAssembly
Symbol file LoadedFromMemory is not a mono symbol file
- Loaded All Assemblies, in  0.277 seconds
Refreshing native plugins compatible for Editor in 1.73 ms, found 4 plugins.
Native extension for WindowsStandalone target not found
Mono: successfully reloaded assembly
- Finished resetting the current domain, in  0.672 seconds
Domain Reload Profiling: 948ms
	BeginReloadAssembly (90ms)
		ExecutionOrderSort (0ms)
		DisableScriptedObjects (3ms)
		BackupInstance (0ms)
		ReleaseScriptingObjects (0ms)
		CreateAndSetChildDomain (19ms)
	RebuildCommonClasses (25ms)
	RebuildNativeTypeToScriptingClass (8ms)
	initialDomainReloadingComplete (16ms)
	LoadAllAssembliesAndSetupDomain (138ms)
		LoadAssemblies (171ms)
		RebuildTransferFunctionScriptingTraits (0ms)
		AnalyzeDomain (11ms)
			TypeCache.Refresh (4ms)
				TypeCache.ScanAssembly (0ms)
			ScanForSourceGeneratedMonoScriptInfo (0ms)
			ResolveRequiredComponents (5ms)
	FinalizeReload (672ms)
		ReleaseScriptCaches (0ms)
		RebuildScriptCaches (0ms)
		SetupLoadedEditorAssemblies (449ms)
			LogAssemblyErrors (0ms)
			InitializePlatformSupportModulesInManaged (4ms)
			SetLoadedEditorAssemblies (4ms)
			RefreshPlugins (0ms)
			BeforeProcessingInitializeOnLoad (64ms)
			ProcessInitializeOnLoadAttributes (353ms)
			ProcessInitializeOnLoadMethodAttributes (20ms)
			AfterProcessingInitializeOnLoad (3ms)
			EditorAssembliesLoaded (0ms)
		ExecutionOrderSort2 (0ms)
		AwakeInstancesAfterBackupRestoration (4ms)
Refreshing native plugins compatible for Editor in 1.91 ms, found 4 plugins.
Preloading 0 native plugins for Editor in 0.00 ms.
Unloading 4399 Unused Serialized files (Serialized files now loaded: 0)
Unloading 38 unused Assets / (96.9 KB). Loaded Objects now: 4990.
Memory consumption went from 211.1 MB to 211.0 MB.
Total: 2.023100 ms (FindLiveObjects: 0.147200 ms CreateObjectMapping: 0.049200 ms MarkObjects: 1.735000 ms  DeleteObjects: 0.090900 ms)

Prepare: number of updated asset objects reloaded= 0
AssetImportParameters requested are different than current active one (requested -> active):
  custom:container-demuxer-ogg: 62fdf1f143b41e24485cea50d1cbac27 -> 
  custom:video-codec-MediaFoundation-h265: 746d11721c4dcdbdad8f713fa42b33f4 -> 
  custom:video-decoder-ogg-theora: a1e56fd34408186e4bbccfd4996cb3dc -> 
  custom:framework-win-MediaFoundation: 216162199b28c13a410421893ffa2e32 -> 
  custom:CustomObjectIndexerAttribute: 6d391050e5a25f67b0a2c618074f2cd9 -> 
  custom:container-demuxer-webm: 4f35f7cbe854078d1ac9338744f61a02 -> 
  custom:container-muxer-webm: aa71ff27fc2769a1b78a27578f13a17b -> 
  custom:video-decoder-webm-vp8: 9c59270c3fd7afecdb556c50c9e8de78 -> 
  custom:SearchIndexIgnoredProperties: e643bd26f0fe6173181afceb89e7c659 -> 
  custom:AudioImporter_EditorPlatform: d09bf68614088b80899f8185d706f6e7 -> 
  custom:video-encoder-webm-vp8: eb34c28f22e8b96e1ab97ce403110664 -> 
  custom:audio-decoder-ogg-vorbis: bf7c407c2cedff20999df2af8eb42d56 -> 
  custom:audio-encoder-webm-vorbis: bf7c407c2cedff20999df2af8eb42d56 -> 
========================================================================
Received Prepare
Begin MonoManager ReloadAssembly
Symbol file LoadedFromMemory is not a mono symbol file
- Loaded All Assemblies, in  0.264 seconds
Refreshing native plugins compatible for Editor in 1.82 ms, found 4 plugins.
Native extension for WindowsStandalone target not found
Mono: successfully reloaded assembly
- Finished resetting the current domain, in  0.619 seconds
Domain Reload Profiling: 883ms
	BeginReloadAssembly (85ms)
		ExecutionOrderSort (0ms)
		DisableScriptedObjects (3ms)
		BackupInstance (0ms)
		ReleaseScriptingObjects (0ms)
		CreateAndSetChildDomain (18ms)
	RebuildCommonClasses (18ms)
	RebuildNativeTypeToScriptingClass (6ms)
	initialDomainReloadingComplete (16ms)
	LoadAllAssembliesAndSetupDomain (140ms)
		LoadAssemblies (161ms)
		RebuildTransferFunctionScriptingTraits (0ms)
		AnalyzeDomain (20ms)
			TypeCache.Refresh (6ms)
				TypeCache.ScanAssembly (1ms)
			ScanForSourceGeneratedMonoScriptInfo (7ms)
			ResolveRequiredComponents (5ms)
	FinalizeReload (620ms)
		ReleaseScriptCaches (0ms)
		RebuildScriptCaches (0ms)
		SetupLoadedEditorAssemblies (413ms)
			LogAssemblyErrors (0ms)
			InitializePlatformSupportModulesInManaged (4ms)
			SetLoadedEditorAssemblies (3ms)
			RefreshPlugins (0ms)
			BeforeProcessingInitializeOnLoad (63ms)
			ProcessInitializeOnLoadAttributes (322ms)
			ProcessInitializeOnLoadMethodAttributes (18ms)
			AfterProcessingInitializeOnLoad (3ms)
			EditorAssembliesLoaded (0ms)
		ExecutionOrderSort2 (0ms)
		AwakeInstancesAfterBackupRestoration (3ms)
Refreshing native plugins compatible for Editor in 1.74 ms, found 4 plugins.
Preloading 0 native plugins for Editor in 0.00 ms.
Unloading 4399 Unused Serialized files (Serialized files now loaded: 0)
Unloading 38 unused Assets / (97.2 KB). Loaded Objects now: 4994.
Memory consumption went from 213.0 MB to 212.9 MB.
Total: 2.030300 ms (FindLiveObjects: 0.154100 ms CreateObjectMapping: 0.051400 ms MarkObjects: 1.741200 ms  DeleteObjects: 0.083000 ms)

Prepare: number of updated asset objects reloaded= 0
AssetImportParameters requested are different than current active one (requested -> active):
  custom:container-demuxer-ogg: 62fdf1f143b41e24485cea50d1cbac27 -> 
  custom:video-codec-MediaFoundation-h265: 746d11721c4dcdbdad8f713fa42b33f4 -> 
  custom:video-decoder-ogg-theora: a1e56fd34408186e4bbccfd4996cb3dc -> 
  custom:framework-win-MediaFoundation: 216162199b28c13a410421893ffa2e32 -> 
  custom:CustomObjectIndexerAttribute: 6d391050e5a25f67b0a2c618074f2cd9 -> 
  custom:container-demuxer-webm: 4f35f7cbe854078d1ac9338744f61a02 -> 
  custom:container-muxer-webm: aa71ff27fc2769a1b78a27578f13a17b -> 
  custom:video-decoder-webm-vp8: 9c59270c3fd7afecdb556c50c9e8de78 -> 
  custom:SearchIndexIgnoredProperties: e643bd26f0fe6173181afceb89e7c659 -> 
  custom:AudioImporter_EditorPlatform: d09bf68614088b80899f8185d706f6e7 -> 
  custom:video-encoder-webm-vp8: eb34c28f22e8b96e1ab97ce403110664 -> 
  custom:audio-decoder-ogg-vorbis: bf7c407c2cedff20999df2af8eb42d56 -> 
  custom:audio-encoder-webm-vorbis: bf7c407c2cedff20999df2af8eb42d56 -> 
========================================================================
Received Prepare
Begin MonoManager ReloadAssembly
Symbol file LoadedFromMemory is not a mono symbol file
- Loaded All Assemblies, in  0.260 seconds
Refreshing native plugins compatible for Editor in 1.87 ms, found 4 plugins.
Native extension for WindowsStandalone target not found
Mono: successfully reloaded assembly
- Finished resetting the current domain, in  0.673 seconds
Domain Reload Profiling: 933ms
	BeginReloadAssembly (83ms)
		ExecutionOrderSort (0ms)
		DisableScriptedObjects (3ms)
		BackupInstance (0ms)
		ReleaseScriptingObjects (0ms)
		CreateAndSetChildDomain (17ms)
	RebuildCommonClasses (17ms)
	RebuildNativeTypeToScriptingClass (6ms)
	initialDomainReloadingComplete (16ms)
	LoadAllAssembliesAndSetupDomain (137ms)
		LoadAssemblies (166ms)
		RebuildTransferFunctionScriptingTraits (0ms)
		AnalyzeDomain (12ms)
			TypeCache.Refresh (4ms)
				TypeCache.ScanAssembly (0ms)
			ScanForSourceGeneratedMonoScriptInfo (0ms)
			ResolveRequiredComponents (5ms)
	FinalizeReload (674ms)
		ReleaseScriptCaches (0ms)
		RebuildScriptCaches (0ms)
		SetupLoadedEditorAssemblies (451ms)
			LogAssemblyErrors (0ms)
			InitializePlatformSupportModulesInManaged (3ms)
			SetLoadedEditorAssemblies (4ms)
			RefreshPlugins (0ms)
			BeforeProcessingInitializeOnLoad (67ms)
			ProcessInitializeOnLoadAttributes (353ms)
			ProcessInitializeOnLoadMethodAttributes (20ms)
			AfterProcessingInitializeOnLoad (3ms)
			EditorAssembliesLoaded (0ms)
		ExecutionOrderSort2 (0ms)
		AwakeInstancesAfterBackupRestoration (4ms)
Refreshing native plugins compatible for Editor in 2.04 ms, found 4 plugins.
Preloading 0 native plugins for Editor in 0.00 ms.
Unloading 4399 Unused Serialized files (Serialized files now loaded: 0)
Unloading 38 unused Assets / (98.3 KB). Loaded Objects now: 4998.
Memory consumption went from 214.9 MB to 214.8 MB.
Total: 2.143100 ms (FindLiveObjects: 0.145300 ms CreateObjectMapping: 0.049900 ms MarkObjects: 1.863200 ms  DeleteObjects: 0.083900 ms)

Prepare: number of updated asset objects reloaded= 0
AssetImportParameters requested are different than current active one (requested -> active):
  custom:container-demuxer-ogg: 62fdf1f143b41e24485cea50d1cbac27 -> 
  custom:video-codec-MediaFoundation-h265: 746d11721c4dcdbdad8f713fa42b33f4 -> 
  custom:video-decoder-ogg-theora: a1e56fd34408186e4bbccfd4996cb3dc -> 
  custom:framework-win-MediaFoundation: 216162199b28c13a410421893ffa2e32 -> 
  custom:CustomObjectIndexerAttribute: 6d391050e5a25f67b0a2c618074f2cd9 -> 
  custom:container-demuxer-webm: 4f35f7cbe854078d1ac9338744f61a02 -> 
  custom:container-muxer-webm: aa71ff27fc2769a1b78a27578f13a17b -> 
  custom:video-decoder-webm-vp8: 9c59270c3fd7afecdb556c50c9e8de78 -> 
  custom:SearchIndexIgnoredProperties: e643bd26f0fe6173181afceb89e7c659 -> 
  custom:AudioImporter_EditorPlatform: d09bf68614088b80899f8185d706f6e7 -> 
  custom:video-encoder-webm-vp8: eb34c28f22e8b96e1ab97ce403110664 -> 
  custom:audio-decoder-ogg-vorbis: bf7c407c2cedff20999df2af8eb42d56 -> 
  custom:audio-encoder-webm-vorbis: bf7c407c2cedff20999df2af8eb42d56 -> 
========================================================================
Received Prepare
Begin MonoManager ReloadAssembly
Symbol file LoadedFromMemory is not a mono symbol file
- Loaded All Assemblies, in  0.269 seconds
Refreshing native plugins compatible for Editor in 1.81 ms, found 4 plugins.
Native extension for WindowsStandalone target not found
Mono: successfully reloaded assembly
- Finished resetting the current domain, in  0.604 seconds
Domain Reload Profiling: 873ms
	BeginReloadAssembly (85ms)
		ExecutionOrderSort (0ms)
		DisableScriptedObjects (3ms)
		BackupInstance (0ms)
		ReleaseScriptingObjects (0ms)
		CreateAndSetChildDomain (18ms)
	RebuildCommonClasses (17ms)
	RebuildNativeTypeToScriptingClass (6ms)
	initialDomainReloadingComplete (15ms)
	LoadAllAssembliesAndSetupDomain (146ms)
		LoadAssemblies (168ms)
		RebuildTransferFunctionScriptingTraits (0ms)
		AnalyzeDomain (19ms)
			TypeCache.Refresh (6ms)
				TypeCache.ScanAssembly (1ms)
			ScanForSourceGeneratedMonoScriptInfo (6ms)
			ResolveRequiredComponents (5ms)
	FinalizeReload (605ms)
		ReleaseScriptCaches (0ms)
		RebuildScriptCaches (0ms)
		SetupLoadedEditorAssemblies (402ms)
			LogAssemblyErrors (0ms)
			InitializePlatformSupportModulesInManaged (4ms)
			SetLoadedEditorAssemblies (3ms)
			RefreshPlugins (0ms)
			BeforeProcessingInitializeOnLoad (62ms)
			ProcessInitializeOnLoadAttributes (312ms)
			ProcessInitializeOnLoadMethodAttributes (18ms)
			AfterProcessingInitializeOnLoad (3ms)
			EditorAssembliesLoaded (0ms)
		ExecutionOrderSort2 (0ms)
		AwakeInstancesAfterBackupRestoration (4ms)
Refreshing native plugins compatible for Editor in 1.72 ms, found 4 plugins.
Preloading 0 native plugins for Editor in 0.00 ms.
Unloading 4399 Unused Serialized files (Serialized files now loaded: 0)
Unloading 38 unused Assets / (97.3 KB). Loaded Objects now: 5002.
Memory consumption went from 216.8 MB to 216.7 MB.
Total: 2.211700 ms (FindLiveObjects: 0.212100 ms CreateObjectMapping: 0.147400 ms MarkObjects: 1.773600 ms  DeleteObjects: 0.077000 ms)

Prepare: number of updated asset objects reloaded= 0
AssetImportParameters requested are different than current active one (requested -> active):
  custom:container-demuxer-ogg: 62fdf1f143b41e24485cea50d1cbac27 -> 
  custom:video-codec-MediaFoundation-h265: 746d11721c4dcdbdad8f713fa42b33f4 -> 
  custom:video-decoder-ogg-theora: a1e56fd34408186e4bbccfd4996cb3dc -> 
  custom:framework-win-MediaFoundation: 216162199b28c13a410421893ffa2e32 -> 
  custom:CustomObjectIndexerAttribute: 6d391050e5a25f67b0a2c618074f2cd9 -> 
  custom:container-demuxer-webm: 4f35f7cbe854078d1ac9338744f61a02 -> 
  custom:container-muxer-webm: aa71ff27fc2769a1b78a27578f13a17b -> 
  custom:video-decoder-webm-vp8: 9c59270c3fd7afecdb556c50c9e8de78 -> 
  custom:SearchIndexIgnoredProperties: e643bd26f0fe6173181afceb89e7c659 -> 
  custom:AudioImporter_EditorPlatform: d09bf68614088b80899f8185d706f6e7 -> 
  custom:video-encoder-webm-vp8: eb34c28f22e8b96e1ab97ce403110664 -> 
  custom:audio-decoder-ogg-vorbis: bf7c407c2cedff20999df2af8eb42d56 -> 
  custom:audio-encoder-webm-vorbis: bf7c407c2cedff20999df2af8eb42d56 -> 
========================================================================
Received Prepare
Begin MonoManager ReloadAssembly
Symbol file LoadedFromMemory is not a mono symbol file
- Loaded All Assemblies, in  0.264 seconds
Refreshing native plugins compatible for Editor in 1.90 ms, found 4 plugins.
Native extension for WindowsStandalone target not found
Mono: successfully reloaded assembly
- Finished resetting the current domain, in  0.665 seconds
Domain Reload Profiling: 929ms
	BeginReloadAssembly (85ms)
		ExecutionOrderSort (0ms)
		DisableScriptedObjects (3ms)
		BackupInstance (0ms)
		ReleaseScriptingObjects (0ms)
		CreateAndSetChildDomain (18ms)
	RebuildCommonClasses (17ms)
	RebuildNativeTypeToScriptingClass (6ms)
	initialDomainReloadingComplete (15ms)
	LoadAllAssembliesAndSetupDomain (140ms)
		LoadAssemblies (170ms)
		RebuildTransferFunctionScriptingTraits (0ms)
		AnalyzeDomain (12ms)
			TypeCache.Refresh (4ms)
				TypeCache.ScanAssembly (0ms)
			ScanForSourceGeneratedMonoScriptInfo (0ms)
			ResolveRequiredComponents (5ms)
	FinalizeReload (666ms)
		ReleaseScriptCaches (0ms)
		RebuildScriptCaches (0ms)
		SetupLoadedEditorAssemblies (441ms)
			LogAssemblyErrors (0ms)
			InitializePlatformSupportModulesInManaged (4ms)
			SetLoadedEditorAssemblies (3ms)
			RefreshPlugins (0ms)
			BeforeProcessingInitializeOnLoad (63ms)
			ProcessInitializeOnLoadAttributes (347ms)
			ProcessInitializeOnLoadMethodAttributes (20ms)
			AfterProcessingInitializeOnLoad (3ms)
			EditorAssembliesLoaded (0ms)
		ExecutionOrderSort2 (0ms)
		AwakeInstancesAfterBackupRestoration (4ms)
Refreshing native plugins compatible for Editor in 1.99 ms, found 4 plugins.
Preloading 0 native plugins for Editor in 0.00 ms.
Unloading 4399 Unused Serialized files (Serialized files now loaded: 0)
Unloading 38 unused Assets / (97.3 KB). Loaded Objects now: 5006.
Memory consumption went from 218.8 MB to 218.7 MB.
Total: 2.015700 ms (FindLiveObjects: 0.154500 ms CreateObjectMapping: 0.050800 ms MarkObjects: 1.730700 ms  DeleteObjects: 0.078800 ms)

Prepare: number of updated asset objects reloaded= 0
AssetImportParameters requested are different than current active one (requested -> active):
  custom:container-demuxer-ogg: 62fdf1f143b41e24485cea50d1cbac27 -> 
  custom:video-codec-MediaFoundation-h265: 746d11721c4dcdbdad8f713fa42b33f4 -> 
  custom:video-decoder-ogg-theora: a1e56fd34408186e4bbccfd4996cb3dc -> 
  custom:framework-win-MediaFoundation: 216162199b28c13a410421893ffa2e32 -> 
  custom:CustomObjectIndexerAttribute: 6d391050e5a25f67b0a2c618074f2cd9 -> 
  custom:container-demuxer-webm: 4f35f7cbe854078d1ac9338744f61a02 -> 
  custom:container-muxer-webm: aa71ff27fc2769a1b78a27578f13a17b -> 
  custom:video-decoder-webm-vp8: 9c59270c3fd7afecdb556c50c9e8de78 -> 
  custom:SearchIndexIgnoredProperties: e643bd26f0fe6173181afceb89e7c659 -> 
  custom:AudioImporter_EditorPlatform: d09bf68614088b80899f8185d706f6e7 -> 
  custom:video-encoder-webm-vp8: eb34c28f22e8b96e1ab97ce403110664 -> 
  custom:audio-decoder-ogg-vorbis: bf7c407c2cedff20999df2af8eb42d56 -> 
  custom:audio-encoder-webm-vorbis: bf7c407c2cedff20999df2af8eb42d56 -> 
========================================================================
Received Prepare
Begin MonoManager ReloadAssembly
Symbol file LoadedFromMemory is not a mono symbol file
- Loaded All Assemblies, in  0.263 seconds
Refreshing native plugins compatible for Editor in 1.81 ms, found 4 plugins.
Native extension for WindowsStandalone target not found
Mono: successfully reloaded assembly
- Finished resetting the current domain, in  0.672 seconds
Domain Reload Profiling: 934ms
	BeginReloadAssembly (86ms)
		ExecutionOrderSort (0ms)
		DisableScriptedObjects (3ms)
		BackupInstance (0ms)
		ReleaseScriptingObjects (0ms)
		CreateAndSetChildDomain (19ms)
	RebuildCommonClasses (17ms)
	RebuildNativeTypeToScriptingClass (6ms)
	initialDomainReloadingComplete (17ms)
	LoadAllAssembliesAndSetupDomain (136ms)
		LoadAssemblies (167ms)
		RebuildTransferFunctionScriptingTraits (0ms)
		AnalyzeDomain (11ms)
			TypeCache.Refresh (4ms)
				TypeCache.ScanAssembly (0ms)
			ScanForSourceGeneratedMonoScriptInfo (0ms)
			ResolveRequiredComponents (5ms)
	FinalizeReload (672ms)
		ReleaseScriptCaches (0ms)
		RebuildScriptCaches (0ms)
		SetupLoadedEditorAssemblies (446ms)
			LogAssemblyErrors (0ms)
			InitializePlatformSupportModulesInManaged (4ms)
			SetLoadedEditorAssemblies (4ms)
			RefreshPlugins (0ms)
			BeforeProcessingInitializeOnLoad (66ms)
			ProcessInitializeOnLoadAttributes (347ms)
			ProcessInitializeOnLoadMethodAttributes (22ms)
			AfterProcessingInitializeOnLoad (3ms)
			EditorAssembliesLoaded (0ms)
		ExecutionOrderSort2 (0ms)
		AwakeInstancesAfterBackupRestoration (4ms)
Refreshing native plugins compatible for Editor in 1.82 ms, found 4 plugins.
Preloading 0 native plugins for Editor in 0.00 ms.
Unloading 4399 Unused Serialized files (Serialized files now loaded: 0)
Unloading 38 unused Assets / (98.3 KB). Loaded Objects now: 5010.
Memory consumption went from 220.7 MB to 220.6 MB.
Total: 2.124200 ms (FindLiveObjects: 0.151300 ms CreateObjectMapping: 0.050300 ms MarkObjects: 1.843700 ms  DeleteObjects: 0.078400 ms)

Prepare: number of updated asset objects reloaded= 0
AssetImportParameters requested are different than current active one (requested -> active):
  custom:container-demuxer-ogg: 62fdf1f143b41e24485cea50d1cbac27 -> 
  custom:video-codec-MediaFoundation-h265: 746d11721c4dcdbdad8f713fa42b33f4 -> 
  custom:video-decoder-ogg-theora: a1e56fd34408186e4bbccfd4996cb3dc -> 
  custom:framework-win-MediaFoundation: 216162199b28c13a410421893ffa2e32 -> 
  custom:CustomObjectIndexerAttribute: 6d391050e5a25f67b0a2c618074f2cd9 -> 
  custom:container-demuxer-webm: 4f35f7cbe854078d1ac9338744f61a02 -> 
  custom:container-muxer-webm: aa71ff27fc2769a1b78a27578f13a17b -> 
  custom:video-decoder-webm-vp8: 9c59270c3fd7afecdb556c50c9e8de78 -> 
  custom:SearchIndexIgnoredProperties: e643bd26f0fe6173181afceb89e7c659 -> 
  custom:AudioImporter_EditorPlatform: d09bf68614088b80899f8185d706f6e7 -> 
  custom:video-encoder-webm-vp8: eb34c28f22e8b96e1ab97ce403110664 -> 
  custom:audio-decoder-ogg-vorbis: bf7c407c2cedff20999df2af8eb42d56 -> 
  custom:audio-encoder-webm-vorbis: bf7c407c2cedff20999df2af8eb42d56 -> 
========================================================================
Received Prepare
Begin MonoManager ReloadAssembly
Symbol file LoadedFromMemory is not a mono symbol file
- Loaded All Assemblies, in  0.275 seconds
Refreshing native plugins compatible for Editor in 1.81 ms, found 4 plugins.
Native extension for WindowsStandalone target not found
Mono: successfully reloaded assembly
- Finished resetting the current domain, in  0.620 seconds
Domain Reload Profiling: 895ms
	BeginReloadAssembly (86ms)
		ExecutionOrderSort (0ms)
		DisableScriptedObjects (3ms)
		BackupInstance (0ms)
		ReleaseScriptingObjects (0ms)
		CreateAndSetChildDomain (19ms)
	RebuildCommonClasses (18ms)
	RebuildNativeTypeToScriptingClass (6ms)
	initialDomainReloadingComplete (16ms)
	LoadAllAssembliesAndSetupDomain (148ms)
		LoadAssemblies (170ms)
		RebuildTransferFunctionScriptingTraits (0ms)
		AnalyzeDomain (20ms)
			TypeCache.Refresh (7ms)
				TypeCache.ScanAssembly (1ms)
			ScanForSourceGeneratedMonoScriptInfo (7ms)
			ResolveRequiredComponents (5ms)
	FinalizeReload (620ms)
		ReleaseScriptCaches (0ms)
		RebuildScriptCaches (0ms)
		SetupLoadedEditorAssemblies (416ms)
			LogAssemblyErrors (0ms)
			InitializePlatformSupportModulesInManaged (4ms)
			SetLoadedEditorAssemblies (3ms)
			RefreshPlugins (0ms)
			BeforeProcessingInitializeOnLoad (63ms)
			ProcessInitializeOnLoadAttributes (325ms)
			ProcessInitializeOnLoadMethodAttributes (18ms)
			AfterProcessingInitializeOnLoad (3ms)
			EditorAssembliesLoaded (0ms)
		ExecutionOrderSort2 (0ms)
		AwakeInstancesAfterBackupRestoration (4ms)
Refreshing native plugins compatible for Editor in 1.79 ms, found 4 plugins.
Preloading 0 native plugins for Editor in 0.00 ms.
Unloading 4399 Unused Serialized files (Serialized files now loaded: 0)
Unloading 38 unused Assets / (97.4 KB). Loaded Objects now: 5014.
Memory consumption went from 222.6 MB to 222.5 MB.
Total: 2.060700 ms (FindLiveObjects: 0.148000 ms CreateObjectMapping: 0.050100 ms MarkObjects: 1.781500 ms  DeleteObjects: 0.080500 ms)

Prepare: number of updated asset objects reloaded= 0
AssetImportParameters requested are different than current active one (requested -> active):
  custom:container-demuxer-ogg: 62fdf1f143b41e24485cea50d1cbac27 -> 
  custom:video-codec-MediaFoundation-h265: 746d11721c4dcdbdad8f713fa42b33f4 -> 
  custom:video-decoder-ogg-theora: a1e56fd34408186e4bbccfd4996cb3dc -> 
  custom:framework-win-MediaFoundation: 216162199b28c13a410421893ffa2e32 -> 
  custom:CustomObjectIndexerAttribute: 6d391050e5a25f67b0a2c618074f2cd9 -> 
  custom:container-demuxer-webm: 4f35f7cbe854078d1ac9338744f61a02 -> 
  custom:container-muxer-webm: aa71ff27fc2769a1b78a27578f13a17b -> 
  custom:video-decoder-webm-vp8: 9c59270c3fd7afecdb556c50c9e8de78 -> 
  custom:SearchIndexIgnoredProperties: e643bd26f0fe6173181afceb89e7c659 -> 
  custom:AudioImporter_EditorPlatform: d09bf68614088b80899f8185d706f6e7 -> 
  custom:video-encoder-webm-vp8: eb34c28f22e8b96e1ab97ce403110664 -> 
  custom:audio-decoder-ogg-vorbis: bf7c407c2cedff20999df2af8eb42d56 -> 
  custom:audio-encoder-webm-vorbis: bf7c407c2cedff20999df2af8eb42d56 -> 
========================================================================
Received Prepare
Begin MonoManager ReloadAssembly
Symbol file LoadedFromMemory is not a mono symbol file
- Loaded All Assemblies, in  0.254 seconds
Refreshing native plugins compatible for Editor in 1.74 ms, found 4 plugins.
Native extension for WindowsStandalone target not found
Mono: successfully reloaded assembly
- Finished resetting the current domain, in  0.669 seconds
Domain Reload Profiling: 923ms
	BeginReloadAssembly (82ms)
		ExecutionOrderSort (0ms)
		DisableScriptedObjects (3ms)
		BackupInstance (0ms)
		ReleaseScriptingObjects (0ms)
		CreateAndSetChildDomain (18ms)
	RebuildCommonClasses (17ms)
	RebuildNativeTypeToScriptingClass (6ms)
	initialDomainReloadingComplete (15ms)
	LoadAllAssembliesAndSetupDomain (134ms)
		LoadAssemblies (162ms)
		RebuildTransferFunctionScriptingTraits (0ms)
		AnalyzeDomain (11ms)
			TypeCache.Refresh (4ms)
				TypeCache.ScanAssembly (0ms)
			ScanForSourceGeneratedMonoScriptInfo (0ms)
			ResolveRequiredComponents (5ms)
	FinalizeReload (670ms)
		ReleaseScriptCaches (0ms)
		RebuildScriptCaches (0ms)
		SetupLoadedEditorAssemblies (446ms)
			LogAssemblyErrors (0ms)
			InitializePlatformSupportModulesInManaged (4ms)
			SetLoadedEditorAssemblies (4ms)
			RefreshPlugins (0ms)
			BeforeProcessingInitializeOnLoad (66ms)
			ProcessInitializeOnLoadAttributes (349ms)
			ProcessInitializeOnLoadMethodAttributes (21ms)
			AfterProcessingInitializeOnLoad (3ms)
			EditorAssembliesLoaded (0ms)
		ExecutionOrderSort2 (0ms)
		AwakeInstancesAfterBackupRestoration (4ms)
Refreshing native plugins compatible for Editor in 1.94 ms, found 4 plugins.
Preloading 0 native plugins for Editor in 0.00 ms.
Unloading 4399 Unused Serialized files (Serialized files now loaded: 0)
Unloading 38 unused Assets / (97.3 KB). Loaded Objects now: 5018.
Memory consumption went from 224.5 MB to 224.4 MB.
Total: 2.137600 ms (FindLiveObjects: 0.152800 ms CreateObjectMapping: 0.051900 ms MarkObjects: 1.857600 ms  DeleteObjects: 0.074600 ms)

Prepare: number of updated asset objects reloaded= 0
AssetImportParameters requested are different than current active one (requested -> active):
  custom:container-demuxer-ogg: 62fdf1f143b41e24485cea50d1cbac27 -> 
  custom:video-codec-MediaFoundation-h265: 746d11721c4dcdbdad8f713fa42b33f4 -> 
  custom:video-decoder-ogg-theora: a1e56fd34408186e4bbccfd4996cb3dc -> 
  custom:framework-win-MediaFoundation: 216162199b28c13a410421893ffa2e32 -> 
  custom:CustomObjectIndexerAttribute: 6d391050e5a25f67b0a2c618074f2cd9 -> 
  custom:container-demuxer-webm: 4f35f7cbe854078d1ac9338744f61a02 -> 
  custom:container-muxer-webm: aa71ff27fc2769a1b78a27578f13a17b -> 
  custom:video-decoder-webm-vp8: 9c59270c3fd7afecdb556c50c9e8de78 -> 
  custom:SearchIndexIgnoredProperties: e643bd26f0fe6173181afceb89e7c659 -> 
  custom:AudioImporter_EditorPlatform: d09bf68614088b80899f8185d706f6e7 -> 
  custom:video-encoder-webm-vp8: eb34c28f22e8b96e1ab97ce403110664 -> 
  custom:audio-decoder-ogg-vorbis: bf7c407c2cedff20999df2af8eb42d56 -> 
  custom:audio-encoder-webm-vorbis: bf7c407c2cedff20999df2af8eb42d56 -> 
========================================================================
Received Import Request.
  Time since last request: 1521.576811 seconds.
  path: Assets/Scripts/Player/PlayerLook.cs
  artifactKey: Guid(a0d82acce3b042afa1cf4cde89844c86) Importer(815301076,1909f56bfc062723c751e8b465ee728b)
Start importing Assets/Scripts/Player/PlayerLook.cs using Guid(a0d82acce3b042afa1cf4cde89844c86) Importer(815301076,1909f56bfc062723c751e8b465ee728b)  -> (artifact id: '1908dc645fdd4fdd4e6effc5806a72b6') in 0.015810 seconds
Number of updated asset objects reloaded before import = 0
Number of asset objects unloaded after import = 0
========================================================================
Received Prepare
Begin MonoManager ReloadAssembly
Symbol file LoadedFromMemory is not a mono symbol file
- Loaded All Assemblies, in  0.293 seconds
Refreshing native plugins compatible for Editor in 1.72 ms, found 4 plugins.
Native extension for WindowsStandalone target not found
Mono: successfully reloaded assembly
- Finished resetting the current domain, in  0.627 seconds
Domain Reload Profiling: 919ms
	BeginReloadAssembly (94ms)
		ExecutionOrderSort (0ms)
		DisableScriptedObjects (3ms)
		BackupInstance (0ms)
		ReleaseScriptingObjects (0ms)
		CreateAndSetChildDomain (24ms)
	RebuildCommonClasses (18ms)
	RebuildNativeTypeToScriptingClass (6ms)
	initialDomainReloadingComplete (15ms)
	LoadAllAssembliesAndSetupDomain (158ms)
		LoadAssemblies (183ms)
		RebuildTransferFunctionScriptingTraits (0ms)
		AnalyzeDomain (19ms)
			TypeCache.Refresh (6ms)
				TypeCache.ScanAssembly (1ms)
			ScanForSourceGeneratedMonoScriptInfo (7ms)
			ResolveRequiredComponents (5ms)
	FinalizeReload (627ms)
		ReleaseScriptCaches (0ms)
		RebuildScriptCaches (0ms)
		SetupLoadedEditorAssemblies (418ms)
			LogAssemblyErrors (0ms)
			InitializePlatformSupportModulesInManaged (4ms)
			SetLoadedEditorAssemblies (3ms)
			RefreshPlugins (0ms)
			BeforeProcessingInitializeOnLoad (63ms)
			ProcessInitializeOnLoadAttributes (326ms)
			ProcessInitializeOnLoadMethodAttributes (19ms)
			AfterProcessingInitializeOnLoad (3ms)
			EditorAssembliesLoaded (0ms)
		ExecutionOrderSort2 (0ms)
		AwakeInstancesAfterBackupRestoration (3ms)
Refreshing native plugins compatible for Editor in 1.67 ms, found 4 plugins.
Preloading 0 native plugins for Editor in 0.00 ms.
Unloading 4399 Unused Serialized files (Serialized files now loaded: 0)
Unloading 38 unused Assets / (98.4 KB). Loaded Objects now: 5022.
Memory consumption went from 226.4 MB to 226.3 MB.
Total: 2.098300 ms (FindLiveObjects: 0.148500 ms CreateObjectMapping: 0.050600 ms MarkObjects: 1.819200 ms  DeleteObjects: 0.079300 ms)

Prepare: number of updated asset objects reloaded= 0
AssetImportParameters requested are different than current active one (requested -> active):
  custom:container-demuxer-ogg: 62fdf1f143b41e24485cea50d1cbac27 -> 
  custom:video-codec-MediaFoundation-h265: 746d11721c4dcdbdad8f713fa42b33f4 -> 
  custom:video-decoder-ogg-theora: a1e56fd34408186e4bbccfd4996cb3dc -> 
  custom:framework-win-MediaFoundation: 216162199b28c13a410421893ffa2e32 -> 
  custom:CustomObjectIndexerAttribute: 6d391050e5a25f67b0a2c618074f2cd9 -> 
  custom:container-demuxer-webm: 4f35f7cbe854078d1ac9338744f61a02 -> 
  custom:container-muxer-webm: aa71ff27fc2769a1b78a27578f13a17b -> 
  custom:video-decoder-webm-vp8: 9c59270c3fd7afecdb556c50c9e8de78 -> 
  custom:SearchIndexIgnoredProperties: e643bd26f0fe6173181afceb89e7c659 -> 
  custom:AudioImporter_EditorPlatform: d09bf68614088b80899f8185d706f6e7 -> 
  custom:video-encoder-webm-vp8: eb34c28f22e8b96e1ab97ce403110664 -> 
  custom:audio-decoder-ogg-vorbis: bf7c407c2cedff20999df2af8eb42d56 -> 
  custom:audio-encoder-webm-vorbis: bf7c407c2cedff20999df2af8eb42d56 -> 
========================================================================
Received Prepare
Begin MonoManager ReloadAssembly
Symbol file LoadedFromMemory is not a mono symbol file
- Loaded All Assemblies, in  0.261 seconds
Refreshing native plugins compatible for Editor in 1.68 ms, found 4 plugins.
Native extension for WindowsStandalone target not found
Mono: successfully reloaded assembly
- Finished resetting the current domain, in  0.667 seconds
Domain Reload Profiling: 928ms
	BeginReloadAssembly (89ms)
		ExecutionOrderSort (0ms)
		DisableScriptedObjects (3ms)
		BackupInstance (0ms)
		ReleaseScriptingObjects (0ms)
		CreateAndSetChildDomain (21ms)
	RebuildCommonClasses (17ms)
	RebuildNativeTypeToScriptingClass (6ms)
	initialDomainReloadingComplete (15ms)
	LoadAllAssembliesAndSetupDomain (134ms)
		LoadAssemblies (164ms)
		RebuildTransferFunctionScriptingTraits (0ms)
		AnalyzeDomain (11ms)
			TypeCache.Refresh (4ms)
				TypeCache.ScanAssembly (0ms)
			ScanForSourceGeneratedMonoScriptInfo (0ms)
			ResolveRequiredComponents (5ms)
	FinalizeReload (667ms)
		ReleaseScriptCaches (0ms)
		RebuildScriptCaches (0ms)
		SetupLoadedEditorAssemblies (447ms)
			LogAssemblyErrors (0ms)
			InitializePlatformSupportModulesInManaged (3ms)
			SetLoadedEditorAssemblies (4ms)
			RefreshPlugins (0ms)
			BeforeProcessingInitializeOnLoad (65ms)
			ProcessInitializeOnLoadAttributes (351ms)
			ProcessInitializeOnLoadMethodAttributes (20ms)
			AfterProcessingInitializeOnLoad (3ms)
			EditorAssembliesLoaded (0ms)
		ExecutionOrderSort2 (0ms)
		AwakeInstancesAfterBackupRestoration (4ms)
Refreshing native plugins compatible for Editor in 1.80 ms, found 4 plugins.
Preloading 0 native plugins for Editor in 0.00 ms.
Unloading 4399 Unused Serialized files (Serialized files now loaded: 0)
Unloading 38 unused Assets / (97.4 KB). Loaded Objects now: 5026.
Memory consumption went from 228.4 MB to 228.3 MB.
Total: 2.544100 ms (FindLiveObjects: 0.148500 ms CreateObjectMapping: 0.050100 ms MarkObjects: 2.255700 ms  DeleteObjects: 0.088700 ms)

Prepare: number of updated asset objects reloaded= 0
AssetImportParameters requested are different than current active one (requested -> active):
  custom:container-demuxer-ogg: 62fdf1f143b41e24485cea50d1cbac27 -> 
  custom:video-codec-MediaFoundation-h265: 746d11721c4dcdbdad8f713fa42b33f4 -> 
  custom:video-decoder-ogg-theora: a1e56fd34408186e4bbccfd4996cb3dc -> 
  custom:framework-win-MediaFoundation: 216162199b28c13a410421893ffa2e32 -> 
  custom:CustomObjectIndexerAttribute: 6d391050e5a25f67b0a2c618074f2cd9 -> 
  custom:container-demuxer-webm: 4f35f7cbe854078d1ac9338744f61a02 -> 
  custom:container-muxer-webm: aa71ff27fc2769a1b78a27578f13a17b -> 
  custom:video-decoder-webm-vp8: 9c59270c3fd7afecdb556c50c9e8de78 -> 
  custom:SearchIndexIgnoredProperties: e643bd26f0fe6173181afceb89e7c659 -> 
  custom:AudioImporter_EditorPlatform: d09bf68614088b80899f8185d706f6e7 -> 
  custom:video-encoder-webm-vp8: eb34c28f22e8b96e1ab97ce403110664 -> 
  custom:audio-decoder-ogg-vorbis: bf7c407c2cedff20999df2af8eb42d56 -> 
  custom:audio-encoder-webm-vorbis: bf7c407c2cedff20999df2af8eb42d56 -> 
========================================================================
Received Prepare
Begin MonoManager ReloadAssembly
Symbol file LoadedFromMemory is not a mono symbol file
- Loaded All Assemblies, in  0.279 seconds
Refreshing native plugins compatible for Editor in 1.75 ms, found 4 plugins.
Native extension for WindowsStandalone target not found
Mono: successfully reloaded assembly
- Finished resetting the current domain, in  0.638 seconds
Domain Reload Profiling: 916ms
	BeginReloadAssembly (92ms)
		ExecutionOrderSort (0ms)
		DisableScriptedObjects (3ms)
		BackupInstance (0ms)
		ReleaseScriptingObjects (0ms)
		CreateAndSetChildDomain (22ms)
	RebuildCommonClasses (17ms)
	RebuildNativeTypeToScriptingClass (6ms)
	initialDomainReloadingComplete (15ms)
	LoadAllAssembliesAndSetupDomain (148ms)
		LoadAssemblies (172ms)
		RebuildTransferFunctionScriptingTraits (0ms)
		AnalyzeDomain (20ms)
			TypeCache.Refresh (6ms)
				TypeCache.ScanAssembly (1ms)
			ScanForSourceGeneratedMonoScriptInfo (7ms)
			ResolveRequiredComponents (6ms)
	FinalizeReload (638ms)
		ReleaseScriptCaches (0ms)
		RebuildScriptCaches (0ms)
		SetupLoadedEditorAssemblies (440ms)
			LogAssemblyErrors (0ms)
			InitializePlatformSupportModulesInManaged (4ms)
			SetLoadedEditorAssemblies (3ms)
			RefreshPlugins (0ms)
			BeforeProcessingInitializeOnLoad (65ms)
			ProcessInitializeOnLoadAttributes (344ms)
			ProcessInitializeOnLoadMethodAttributes (21ms)
			AfterProcessingInitializeOnLoad (3ms)
			EditorAssembliesLoaded (0ms)
		ExecutionOrderSort2 (0ms)
		AwakeInstancesAfterBackupRestoration (3ms)
Refreshing native plugins compatible for Editor in 1.63 ms, found 4 plugins.
Preloading 0 native plugins for Editor in 0.00 ms.
Unloading 4399 Unused Serialized files (Serialized files now loaded: 0)
Unloading 38 unused Assets / (97.3 KB). Loaded Objects now: 5030.
Memory consumption went from 230.3 MB to 230.3 MB.
Total: 2.015300 ms (FindLiveObjects: 0.145200 ms CreateObjectMapping: 0.052800 ms MarkObjects: 1.740700 ms  DeleteObjects: 0.076100 ms)

Prepare: number of updated asset objects reloaded= 0
AssetImportParameters requested are different than current active one (requested -> active):
  custom:container-demuxer-ogg: 62fdf1f143b41e24485cea50d1cbac27 -> 
  custom:video-codec-MediaFoundation-h265: 746d11721c4dcdbdad8f713fa42b33f4 -> 
  custom:video-decoder-ogg-theora: a1e56fd34408186e4bbccfd4996cb3dc -> 
  custom:framework-win-MediaFoundation: 216162199b28c13a410421893ffa2e32 -> 
  custom:CustomObjectIndexerAttribute: 6d391050e5a25f67b0a2c618074f2cd9 -> 
  custom:container-demuxer-webm: 4f35f7cbe854078d1ac9338744f61a02 -> 
  custom:container-muxer-webm: aa71ff27fc2769a1b78a27578f13a17b -> 
  custom:video-decoder-webm-vp8: 9c59270c3fd7afecdb556c50c9e8de78 -> 
  custom:SearchIndexIgnoredProperties: e643bd26f0fe6173181afceb89e7c659 -> 
  custom:AudioImporter_EditorPlatform: d09bf68614088b80899f8185d706f6e7 -> 
  custom:video-encoder-webm-vp8: eb34c28f22e8b96e1ab97ce403110664 -> 
  custom:audio-decoder-ogg-vorbis: bf7c407c2cedff20999df2af8eb42d56 -> 
  custom:audio-encoder-webm-vorbis: bf7c407c2cedff20999df2af8eb42d56 -> 
========================================================================
Received Prepare
Begin MonoManager ReloadAssembly
Symbol file LoadedFromMemory is not a mono symbol file
- Loaded All Assemblies, in  0.266 seconds
Refreshing native plugins compatible for Editor in 1.83 ms, found 4 plugins.
Native extension for WindowsStandalone target not found
Mono: successfully reloaded assembly
- Finished resetting the current domain, in  0.673 seconds
Domain Reload Profiling: 938ms
	BeginReloadAssembly (88ms)
		ExecutionOrderSort (0ms)
		DisableScriptedObjects (3ms)
		BackupInstance (0ms)
		ReleaseScriptingObjects (0ms)
		CreateAndSetChildDomain (19ms)
	RebuildCommonClasses (17ms)
	RebuildNativeTypeToScriptingClass (6ms)
	initialDomainReloadingComplete (15ms)
	LoadAllAssembliesAndSetupDomain (139ms)
		LoadAssemblies (170ms)
		RebuildTransferFunctionScriptingTraits (0ms)
		AnalyzeDomain (12ms)
			TypeCache.Refresh (4ms)
				TypeCache.ScanAssembly (0ms)
			ScanForSourceGeneratedMonoScriptInfo (0ms)
			ResolveRequiredComponents (5ms)
	FinalizeReload (673ms)
		ReleaseScriptCaches (0ms)
		RebuildScriptCaches (0ms)
		SetupLoadedEditorAssemblies (452ms)
			LogAssemblyErrors (0ms)
			InitializePlatformSupportModulesInManaged (4ms)
			SetLoadedEditorAssemblies (4ms)
			RefreshPlugins (0ms)
			BeforeProcessingInitializeOnLoad (71ms)
			ProcessInitializeOnLoadAttributes (350ms)
			ProcessInitializeOnLoadMethodAttributes (20ms)
			AfterProcessingInitializeOnLoad (3ms)
			EditorAssembliesLoaded (0ms)
		ExecutionOrderSort2 (0ms)
		AwakeInstancesAfterBackupRestoration (4ms)
Refreshing native plugins compatible for Editor in 2.17 ms, found 4 plugins.
Preloading 0 native plugins for Editor in 0.00 ms.
Unloading 4399 Unused Serialized files (Serialized files now loaded: 0)
Unloading 38 unused Assets / (98.5 KB). Loaded Objects now: 5034.
Memory consumption went from 232.3 MB to 232.2 MB.
Total: 2.048800 ms (FindLiveObjects: 0.150000 ms CreateObjectMapping: 0.053800 ms MarkObjects: 1.764600 ms  DeleteObjects: 0.079600 ms)

Prepare: number of updated asset objects reloaded= 0
AssetImportParameters requested are different than current active one (requested -> active):
  custom:container-demuxer-ogg: 62fdf1f143b41e24485cea50d1cbac27 -> 
  custom:video-codec-MediaFoundation-h265: 746d11721c4dcdbdad8f713fa42b33f4 -> 
  custom:video-decoder-ogg-theora: a1e56fd34408186e4bbccfd4996cb3dc -> 
  custom:framework-win-MediaFoundation: 216162199b28c13a410421893ffa2e32 -> 
  custom:CustomObjectIndexerAttribute: 6d391050e5a25f67b0a2c618074f2cd9 -> 
  custom:container-demuxer-webm: 4f35f7cbe854078d1ac9338744f61a02 -> 
  custom:container-muxer-webm: aa71ff27fc2769a1b78a27578f13a17b -> 
  custom:video-decoder-webm-vp8: 9c59270c3fd7afecdb556c50c9e8de78 -> 
  custom:SearchIndexIgnoredProperties: e643bd26f0fe6173181afceb89e7c659 -> 
  custom:AudioImporter_EditorPlatform: d09bf68614088b80899f8185d706f6e7 -> 
  custom:video-encoder-webm-vp8: eb34c28f22e8b96e1ab97ce403110664 -> 
  custom:audio-decoder-ogg-vorbis: bf7c407c2cedff20999df2af8eb42d56 -> 
  custom:audio-encoder-webm-vorbis: bf7c407c2cedff20999df2af8eb42d56 -> 
========================================================================
Received Prepare
Refreshing native plugins compatible for Editor in 1.68 ms, found 4 plugins.
Preloading 0 native plugins for Editor in 0.00 ms.
Unloading 2 Unused Serialized files (Serialized files now loaded: 0)
Unloading 2 unused Assets / (63.7 KB). Loaded Objects now: 5034.
Memory consumption went from 163.5 MB to 163.4 MB.
Total: 2.108600 ms (FindLiveObjects: 0.147700 ms CreateObjectMapping: 0.051400 ms MarkObjects: 1.850300 ms  DeleteObjects: 0.058600 ms)

Prepare: number of updated asset objects reloaded= 0
AssetImportParameters requested are different than current active one (requested -> active):
  custom:container-demuxer-ogg: 62fdf1f143b41e24485cea50d1cbac27 -> 
  custom:video-codec-MediaFoundation-h265: 746d11721c4dcdbdad8f713fa42b33f4 -> 
  custom:video-decoder-ogg-theora: a1e56fd34408186e4bbccfd4996cb3dc -> 
  custom:framework-win-MediaFoundation: 216162199b28c13a410421893ffa2e32 -> 
  custom:CustomObjectIndexerAttribute: 6d391050e5a25f67b0a2c618074f2cd9 -> 
  custom:container-demuxer-webm: 4f35f7cbe854078d1ac9338744f61a02 -> 
  custom:container-muxer-webm: aa71ff27fc2769a1b78a27578f13a17b -> 
  custom:video-decoder-webm-vp8: 9c59270c3fd7afecdb556c50c9e8de78 -> 
  custom:SearchIndexIgnoredProperties: e643bd26f0fe6173181afceb89e7c659 -> 
  custom:AudioImporter_EditorPlatform: d09bf68614088b80899f8185d706f6e7 -> 
  custom:video-encoder-webm-vp8: eb34c28f22e8b96e1ab97ce403110664 -> 
  custom:audio-decoder-ogg-vorbis: bf7c407c2cedff20999df2af8eb42d56 -> 
  custom:audio-encoder-webm-vorbis: bf7c407c2cedff20999df2af8eb42d56 -> 
========================================================================
Received Prepare
Begin MonoManager ReloadAssembly
Symbol file LoadedFromMemory is not a mono symbol file
- Loaded All Assemblies, in  0.278 seconds
Refreshing native plugins compatible for Editor in 2.06 ms, found 4 plugins.
Native extension for WindowsStandalone target not found
Mono: successfully reloaded assembly
- Finished resetting the current domain, in  0.705 seconds
Domain Reload Profiling: 983ms
	BeginReloadAssembly (90ms)
		ExecutionOrderSort (0ms)
		DisableScriptedObjects (3ms)
		BackupInstance (0ms)
		ReleaseScriptingObjects (0ms)
		CreateAndSetChildDomain (21ms)
	RebuildCommonClasses (17ms)
	RebuildNativeTypeToScriptingClass (7ms)
	initialDomainReloadingComplete (23ms)
	LoadAllAssembliesAndSetupDomain (140ms)
		LoadAssemblies (171ms)
		RebuildTransferFunctionScriptingTraits (0ms)
		AnalyzeDomain (12ms)
			TypeCache.Refresh (4ms)
				TypeCache.ScanAssembly (0ms)
			ScanForSourceGeneratedMonoScriptInfo (0ms)
			ResolveRequiredComponents (5ms)
	FinalizeReload (705ms)
		ReleaseScriptCaches (0ms)
		RebuildScriptCaches (0ms)
		SetupLoadedEditorAssemblies (449ms)
			LogAssemblyErrors (0ms)
			InitializePlatformSupportModulesInManaged (4ms)
			SetLoadedEditorAssemblies (4ms)
			RefreshPlugins (0ms)
			BeforeProcessingInitializeOnLoad (66ms)
			ProcessInitializeOnLoadAttributes (351ms)
			ProcessInitializeOnLoadMethodAttributes (22ms)
			AfterProcessingInitializeOnLoad (3ms)
			EditorAssembliesLoaded (0ms)
		ExecutionOrderSort2 (0ms)
		AwakeInstancesAfterBackupRestoration (4ms)
Refreshing native plugins compatible for Editor in 2.11 ms, found 4 plugins.
Preloading 0 native plugins for Editor in 0.00 ms.
Unloading 4399 Unused Serialized files (Serialized files now loaded: 0)
Unloading 38 unused Assets / (97.2 KB). Loaded Objects now: 5038.
Memory consumption went from 234.2 MB to 234.1 MB.
Total: 2.112600 ms (FindLiveObjects: 0.163800 ms CreateObjectMapping: 0.053700 ms MarkObjects: 1.817200 ms  DeleteObjects: 0.077300 ms)

Prepare: number of updated asset objects reloaded= 0
AssetImportParameters requested are different than current active one (requested -> active):
  custom:container-demuxer-ogg: 62fdf1f143b41e24485cea50d1cbac27 -> 
  custom:video-codec-MediaFoundation-h265: 746d11721c4dcdbdad8f713fa42b33f4 -> 
  custom:video-decoder-ogg-theora: a1e56fd34408186e4bbccfd4996cb3dc -> 
  custom:framework-win-MediaFoundation: 216162199b28c13a410421893ffa2e32 -> 
  custom:CustomObjectIndexerAttribute: 6d391050e5a25f67b0a2c618074f2cd9 -> 
  custom:container-demuxer-webm: 4f35f7cbe854078d1ac9338744f61a02 -> 
  custom:container-muxer-webm: aa71ff27fc2769a1b78a27578f13a17b -> 
  custom:video-decoder-webm-vp8: 9c59270c3fd7afecdb556c50c9e8de78 -> 
  custom:SearchIndexIgnoredProperties: e643bd26f0fe6173181afceb89e7c659 -> 
  custom:AudioImporter_EditorPlatform: d09bf68614088b80899f8185d706f6e7 -> 
  custom:video-encoder-webm-vp8: eb34c28f22e8b96e1ab97ce403110664 -> 
  custom:audio-decoder-ogg-vorbis: bf7c407c2cedff20999df2af8eb42d56 -> 
  custom:audio-encoder-webm-vorbis: bf7c407c2cedff20999df2af8eb42d56 -> 
========================================================================
Received Prepare
Begin MonoManager ReloadAssembly
Symbol file LoadedFromMemory is not a mono symbol file
- Loaded All Assemblies, in  0.274 seconds
Refreshing native plugins compatible for Editor in 1.88 ms, found 4 plugins.
Native extension for WindowsStandalone target not found
Mono: successfully reloaded assembly
- Finished resetting the current domain, in  0.621 seconds
Domain Reload Profiling: 894ms
	BeginReloadAssembly (88ms)
		ExecutionOrderSort (0ms)
		DisableScriptedObjects (3ms)
		BackupInstance (0ms)
		ReleaseScriptingObjects (0ms)
		CreateAndSetChildDomain (19ms)
	RebuildCommonClasses (17ms)
	RebuildNativeTypeToScriptingClass (6ms)
	initialDomainReloadingComplete (16ms)
	LoadAllAssembliesAndSetupDomain (145ms)
		LoadAssemblies (167ms)
		RebuildTransferFunctionScriptingTraits (0ms)
		AnalyzeDomain (21ms)
			TypeCache.Refresh (7ms)
				TypeCache.ScanAssembly (1ms)
			ScanForSourceGeneratedMonoScriptInfo (7ms)
			ResolveRequiredComponents (5ms)
	FinalizeReload (622ms)
		ReleaseScriptCaches (0ms)
		RebuildScriptCaches (0ms)
		SetupLoadedEditorAssemblies (412ms)
			LogAssemblyErrors (0ms)
			InitializePlatformSupportModulesInManaged (4ms)
			SetLoadedEditorAssemblies (3ms)
			RefreshPlugins (0ms)
			BeforeProcessingInitializeOnLoad (64ms)
			ProcessInitializeOnLoadAttributes (319ms)
			ProcessInitializeOnLoadMethodAttributes (19ms)
			AfterProcessingInitializeOnLoad (3ms)
			EditorAssembliesLoaded (0ms)
		ExecutionOrderSort2 (0ms)
		AwakeInstancesAfterBackupRestoration (4ms)
Refreshing native plugins compatible for Editor in 1.81 ms, found 4 plugins.
Preloading 0 native plugins for Editor in 0.00 ms.
Unloading 4399 Unused Serialized files (Serialized files now loaded: 0)
Unloading 38 unused Assets / (97.5 KB). Loaded Objects now: 5042.
Memory consumption went from 236.1 MB to 236.0 MB.
Total: 2.056000 ms (FindLiveObjects: 0.149200 ms CreateObjectMapping: 0.052100 ms MarkObjects: 1.770200 ms  DeleteObjects: 0.083900 ms)

Prepare: number of updated asset objects reloaded= 0
AssetImportParameters requested are different than current active one (requested -> active):
  custom:container-demuxer-ogg: 62fdf1f143b41e24485cea50d1cbac27 -> 
  custom:video-codec-MediaFoundation-h265: 746d11721c4dcdbdad8f713fa42b33f4 -> 
  custom:video-decoder-ogg-theora: a1e56fd34408186e4bbccfd4996cb3dc -> 
  custom:framework-win-MediaFoundation: 216162199b28c13a410421893ffa2e32 -> 
  custom:CustomObjectIndexerAttribute: 6d391050e5a25f67b0a2c618074f2cd9 -> 
  custom:container-demuxer-webm: 4f35f7cbe854078d1ac9338744f61a02 -> 
  custom:container-muxer-webm: aa71ff27fc2769a1b78a27578f13a17b -> 
  custom:video-decoder-webm-vp8: 9c59270c3fd7afecdb556c50c9e8de78 -> 
  custom:SearchIndexIgnoredProperties: e643bd26f0fe6173181afceb89e7c659 -> 
  custom:AudioImporter_EditorPlatform: d09bf68614088b80899f8185d706f6e7 -> 
  custom:video-encoder-webm-vp8: eb34c28f22e8b96e1ab97ce403110664 -> 
  custom:audio-decoder-ogg-vorbis: bf7c407c2cedff20999df2af8eb42d56 -> 
  custom:audio-encoder-webm-vorbis: bf7c407c2cedff20999df2af8eb42d56 -> 
========================================================================
Received Prepare
Begin MonoManager ReloadAssembly
Symbol file LoadedFromMemory is not a mono symbol file
- Loaded All Assemblies, in  0.260 seconds
Refreshing native plugins compatible for Editor in 1.85 ms, found 4 plugins.
Native extension for WindowsStandalone target not found
Mono: successfully reloaded assembly
- Finished resetting the current domain, in  0.666 seconds
Domain Reload Profiling: 926ms
	BeginReloadAssembly (86ms)
		ExecutionOrderSort (0ms)
		DisableScriptedObjects (3ms)
		BackupInstance (0ms)
		ReleaseScriptingObjects (0ms)
		CreateAndSetChildDomain (18ms)
	RebuildCommonClasses (18ms)
	RebuildNativeTypeToScriptingClass (6ms)
	initialDomainReloadingComplete (15ms)
	LoadAllAssembliesAndSetupDomain (135ms)
		LoadAssemblies (166ms)
		RebuildTransferFunctionScriptingTraits (0ms)
		AnalyzeDomain (11ms)
			TypeCache.Refresh (4ms)
				TypeCache.ScanAssembly (0ms)
			ScanForSourceGeneratedMonoScriptInfo (0ms)
			ResolveRequiredComponents (5ms)
	FinalizeReload (667ms)
		ReleaseScriptCaches (0ms)
		RebuildScriptCaches (0ms)
		SetupLoadedEditorAssemblies (444ms)
			LogAssemblyErrors (0ms)
			InitializePlatformSupportModulesInManaged (4ms)
			SetLoadedEditorAssemblies (4ms)
			RefreshPlugins (0ms)
			BeforeProcessingInitializeOnLoad (66ms)
			ProcessInitializeOnLoadAttributes (348ms)
			ProcessInitializeOnLoadMethodAttributes (20ms)
			AfterProcessingInitializeOnLoad (3ms)
			EditorAssembliesLoaded (0ms)
		ExecutionOrderSort2 (0ms)
		AwakeInstancesAfterBackupRestoration (4ms)
Refreshing native plugins compatible for Editor in 1.94 ms, found 4 plugins.
Preloading 0 native plugins for Editor in 0.00 ms.
Unloading 4399 Unused Serialized files (Serialized files now loaded: 0)
Unloading 38 unused Assets / (97.4 KB). Loaded Objects now: 5046.
Memory consumption went from 238.0 MB to 237.9 MB.
Total: 2.006000 ms (FindLiveObjects: 0.156200 ms CreateObjectMapping: 0.051100 ms MarkObjects: 1.720500 ms  DeleteObjects: 0.077200 ms)

Prepare: number of updated asset objects reloaded= 0
AssetImportParameters requested are different than current active one (requested -> active):
  custom:container-demuxer-ogg: 62fdf1f143b41e24485cea50d1cbac27 -> 
  custom:video-codec-MediaFoundation-h265: 746d11721c4dcdbdad8f713fa42b33f4 -> 
  custom:video-decoder-ogg-theora: a1e56fd34408186e4bbccfd4996cb3dc -> 
  custom:framework-win-MediaFoundation: 216162199b28c13a410421893ffa2e32 -> 
  custom:CustomObjectIndexerAttribute: 6d391050e5a25f67b0a2c618074f2cd9 -> 
  custom:container-demuxer-webm: 4f35f7cbe854078d1ac9338744f61a02 -> 
  custom:container-muxer-webm: aa71ff27fc2769a1b78a27578f13a17b -> 
  custom:video-decoder-webm-vp8: 9c59270c3fd7afecdb556c50c9e8de78 -> 
  custom:SearchIndexIgnoredProperties: e643bd26f0fe6173181afceb89e7c659 -> 
  custom:AudioImporter_EditorPlatform: d09bf68614088b80899f8185d706f6e7 -> 
  custom:video-encoder-webm-vp8: eb34c28f22e8b96e1ab97ce403110664 -> 
  custom:audio-decoder-ogg-vorbis: bf7c407c2cedff20999df2af8eb42d56 -> 
  custom:audio-encoder-webm-vorbis: bf7c407c2cedff20999df2af8eb42d56 -> 
