Using pre-set license
Built from '2022.3/staging' branch; Version is '2022.3.17f1 (4fc78088f837) revision 5228416'; Using compiler version '192829333'; Build Type 'Release'
OS: 'Windows 11  (10.0.26100) 64bit Professional' Language: 'ru' Physical Memory: 65292 MB
BatchMode: 1, IsHumanControllingUs: 0, StartBugReporterOnCrash: 0, Is64bit: 1, IsPro: 1

COMMAND LINE ARGUMENTS:
C:\Program Files\Unity\Hub\Editor\2022.3.17f1\Editor\Unity.exe
-adb2
-batchMode
-noUpm
-name
AssetImportWorker3
-projectPath
E:/unityProjects/OnlineGame
-logFile
Logs/AssetImportWorker3.log
-srvPort
54020
Successfully changed project path to: E:/unityProjects/OnlineGame
E:/unityProjects/OnlineGame
[UnityMemory] Configuration Parameters - Can be set up in boot.config
    "memorysetup-bucket-allocator-granularity=16"
    "memorysetup-bucket-allocator-bucket-count=8"
    "memorysetup-bucket-allocator-block-size=33554432"
    "memorysetup-bucket-allocator-block-count=8"
    "memorysetup-main-allocator-block-size=16777216"
    "memorysetup-thread-allocator-block-size=16777216"
    "memorysetup-gfx-main-allocator-block-size=16777216"
    "memorysetup-gfx-thread-allocator-block-size=16777216"
    "memorysetup-cache-allocator-block-size=4194304"
    "memorysetup-typetree-allocator-block-size=2097152"
    "memorysetup-profiler-bucket-allocator-granularity=16"
    "memorysetup-profiler-bucket-allocator-bucket-count=8"
    "memorysetup-profiler-bucket-allocator-block-size=33554432"
    "memorysetup-profiler-bucket-allocator-block-count=8"
    "memorysetup-profiler-allocator-block-size=16777216"
    "memorysetup-profiler-editor-allocator-block-size=1048576"
    "memorysetup-temp-allocator-size-main=16777216"
    "memorysetup-job-temp-allocator-block-size=2097152"
    "memorysetup-job-temp-allocator-block-size-background=1048576"
    "memorysetup-job-temp-allocator-reduction-small-platforms=262144"
    "memorysetup-allocator-temp-initial-block-size-main=262144"
    "memorysetup-allocator-temp-initial-block-size-worker=262144"
    "memorysetup-temp-allocator-size-background-worker=32768"
    "memorysetup-temp-allocator-size-job-worker=262144"
    "memorysetup-temp-allocator-size-preload-manager=33554432"
    "memorysetup-temp-allocator-size-nav-mesh-worker=65536"
    "memorysetup-temp-allocator-size-audio-worker=65536"
    "memorysetup-temp-allocator-size-cloud-worker=32768"
    "memorysetup-temp-allocator-size-gi-baking-worker=262144"
    "memorysetup-temp-allocator-size-gfx=262144"
Player connection [27452] Host "[IP] 192.168.1.243 [Port] 0 [Flags] 2 [Guid] 1988160619 [EditorId] 1988160619 [Version] 1048832 [Id] WindowsEditor(7,DESKTOP-L39KMR9) [Debug] 1 [PackageName] WindowsEditor [ProjectName] Editor" joined multi-casting on [225.0.0.222:54997]...

Player connection [27452] Host "[IP] 192.168.1.243 [Port] 0 [Flags] 2 [Guid] 1988160619 [EditorId] 1988160619 [Version] 1048832 [Id] WindowsEditor(7,DESKTOP-L39KMR9) [Debug] 1 [PackageName] WindowsEditor [ProjectName] Editor" joined alternative multi-casting on [225.0.0.222:34997]...

[Physics::Module] Initialized MultithreadedJobDispatcher with 23 workers.
Refreshing native plugins compatible for Editor in 3.85 ms, found 4 plugins.
Preloading 0 native plugins for Editor in 0.00 ms.
Initialize engine version: 2022.3.17f1 (4fc78088f837)
[Subsystems] Discovering subsystems at path C:/Program Files/Unity/Hub/Editor/2022.3.17f1/Editor/Data/Resources/UnitySubsystems
[Subsystems] Discovering subsystems at path E:/unityProjects/OnlineGame/Assets
GfxDevice: creating device client; threaded=0; jobified=0
Direct3D:
    Version:  Direct3D 11.0 [level 11.1]
    Renderer: NVIDIA GeForce RTX 4070 SUPER (ID=0x2783)
    Vendor:   NVIDIA
    VRAM:     11999 MB
    Driver:   32.0.15.8142
Initialize mono
Mono path[0] = 'C:/Program Files/Unity/Hub/Editor/2022.3.17f1/Editor/Data/Managed'
Mono path[1] = 'C:/Program Files/Unity/Hub/Editor/2022.3.17f1/Editor/Data/MonoBleedingEdge/lib/mono/unityjit-win32'
Mono config path = 'C:/Program Files/Unity/Hub/Editor/2022.3.17f1/Editor/Data/MonoBleedingEdge/etc'
Using monoOptions --debugger-agent=transport=dt_socket,embedding=1,server=y,suspend=n,address=127.0.0.1:56580
Begin MonoManager ReloadAssembly
Registering precompiled unity dll's ...
Register platform support module: C:/Program Files/Unity/Hub/Editor/2022.3.17f1/Editor/Data/PlaybackEngines/WindowsStandaloneSupport/UnityEditor.WindowsStandalone.Extensions.dll
Registered in 0.003125 seconds.
- Loaded All Assemblies, in  0.201 seconds
Native extension for WindowsStandalone target not found
Mono: successfully reloaded assembly
- Finished resetting the current domain, in  0.154 seconds
Domain Reload Profiling: 355ms
	BeginReloadAssembly (62ms)
		ExecutionOrderSort (0ms)
		DisableScriptedObjects (0ms)
		BackupInstance (0ms)
		ReleaseScriptingObjects (0ms)
		CreateAndSetChildDomain (1ms)
	RebuildCommonClasses (19ms)
	RebuildNativeTypeToScriptingClass (6ms)
	initialDomainReloadingComplete (31ms)
	LoadAllAssembliesAndSetupDomain (84ms)
		LoadAssemblies (61ms)
		RebuildTransferFunctionScriptingTraits (0ms)
		AnalyzeDomain (83ms)
			TypeCache.Refresh (81ms)
				TypeCache.ScanAssembly (74ms)
			ScanForSourceGeneratedMonoScriptInfo (0ms)
			ResolveRequiredComponents (0ms)
	FinalizeReload (154ms)
		ReleaseScriptCaches (0ms)
		RebuildScriptCaches (0ms)
		SetupLoadedEditorAssemblies (120ms)
			LogAssemblyErrors (0ms)
			InitializePlatformSupportModulesInManaged (5ms)
			SetLoadedEditorAssemblies (5ms)
			RefreshPlugins (0ms)
			BeforeProcessingInitializeOnLoad (1ms)
			ProcessInitializeOnLoadAttributes (83ms)
			ProcessInitializeOnLoadMethodAttributes (26ms)
			AfterProcessingInitializeOnLoad (0ms)
			EditorAssembliesLoaded (0ms)
		ExecutionOrderSort2 (0ms)
		AwakeInstancesAfterBackupRestoration (0ms)
========================================================================
Worker process is ready to serve import requests
Begin MonoManager ReloadAssembly
Assembly 'Library/ScriptAssemblies/Assembly-CSharp.dll' will not be loaded due to errors:
Unable to resolve reference 'Mirror'. Is the assembly missing or incompatible with the current platform?
Reference validation can be disabled in the Plugin Inspector.
Symbol file LoadedFromMemory is not a mono symbol file
- Loaded All Assemblies, in  0.421 seconds
Refreshing native plugins compatible for Editor in 1.51 ms, found 4 plugins.
Native extension for WindowsStandalone target not found
Added or removed Fish-Networking defines within player settings.
UnityEngine.StackTraceUtility:ExtractStackTrace ()
UnityEngine.DebugLogHandler:LogFormat (UnityEngine.LogType,UnityEngine.Object,string,object[])
UnityEngine.Logger:Log (UnityEngine.LogType,object)
UnityEngine.Debug:Log (object)
FishNet.ScriptingDefines:AddDefineSymbols () (at Assets/FishNet/Runtime/Editor/ScriptingDefines.cs:89)
System.Reflection.RuntimeMethodInfo:Invoke (object,System.Reflection.BindingFlags,System.Reflection.Binder,object[],System.Globalization.CultureInfo)
System.Reflection.MethodBase:Invoke (object,object[])
UnityEditor.EditorAssemblies:ProcessInitializeOnLoadMethodAttributes ()

(Filename: Assets/FishNet/Runtime/Editor/ScriptingDefines.cs Line: 89)

[ScriptCompilation] NOT recompiling all scripts because this is an import worker process. Reason to compile was: Define symbols changed
Mono: successfully reloaded assembly
- Finished resetting the current domain, in  0.584 seconds
Domain Reload Profiling: 1004ms
	BeginReloadAssembly (99ms)
		ExecutionOrderSort (0ms)
		DisableScriptedObjects (5ms)
		BackupInstance (0ms)
		ReleaseScriptingObjects (0ms)
		CreateAndSetChildDomain (15ms)
	RebuildCommonClasses (21ms)
	RebuildNativeTypeToScriptingClass (6ms)
	initialDomainReloadingComplete (26ms)
	LoadAllAssembliesAndSetupDomain (267ms)
		LoadAssemblies (200ms)
		RebuildTransferFunctionScriptingTraits (0ms)
		AnalyzeDomain (121ms)
			TypeCache.Refresh (104ms)
				TypeCache.ScanAssembly (94ms)
			ScanForSourceGeneratedMonoScriptInfo (13ms)
			ResolveRequiredComponents (4ms)
	FinalizeReload (585ms)
		ReleaseScriptCaches (0ms)
		RebuildScriptCaches (0ms)
		SetupLoadedEditorAssemblies (496ms)
			LogAssemblyErrors (0ms)
			InitializePlatformSupportModulesInManaged (4ms)
			SetLoadedEditorAssemblies (3ms)
			RefreshPlugins (0ms)
			BeforeProcessingInitializeOnLoad (66ms)
			ProcessInitializeOnLoadAttributes (401ms)
			ProcessInitializeOnLoadMethodAttributes (20ms)
			AfterProcessingInitializeOnLoad (3ms)
			EditorAssembliesLoaded (0ms)
		ExecutionOrderSort2 (0ms)
		AwakeInstancesAfterBackupRestoration (4ms)
Launched and connected shader compiler UnityShaderCompiler.exe after 0.03 seconds
Refreshing native plugins compatible for Editor in 2.61 ms, found 4 plugins.
Preloading 0 native plugins for Editor in 0.00 ms.
Unloading 4593 Unused Serialized files (Serialized files now loaded: 0)
Unloading 50 unused Assets / (123.3 KB). Loaded Objects now: 5045.
Memory consumption went from 158.8 MB to 158.7 MB.
Total: 3.501200 ms (FindLiveObjects: 0.173500 ms CreateObjectMapping: 0.062500 ms MarkObjects: 3.098700 ms  DeleteObjects: 0.165600 ms)

AssetImportParameters requested are different than current active one (requested -> active):
  custom:scripting/monoscript/fileName/RandomColor.cs: 0b89e3e723283a5f6705fca7038b2803 -> 
  custom:scripting/monoscript/fileName/Common.cs: bfb8991f9ad0e963b40eab64e9b7e16f -> 
  custom:scripting/monoscript/fileName/MatchmakerManagedReleaseCreate.cs: 39dc2122a0baf3e3640af7d1490867ba -> 
  custom:scripting/monoscript/fileName/Welcome.cs: 4b8b7df294b9206fdadb5a3fc3d6d796 -> 
  custom:scripting/monoscript/fileName/TeamInterestManagement.cs: 3e564906330499cc4bc75158d62f46b8 -> 
  custom:scripting/monoscript/fileName/RoomGUI.cs: 05671ca1a3114e817efae3a7ca932547 -> 
  custom:scripting/monoscript/fileName/ContainerLogStorageModel.cs: ef688cf7bb291e505371725632977809 -> 
  custom:scripting/monoscript/fileName/SelectorEnvModel.cs: 15b096aabc9bd533b9a23dbb1c1fc743 -> 
  custom:scripting/monoscript/fileName/EdgegapKcpClient.cs: a040a226d22bd0aa095a836d87c3761c -> 
  custom:scripting/monoscript/fileName/CreateAppRequest.cs: 79e0543c5737feff453795dc7cdbe8d3 -> 
  custom:scripting/monoscript/fileName/PackageJSON.cs: 13ea43b773a7f28b0d17c8dcc1d5c257 -> 
  custom:scripting/monoscript/fileName/KcpConfig.cs: 637176e4e6dbcf4b36b6e2e5ae6cde06 -> 
  custom:scripting/monoscript/fileName/Image.cs: f32195bbbc1ca9edcb6c8c6185597e40 -> f14420a7d3e704ace43031c434dafd2a
  custom:scripting/monoscript/fileName/EdgegapKcpTransport.cs: 598c13ce4e78d9d395f8f6c369824fea -> 
  custom:scripting/monoscript/fileName/SendLoop.cs: 34a0ccd641c171efe86c4f832dd313a6 -> 
  custom:scripting/monoscript/fileName/InspectorHelper.cs: a08e2d388c081db5539fcb0270187583 -> 
  custom:scripting/monoscript/fileName/Spawner.cs: d801c78555e70af2501aab8e7a0bde7d -> 
  custom:scripting/monoscript/fileName/AppVersionEnv.cs: 895ae7171730855e933073c47dc195f3 -> 
  custom:scripting/monoscript/fileName/InterestManagement.cs: f67b0414c795ab12137baeb7c25234eb -> 
  custom:scripting/monoscript/fileName/Monitor.cs: 3ae4cbc86f1e233dab80b02b9072cc27 -> 
  custom:scripting/monoscript/fileName/NetworkPingDisplay.cs: d88700a7882315054c11dec319e9708d -> 
  custom:scripting/monoscript/fileName/EditorHelper.cs: ce75823ca3a92d9cd242cadb5d137131 -> 
  custom:scripting/monoscript/fileName/SteamManager.cs: 0a896493f7094b64109728636d1387cd -> 
  custom:scripting/monoscript/fileName/PortTransport.cs: d36f3e8cb68feffa711dd6f74bceb7d6 -> 
  custom:scripting/monoscript/fileName/LobbyServiceCreateDialogue.cs: 69d2fad657b85dafb6346f3c650cd801 -> 
  custom:scripting/monoscript/fileName/CommandProcessor.cs: cf8d88d0eec6c654fe6ce65f8d34c531 -> 
  custom:scripting/monoscript/fileName/SkewTextExample.cs: c142d02d70a129e0533975f7c2f96956 -> 
  custom:scripting/monoscript/fileName/MagnificentReceivePipe.cs: d8c4567546bded77b87b853e9dcbceec -> 
  custom:scripting/monoscript/fileName/Mathd.cs: f48c4577d3fef7b065bb0e36e726df2a -> 
  custom:scripting/monoscript/fileName/SnapshotInterpolationSettings.cs: 6f6b170180734181b73b6a783a346290 -> 
  custom:scripting/monoscript/fileName/MatchmakerReleaseCreateBase.cs: 7fab862ee7a9bc99c6f772a2704b6fd9 -> 
  custom:scripting/monoscript/fileName/CanvasTopDown.cs: aa17e36b256360dd3e5bcfe8b736442f -> 
  custom:scripting/monoscript/fileName/Segment.cs: 523834bee4918f6127e4c73e45a87bfd -> 
  custom:container-demuxer-ogg: 62fdf1f143b41e24485cea50d1cbac27 -> 
  custom:scripting/monoscript/fileName/NetworkRigidbodyUnreliable2D.cs: 78ffddda67796580501a8f356f2ed975 -> 
  custom:scripting/monoscript/fileName/TMP_TextEventHandler.cs: f5cd9d5a43bfefc8f4fec80e6de896a4 -> 
  custom:scripting/monoscript/fileName/GetAppVersionsResult.cs: 670efff82629a86759e1f1a00de9aaf5 -> 
  custom:scripting/monoscript/fileName/NetworkManagerEnhanced.cs: 92997f07fc557ca2f9bbc29e3086ad87 -> 
  custom:scripting/monoscript/fileName/ThreadedEncryptionKcpTransport.cs: 7038b07c3c111fe692752839ad58061c -> 
  custom:scripting/monoscript/fileName/NetworkManagerCharacterSelection.cs: c1621722f786865de87a13af4a824868 -> 
  custom:scripting/monoscript/fileName/AppPortsData.cs: 865530a8d9026025a28ef1624c194ff2 -> 
  custom:scripting/monoscript/fileName/Reward.cs: fbea0cb54b0cfc20797c169c4c274a81 -> 
  custom:scripting/monoscript/fileName/NetworkStartPosition.cs: 451d2155fcf1cb3e487d3a2cd77cfa7b -> 
  custom:scripting/monoscript/fileName/CameraViewForAll.cs: 4ca5df7c6fe56b43e33690e944d82737 -> 
  custom:scripting/monoscript/fileName/TankProjectile.cs: e21dd90f70311950fd4d73cd9cf654d3 -> 
  custom:scripting/monoscript/fileName/ServerCube.cs: 24c02b332c3b0c6e8c32506185d4857b -> 
  custom:scripting/monoscript/fileName/TextMeshProFloatingText.cs: 92608fa4a6315cd0786d82205e77b697 -> 
  custom:scripting/monoscript/fileName/NetworkTime.cs: 9d83c798a36caa194d6994f8c0a379bf -> 
  custom:scripting/monoscript/fileName/TargetRpcProcessor.cs: b228fcd6bd4942852019c5788ff54b8f -> 
  custom:scripting/monoscript/fileName/ConcurrentPool.cs: 90647cc400823b41df847a6cbfc29026 -> 
  custom:scripting/precompiled-assembly-types:Unity.Mirror.CodeGen: f6184c3abc50996f3903c5f2e8baf64c -> 
  custom:scripting/monoscript/fileName/LegacyServer.cs: 097ba9563a1299d257ea7c4cb5dd0c51 -> 
  custom:scripting/monoscript/fileName/RedBallPredicted.cs: 365c7e6aa3799020753ca4bb83808e20 -> 
  custom:scripting/monoscript/fileName/NetworkStreamExtensions.cs: 18bfc7ab40b8c8f3566aab83c17bf631 -> 
  custom:scripting/monoscript/fileName/CustomBulkSessionsModel.cs: d41e00163352ab173d0a51e9c3d62463 -> 
  custom:scripting/monoscript/fileName/RigidbodyState.cs: 2e9ce6732098bbc0daf4ff0b3167fd9e -> 4f58e631103528c0a4fbdc0b3683f4f1
  custom:scripting/monoscript/fileName/PreprocessorDefine.cs: c55fe36cd7ecc9f6726bee231196c695 -> 
  custom:scripting/monoscript/fileName/Resolvers.cs: 52d283b295f28d3fd9d9cd593ba39bd9 -> 
  custom:scripting/monoscript/fileName/EdgegapBuildUtils.cs: 660ac48531ce5dfd7c449b4ae8a8a2c0 -> 
  custom:scripting/monoscript/fileName/Monster.cs: 4e67c494010067ec0f329c353a8d6e6d -> 
  custom:scripting/monoscript/fileName/MethodProcessor.cs: b3b5286f99ee5c7a52eb7b53e00db476 -> 
  custom:scripting/monoscript/fileName/TankControllerBase.cs: 0c58ace8ac9597e4f9d905cf99efc0f2 -> 
  custom:scripting/monoscript/fileName/VertexZoom.cs: 650ab1e81d40126e3edcf737cce646e4 -> 
  custom:scripting/monoscript/fileName/Respawn.cs: b034343be0d4788cda3f8bc89edb94bc -> 
  custom:scripting/monoscript/fileName/SyncObjectInitializer.cs: 636fa746abcef56a0c17f8ba15cd912c -> 
  custom:scripting/monoscript/fileName/BasicAuthenticator.cs: 72b6eaaea689f2c99092fce96d497db6 -> 
  custom:video-codec-MediaFoundation-h265: 746d11721c4dcdbdad8f713fa42b33f4 -> 
  custom:scripting/monoscript/fileName/Grid3D.cs: 90647cc400823b41df847a6cbfc29026 -> 
  custom:scripting/monoscript/fileName/NetworkWriterPool.cs: d8c741f05c2413a02eca375fae9455cc -> 
  custom:scripting/monoscript/fileName/LobbyCreateRequest.cs: e4bbfa3d6eb06516f3bf74c93621b3dc -> 
  custom:scripting/monoscript/fileName/PlayerControllerRBReliable.cs: a9d9a0badef78c676e519501fce6321f -> 
  custom:scripting/monoscript/fileName/CharacterData.cs: 29f9c2862b8cd0ec64e45d321d21dd9d -> 
  custom:scripting/monoscript/fileName/VertexShakeA.cs: 63ec564c588058369499638dd899e05b -> 
  custom:scripting/monoscript/fileName/Deployments.cs: 21638e9c5c34340e27758d617ed4bd02 -> 
  custom:scripting/monoscript/fileName/GetDeploymentResult.cs: 2ae24fa6aeb58ce08f89096662f098ea -> 
  custom:scripting/monoscript/fileName/Helpers.cs: 4d78c7208a346cea297273a446bd8ed6 -> 
  custom:scripting/monoscript/fileName/SyncVarAttributeAccessReplacer.cs: 84ffb53d82690414c4c5df6c6ba3d0eb -> 
  custom:scripting/monoscript/fileName/SessionModel.cs: 6db463f20f2eb140d70c658d7854dd56 -> 
  custom:scripting/monoscript/fileName/ThreadFunctions.cs: 3e2ab54d5204420d4f7c019ac262d4cc -> 
  custom:scripting/monoscript/fileName/MessageProcessor.cs: f59a40b3f0ad799bf912a1f89abcc900 -> 
  custom:scripting/monoscript/fileName/TMP_ExampleScript_01.cs: a9d4be556104ff54e7d240529b3e01dc -> 
  custom:scripting/monoscript/fileName/HexSpatialHash2DInterestManagement.cs: c8a16e99a74671ee60a37f72223ac75e -> 
  custom:video-decoder-ogg-theora: a1e56fd34408186e4bbccfd4996cb3dc -> 
  custom:scripting/monoscript/fileName/SceneInterestManagement.cs: 46b8a46feba76688f94149178885cf3b -> 
  custom:scripting/monoscript/fileName/AppVersionWhitelistEntrySuccess.cs: e19c590552c150b135fc4cd5320c5af6 -> 
  custom:scripting/monoscript/fileName/RespawnPortal.cs: 562917489959429a51f67ed47c48a3d7 -> 
  custom:scripting/monoscript/fileName/Kcp.cs: c5c1df66bf9449ca56663d1ef637cdfa -> 
  custom:scripting/monoscript/fileName/CouchPlayerManager.cs: 76f86b67480a2e4421c55e1a2e2803cc -> 
  custom:scripting/monoscript/fileName/TMP_TextEventCheck.cs: 13505d917eab5868c435e0c2986dadfa -> 
  custom:scripting/monoscript/fileName/KcpClient.cs: edc522201a5fbce6365370d65ae46d36 -> 
  custom:scripting/monoscript/fileName/StopActiveDeploymentResult.cs: e14071036a387e08ee24414367ecd9fb -> 
  custom:scripting/monoscript/fileName/NetworkBehaviourSyncVar.cs: 03489519289f1039a64789324777a09b -> 
  custom:scripting/monoscript/fileName/WanderMoveBehaviour.cs: b040e6996fce0e7dc18a3e4e697068fa -> 
  custom:scripting/monoscript/fileName/SyncVarAttributeProcessor.cs: 8c9b909d5c0c5f08bea91b98d33fb522 -> 
  custom:scripting/monoscript/fileName/LagCompensator.cs: 9bc4563369c5cddb0592834729f9e355 -> 
  custom:scripting/monoscript/fileName/Sessions.cs: b5b6b53461d001afc0667970a31a22a2 -> 
  custom:scripting/monoscript/fileName/TMP_TextSelector_B.cs: ba2be21a7486d37b1011342977a2e49d -> 
  custom:scripting/monoscript/fileName/NetworkRoomManagerExt.cs: 00cb91758b1d00b7b22baf839da15ceb -> 
  custom:scripting/monoscript/fileName/MatchmakerResponse.cs: 07132fafcc053e2fc11a7aea33ceee19 -> 
  custom:scripting/monoscript/fileName/NetworkInformationPreview.cs: c29a186e7c2891adb1f08bedde63d1f2 -> 
  custom:scripting/precompiled-assembly-types:Mono.CecilX: 19ee37cd7c5b0516775dbdda3ce3084e -> 
  custom:scripting/monoscript/fileName/Benchmark01.cs: 2d3e2cd961730ab95f139a49a673bace -> 
  custom:scripting/monoscript/fileName/StaticSites.cs: 057d124a2388ba13d74455455136c4da -> 
  custom:scripting/monoscript/fileName/PlayerUI.cs: 7850432c39377211f2463971e00497dd -> 
  custom:scripting/monoscript/fileName/Comparers.cs: a4fd4e4518e16b985ebc608a7fca9c48 -> beacbe4be29e5f70b38721d4cc3af1ef
  custom:scripting/monoscript/fileName/NetworkReaderPooled.cs: facf384330246ef45e95d0adf230fd7e -> 
  custom:scripting/monoscript/fileName/PlayerScore.cs: 3b4ec368594feb3ac61157fdc122df19 -> 
  custom:framework-win-MediaFoundation: 216162199b28c13a410421893ffa2e32 -> 
  custom:scripting/monoscript/fileName/EncryptionTransportInspector.cs: 923debebcbd547a819069eeadca8da0c -> 
  custom:scripting/monoscript/fileName/NetworkTransformReliable.cs: 8cd5df951a92da08e18ef2d32edad931 -> 
  custom:scripting/monoscript/fileName/SineMoveYBehaviour.cs: 2d8408a927c95696cbee66651a623a61 -> 
  custom:scripting/monoscript/fileName/NetworkTransformHybrid.cs: 5a8a4fa43edaa4becbc551f38d6aec19 -> 
  custom:scripting/monoscript/fileName/ThreadedTransport.cs: 690009beaed882a5def167c8ebf14777 -> 
  custom:scripting/monoscript/fileName/EncryptedConnection.cs: f3b03d464281f7b21a577f6ba3adbe69 -> 
  custom:scripting/monoscript/fileName/CharacterSelection.cs: 934b6621723cd66f12257ad9e5e75fef -> 
  custom:scripting/monoscript/fileName/UpdateAppVersionRequest.cs: 442981a3ed40b25e238d24bafa6f25b7 -> 
  custom:scripting/monoscript/fileName/EncryptionCredentials.cs: 9bb26254937bf60e3d9ce4384bc35c74 -> 
  custom:scripting/monoscript/fileName/AttributeHelper.cs: dcab3630cb119e1a5f7f9c7b24677e49 -> 2e6cfa4bf47052fcf6778a7ecfcd7066
  custom:scripting/monoscript/fileName/UILobbyEntry.cs: 7c0a3ffe4daf90768a8a79fdd64dcf52 -> 
  custom:scripting/monoscript/fileName/NetworkDiscoveryHUD.cs: 4951c6940d22e25be40cfc27e21e75ca -> 
  custom:scripting/monoscript/fileName/ExponentialMovingAverage.cs: bfa0c22ded5508869540ffe5286eca6b -> 
  custom:scripting/monoscript/fileName/ApiModelContainercrashdata.cs: 72bf5938995e1e33f9cbb55f8f1ed62f -> 
  custom:scripting/monoscript/fileName/MatchmakerReleaseResponse.cs: 58f4cdf5a54113e7a68351d4ffc467c7 -> 
  custom:scripting/monoscript/fileName/DistanceInterestManagement.cs: 9c86db444681142c0cedf5a036cc4de0 -> 
  custom:scripting/monoscript/fileName/MatchmakerManagedReleaseUpdate.cs: 19992abab53c689ce37465c95c47eda5 -> 
  custom:scripting/monoscript/fileName/NetworkManagerPredictionBenchmark.cs: 5007194306c3394c6e5732948e9399ef -> 
  custom:scripting/monoscript/fileName/Snapshot3D.cs: 6c5ca6f59adf2bb4f73521dfd40f5fe6 -> 
  custom:scripting/monoscript/fileName/CanvasScript.cs: 444e35a984cf9b5342fe82a6818a2741 -> 
  custom:scripting/monoscript/fileName/NetworkTransformUnreliable.cs: 79622d369dbb2cf4f6c573028c1d8207 -> 
  custom:scripting/monoscript/fileName/MatchmakerComponentEnvsUpdate.cs: ad2dc563c0eddee3a51d898733ade4b1 -> 
  custom:scripting/monoscript/fileName/MagnificentSendPipe.cs: 541efe540205b1d21f495c9ab013d432 -> 
  custom:scripting/monoscript/fileName/SyncSet.cs: 5e2ab9cfe81e04de31d18dbafae66b8c -> 
  custom:scripting/monoscript/fileName/DeployPostData.cs: 302461f5eb4a273b68a7411a78281ba3 -> 
  custom:scripting/monoscript/fileName/MatchmakerComponentEnvsCreate.cs: 821fc9df062d6d45cbbf96a34e28937e -> 
  custom:scripting/monoscript/fileName/EquippedBall.cs: bc50504afd6d77b6110d3bbcb02183ed -> 
  custom:scripting/monoscript/fileName/ILPostProcessorFromFile.cs: 2434e5e9b42f59e18fdbab17457ce4bb -> 
  custom:scripting/monoscript/fileName/SslConfigLoader.cs: c9c940bc48b8a525a62086b696aa6757 -> 
  custom:scripting/monoscript/fileName/FlyerControllerReliable.cs: 15e247ecf22f45962e7b4efee4fbb235 -> 
  custom:scripting/monoscript/fileName/SpatialHashingInterestManagement.cs: fab772ba1112516846d2086569b3453e -> 
  custom:scripting/monoscript/fileName/TankControllerHybrid.cs: ad3a6ba18bf3931fdf71eae9b7ac9597 -> 
  custom:scripting/monoscript/fileName/SinRandomMoveWrapper.cs: f96d4a9fdfb24a6eb4033f935454ed5b -> 
  custom:scripting/monoscript/fileName/ChatNetworkManager.cs: 196d4d7eaffaac8ad760eea73a99ba59 -> 
  custom:scripting/monoscript/fileName/CreateDeploymentRequest.cs: b0e03bf2ab9b3043379f56a6f704a9fb -> 
  custom:scripting/monoscript/fileName/PlayerCamera.cs: 575ca4b3ade8e6d6bd0d29629c27e5d3 -> 7811e275e197e9d1f5ca1c3e9245671d
  custom:scripting/monoscript/fileName/Benchmark02.cs: 5640963252ce70910e726415f869ced6 -> 
  custom:scripting/monoscript/fileName/ApiModelContainerlogs.cs: 13a1f8cd34b3b0193313b7cc2e6dce9a -> 
  custom:scripting/monoscript/fileName/DeviceAuthenticator.cs: d8a6d37d065981403181bba713ea8d8a -> 
  custom:scripting/monoscript/fileName/Batcher.cs: ef5a5e029138b0fbe098128d3c4a409e -> 
  custom:scripting/monoscript/fileName/AppVersions.cs: 6c3578737f3e7b035ad3e44a27d440cf -> 
  custom:scripting/monoscript/fileName/NetworkTransformBase.cs: 453f199a4a92b0f5ad4a977d910a8d71 -> 
  custom:scripting/monoscript/fileName/Status.cs: d6acfde81ba0bdbf55ad365f7eb5c31c -> 
  custom:scripting/monoscript/fileName/SceneReferencer.cs: 086e3ead9db5b057a7b191f3686c03ce -> 
  custom:scripting/monoscript/fileName/GetDeploymentsResult.cs: 767d6f1d52e4fd711a56e3541a57f0f2 -> 
  custom:scripting/monoscript/fileName/CustomSessionDeleteModel.cs: d3c4fa8d63298378e7683178ce40b3d4 -> 
  custom:scripting/monoscript/fileName/Game.cs: 75c125f08460336d5836e48911fd37f8 -> 
  custom:scripting/monoscript/fileName/Application.cs: 30703a4c75dd6e3144e60d7b6d44722a -> 
  custom:scripting/monoscript/fileName/DropdownSample.cs: 0a92251794e5f10400149f96c3c59e5d -> 
  custom:scripting/monoscript/fileName/Utils.cs: ae9ae0ca2f7a5598020058df190ccaad -> 40c528c300bfc0733192292a788cb076
  custom:scripting/monoscript/fileName/NetworkManagerEditor.cs: e765a56175b79e419559648e7ec8680e -> 25a0ea2918dddd1c2bb5b1249a547847
  custom:scripting/monoscript/fileName/KcpHeader.cs: aeb6b23c37609cbba4b16cf96598cd1c -> 
  custom:scripting/monoscript/fileName/PhysicsSimulator.cs: ff31d4d79078ab2ba67c554f17df00b4 -> 
  custom:scripting/monoscript/fileName/Ball.cs: f858eb7997b33e523ee73419630c05ad -> 
  custom:scripting/monoscript/fileName/InputManager.cs: e94cc2cc4f4a6f0511acd3b641b9cdfa -> dea24e3da8b083e8a28641430520c9c0
  custom:scripting/monoscript/fileName/Vector4Long.cs: 60ae619fa2491bba386f4a711157266d -> 
  custom:scripting/monoscript/fileName/MatchmakerComponentCreate.cs: c0187a067915fb8f6ae9635fac06fa36 -> 
  custom:scripting/monoscript/fileName/NetworkBandwidthGraph.cs: 0e8d35dbbfe3f18167ea1aa1c0cdf647 -> 
  custom:scripting/monoscript/fileName/WarpTextExample.cs: 2663459c266363641981c7d17b698d7f -> 
  custom:scripting/monoscript/fileName/MatchmakerReleaseCreate.cs: 5301b8d546c1927fbea94bf3c13a04f9 -> 
  custom:scripting/monoscript/fileName/Symbols.cs: 27613575e8bda8a6448f80ff27c488f9 -> e15cb10dc4598a1539eba21b376ef8fd
  custom:scripting/monoscript/fileName/WanderMoveWrapper.cs: 5b9e3788dd87a7b0aea7ceac827d9949 -> 
  custom:scripting/monoscript/fileName/MatchmakerReleaseConfigCreate.cs: 4999237c57c8461feed1767f85b05405 -> 
  custom:scripting/monoscript/fileName/GetDeploymentStatusResult.cs: 86c8ac6232bf201f1b0fdca8038f5b5d -> 
  custom:scripting/monoscript/fileName/StaticVariables.cs: abdaa1e8a91061b2e42dbd356cddbe6f -> 
  custom:scripting/monoscript/fileName/TankControllerUnreliable.cs: f93141004f2757c389f94dcfafd85453 -> 
  custom:scripting/monoscript/fileName/AutoForce.cs: b7fb6134288e85b83964c6fde671ff91 -> 
  custom:scripting/monoscript/fileName/NetworkMatch.cs: 1b23f9235576af87335045c0ec507ed8 -> 
  custom:scripting/monoscript/fileName/TransformSnapshot.cs: 3110347c1e59ddd5df874c5f8e470528 -> 
  custom:CustomObjectIndexerAttribute: 6d391050e5a25f67b0a2c618074f2cd9 -> 
  custom:scripting/monoscript/fileName/NetworkTeam.cs: 4bd0ca42d7f5b54ac80470b49533e0a2 -> 
  custom:scripting/monoscript/fileName/MatchmakerReleaseConfigUpdate.cs: e2a411edc3dde46a3bb9aa216708f8a3 -> 
  custom:scripting/monoscript/fileName/DeltaCompression.cs: 8b16983196a2b04258aa8ed14d74a1c6 -> 
  custom:scripting/precompiled-assembly-types:Mono.CecilX.Mdb: eeaf3d2a18354879d00d7a56d9384f12 -> 
  custom:scripting/monoscript/fileName/EdgegapIpApi.cs: 514f522a7ae54d574c7a182a6052862f -> 
  custom:scripting/monoscript/fileName/ThreadedKcpTransport.cs: 1e3bf33663ffd71d0ab8f55205a38352 -> 
  custom:scripting/monoscript/fileName/SyncObjectCollectionsDrawer.cs: 8efc81fb005e5b662b234dd8a93188e6 -> 
  custom:scripting/monoscript/fileName/NetworkDiscoveryBase.cs: 90647cc400823b41df847a6cbfc29026 -> 
  custom:scripting/monoscript/fileName/CanvasNetworkManagerHUD.cs: ce0718656c0608880745b622ffbfe293 -> 
  custom:scripting/monoscript/fileName/NetworkScenePostProcess.cs: 85931c99410b2f7893210b493b8c367d -> 
  custom:scripting/monoscript/fileName/GUIGame.cs: 85817403f269e520326ec3c53ebd796d -> 
  custom:scripting/monoscript/fileName/HistoryCollider.cs: 5f6c6f60556067d923524a32437b9858 -> 
  custom:scripting/monoscript/fileName/ServerResponse.cs: 400adf587ca921842cea87732d728e65 -> 
  custom:scripting/monoscript/fileName/NetworkBehaviourProcessor.cs: 16d792faec763cddf4e9e55cc6c1448b -> 3033fc906b9e7c4456c09ecfb0559305
  custom:scripting/monoscript/fileName/AdditiveLevelsNetworkManager.cs: 81c5e48d23caf689c8cf889185de3c7d -> 
  custom:scripting/precompiled-assembly-types:Mirror.CompilerSymbols: 5b957551be4517a91fb6638283918c6d -> 
  custom:scripting/monoscript/fileName/ButtonShaker.cs: d510423b975ab2354a5f5c96308c2a50 -> 
  custom:scripting/monoscript/fileName/ServerRequest.cs: 6e22b42c717b6a45bd24b67b9a093733 -> 
  custom:scripting/monoscript/fileName/TankTurretHybrid.cs: c2e8eaba800c6a7ec25381756f54784b -> 
  custom:scripting/monoscript/fileName/SessionRequest.cs: 76097b9f661f8c73dc5186606f3e4b1a -> 
  custom:scripting/monoscript/fileName/AppCreation.cs: 78aec0fa4ff76cc32c21577c58e38f79 -> 
  custom:scripting/monoscript/fileName/RemoteStatistics.cs: 9f3c769371743f41513cd07394e28f57 -> 
  custom:scripting/monoscript/fileName/AppVersionPort.cs: eb5cbf850e45a6d76dda085516bfd4dc -> 
  custom:scripting/monoscript/fileName/TankTurretReliable.cs: dadf0894e59a8d9467d74d7e48f5e491 -> 
  custom:scripting/monoscript/fileName/Projectile.cs: 687fe0150b20e15e09d4034d1c115268 -> f5aa1458f69fd92888bf32fa87653091
  custom:scripting/monoscript/fileName/SteamLobby.cs: 161cc8d5cbf6bceb7c014ef91a7bebba -> 
  custom:scripting/monoscript/fileName/NetworkRuntimeProfiler.cs: d99b60ed49153fe22f52a50dd773e944 -> 
  custom:container-demuxer-webm: 4f35f7cbe854078d1ac9338744f61a02 -> 
  custom:scripting/monoscript/fileName/PlayerControllerReliable.cs: 5f8224d144a236753407efa081f0f102 -> 
  custom:scripting/monoscript/fileName/AppVersion.cs: 40ff2e897c96d1c129139f0b849d9718 -> 
  custom:scripting/monoscript/fileName/ControllerUIBase.cs: 1c8b9db741c6d1a7e0cf68ca676ce2f1 -> 
  custom:scripting/monoscript/fileName/GetCreateAppResult.cs: 2665004311b43ae94fa5fafd12231d4d -> 
  custom:scripting/monoscript/fileName/SyncVarAccessLists.cs: 6d87ac2ea35db000d42a3b7a14533651 -> 
  custom:scripting/monoscript/fileName/SnapshotInterpolation.cs: 99cbf038115a1678406cac06de9f1b7f -> 
  custom:scripting/monoscript/fileName/MatchmakerComponentUpdate.cs: a0a7be9f888c79d329e497861c209c99 -> 
  custom:scripting/monoscript/fileName/Paginator.cs: e142e134fade6ea1894e508f9f66acd4 -> 
  custom:scripting/monoscript/fileName/ByteBuffer.cs: 4a77e836356652ed25bb95e3eefd00df -> 8d785be35bd14d173041de6285f8afb7
  custom:scripting/monoscript/fileName/SceneDistanceInterestManagement.cs: 54a07e6f022c21caeaeeb60165165a42 -> 
  custom:scripting/monoscript/fileName/AppVersionProbe.cs: 23bb13858785ab436018f13349d66375 -> 
  custom:scripting/monoscript/fileName/Hex3DNetworkManager.cs: a740cd63d95e4eb8dfb267e0a4b650fd -> 
  custom:scripting/monoscript/fileName/RandomForce.cs: fefdc3c7d4c332958eecbb841ae7d313 -> 
  custom:scripting/monoscript/fileName/BenchmarkIdleNetworkManager.cs: 18883cd823ede2cdd724daff300842d3 -> 
  custom:scripting/monoscript/fileName/Locations.cs: 8e8046bb0004a483f5f9209a1b60562e -> 
  custom:scripting/monoscript/fileName/PickupsDropsChilds.cs: edbc8c6159ffe7b1bdc2820aef549c03 -> 
  custom:scripting/monoscript/fileName/LocalConnectionToClient.cs: f8e089d8371f882600882da0abad3d70 -> 
  custom:scripting/monoscript/fileName/ScriptAnimations.cs: 05ad5ee3c9bfea0d0bc238feb41207dd -> 
  custom:scripting/precompiled-assembly-types:Telepathy: be4a42bcb47cef9adfa826e2c8601140 -> 
  custom:scripting/monoscript/fileName/IEquipped.cs: 0627c77ac459876a4f5a49ef7a0758ec -> 
  custom:scripting/monoscript/fileName/Grid2D.cs: 90647cc400823b41df847a6cbfc29026 -> 
  custom:scripting/monoscript/fileName/Compression.cs: 04a6fd9bcaaaac6db5e48318892321fa -> 
  custom:scripting/monoscript/fileName/RpcProcessor.cs: fc8423a3b2b4294ae39717d6fc1ce415 -> 72306368767c87037d7fc7db12dbd180
  custom:scripting/monoscript/fileName/Location.cs: 2b8cfea35fec84d41a42eeb062dc27fa -> 
  custom:scripting/monoscript/fileName/SessionUserContext.cs: c56c57e419a38d2b8f057f2f798dee5f -> 
  custom:scripting/monoscript/fileName/Transport.cs: 3fdd471cdc9d5f5c8fd12e707f4e4255 -> acfacb8a8bff93131e0edd8e616c0dbc
  custom:scripting/monoscript/fileName/RandomVector3.cs: cb937ea9e5771caf7e525fe15a48c176 -> 
  custom:scripting/monoscript/fileName/LobbyUpdateRequest.cs: bab7bfc40f5b3e7121bf237ab3cb635d -> 
  custom:scripting/monoscript/fileName/FpsMinMaxAvgGraph.cs: fb4750f01a2a0410d129f87a449e03e2 -> 
  custom:scripting/monoscript/fileName/CustomPopupContent.cs: 1e568b97a655fbea24c304404ac54251 -> 
  custom:scripting/monoscript/fileName/BehaviourConfig.cs: 67f5f8a53e2a1676e246006f1fd526ca -> 
  custom:scripting/monoscript/fileName/EdgegapServerDataManager.cs: c2cea262bf85d2a8cbd76c0d405b2ca8 -> 
  custom:scripting/monoscript/fileName/ChatController.cs: 876d5ccae6e345dd5d9450eb0a748f16 -> 
  custom:scripting/monoscript/fileName/ApplicationPost.cs: 3189f6ae29a0a345c17e2bbe475719ea -> 
  custom:scripting/monoscript/fileName/StaticSitesList.cs: 3423c5c9815f01eb09af0b797d872530 -> 
  custom:scripting/monoscript/fileName/TankHealth.cs: 4275d1fc16d5b4422db271b890885852 -> 
  custom:scripting/monoscript/fileName/DistanceInterestManagementCustomRange.cs: 866d064fdba13ce7fc82fc274a0e11fc -> 
  custom:scripting/monoscript/fileName/Request.cs: e8adeb6fbf46f9a03326cb699c357e3d -> 
  custom:scripting/monoscript/fileName/Empty.cs: 90647cc400823b41df847a6cbfc29026 -> 2057a29dc93cc30152c22e28e19a74cc
  custom:scripting/monoscript/fileName/AddForce.cs: 11e50d319aba0b95455e4432d2f7dccf -> 
  custom:scripting/monoscript/fileName/PredictedSyncData.cs: 2751d7b847cb8f6f62a49e8943ca6669 -> 
  custom:scripting/monoscript/fileName/TextMeshSpawner.cs: 76f28e2ddb031571e6ec62b018f65fa8 -> 
  custom:scripting/monoscript/fileName/TankControllerUI.cs: 734550cc5ac6ba60ac60a4b31decce56 -> 
  custom:scripting/monoscript/fileName/Applications.cs: 2a163ed0454ad59289cc59f778b53f68 -> 
  custom:scripting/monoscript/fileName/MatchMessages.cs: 6a1f7a435eb69897241128d3c8c16404 -> 
  custom:scripting/monoscript/fileName/DeploymentPortsData.cs: 9c446abdf29e6e75b2d8e98ffc5a1776 -> 
  custom:scripting/monoscript/fileName/TeleType.cs: 31fa97821c4c70f157ec81d507aa6b62 -> 
  custom:scripting/monoscript/fileName/ThreadLog.cs: 084143ca234a5ef8e919fc420708d1f6 -> 
  custom:scripting/monoscript/fileName/Client.cs: ec065e9c1925c8bf5ad84021ad5fc672 -> 
  custom:scripting/monoscript/fileName/DeploymentLocation.cs: d4cbfdea6177ff39cfcdee0681ba153c -> 
  custom:scripting/monoscript/fileName/KcpServer.cs: 41175495b882a63e1b29233456a08ab3 -> 
  custom:scripting/monoscript/fileName/NetworkRoomPlayerExt.cs: a1a128b1238559670469ff7f67a966d5 -> 
  custom:scripting/monoscript/fileName/WorkerThread.cs: eb1db3592437ee3e35e25c002e0af24c -> 
  custom:scripting/monoscript/fileName/RigidbodyBenchmarkNetworkManager.cs: 86229c5c830bd84ca01fc619b43864bb -> 
  custom:scripting/monoscript/fileName/Hex2DPlayer.cs: db191692d443cf35eac7a67a6e518e50 -> 
  custom:scripting/monoscript/fileName/Benchmark04.cs: 32220b148620e52aa81c13a114862bf4 -> 
  custom:scripting/monoscript/fileName/Deployment.cs: e518b20ddbcb5b5e3127763e172a5cf0 -> 
  custom:scripting/monoscript/fileName/EdgegapDeploymentsApi.cs: a00e02d233c74d75400c20aae0b344d1 -> 
  custom:scripting/monoscript/fileName/LobbyApi.cs: a81d4bb79add183ad4736335d9ac68fe -> 
  custom:scripting/monoscript/fileName/WeaverTypes.cs: b755d2f1ac8fd923fbe3c893e0893dd2 -> 
  custom:scripting/monoscript/fileName/NetworkMessage.cs: 727405398065ce5b8c2a2968b08c8b08 -> 
  custom:scripting/monoscript/fileName/MatchInterestManagement.cs: 931853a4db5a96009203b13c1aef09f7 -> 
  custom:scripting/monoscript/fileName/ILPostProcessorHook.cs: a9ca15b96b19d8f55ab4a1e762792ee0 -> 
  custom:scripting/monoscript/fileName/NetworkWriter.cs: eb4bbd0cce33483ccaf8f9f3080b5ec0 -> 
  custom:scripting/monoscript/fileName/WeaverExceptions.cs: 90f25b13694d8a0fe3f14ad1bf8415c1 -> 
  custom:scripting/monoscript/fileName/NetworkIdentity.cs: 34f8cff89a1641927fcb1673b6ff0dce -> 
  custom:scripting/monoscript/fileName/SessionGet.cs: 901500217406498f7f1f1f95c01689b2 -> 
  custom:scripting/monoscript/fileName/BidirectionalDictionary.cs: 90647cc400823b41df847a6cbfc29026 -> 
  custom:scripting/monoscript/fileName/DeployEnvModel.cs: 0451ae8175be164f83bb570e0100acad -> 
  custom:scripting/monoscript/fileName/Connection.cs: 855fb220d4d2d17a947ca2c04f938b8c -> 
  custom:scripting/monoscript/fileName/AppVersionUpdatePatchData.cs: 6d61c6708264621612e3d53149a5cc54 -> 
  custom:scripting/precompiled-assembly-types:Mono.CecilX.Rocks: 5f71c6f5683af58c1bc2dc303f06a8f9 -> 
  custom:scripting/monoscript/fileName/MatchmakerComponentListResponse.cs: debb0cdde1b6cc5b5723f66e53e4968d -> 
  custom:scripting/monoscript/fileName/TimeoutAuthenticator.cs: 3705a9158aadf832987384c389fed1fa -> 
  custom:scripting/monoscript/fileName/MatchmakerListResponse.cs: b3d51ed12151872dff68e5f89db6677d -> 
  custom:scripting/precompiled-assembly-types:Mirror.Components: ddf23a93168b21e6f924a2b7c35eb849 -> 
  custom:scripting/monoscript/fileName/PhysicsCollision.cs: b29da1f804d05e41e2e27cd9945ac558 -> 
  custom:scripting/monoscript/fileName/Npc.cs: 1022a79f258ebb8d6f767f66493abe76 -> 
  custom:scripting/monoscript/fileName/Vector3Long.cs: 04080956ac90f0c29bbcf1128dcb92a3 -> 
  custom:scripting/monoscript/fileName/CustomSessionModel.cs: 0c45317b461f42e5069d988691598b37 -> 
  custom:scripting/monoscript/fileName/MatchmakerComponentEnvListResponse.cs: 4f3742e667d8bc48e3be8f68afe96add -> 
  custom:scripting/monoscript/fileName/Tank.cs: 4065398839c367553f40909d4d3de7b9 -> 
  custom:scripting/monoscript/fileName/ApplicationPatch.cs: 31b32a60744dd501c52502ba615fca5f -> 
  custom:scripting/monoscript/fileName/PlayerTopDown.cs: 0cbc60a85f52ed9762138ad268df4953 -> 
  custom:container-muxer-webm: aa71ff27fc2769a1b78a27578f13a17b -> 
  custom:scripting/monoscript/fileName/Extensions.cs: 3e842ecd1fd4f6dcc71289eaca645e1c -> 
  custom:scripting/monoscript/fileName/ServerHandshake.cs: dd3ed7dec339133f9bc717972645e0e0 -> 
  custom:scripting/precompiled-assembly-types:Edgegap: 3c01a6d6fe261a23a7ffc9ba82a27687 -> 
  custom:scripting/monoscript/fileName/MatchmakerComponentResponse.cs: 9744ac5d8f087c298f5997a8231449d7 -> 
  custom:scripting/monoscript/fileName/SimpleWebServer.cs: 85119f03a67d3812d3578a9e89b0d5a2 -> 
  custom:scripting/monoscript/fileName/ConnectionState.cs: 155d46183ec6bfe3c53493eef1a3f271 -> 
  custom:scripting/precompiled-assembly-types:Mirror.BouncyCastle.Cryptography: ce5e19783660434487c4f16ac05e4902 -> 
  custom:scripting/monoscript/fileName/SimpleWebClient.cs: 77e98cd56ecd887c8e74e314f255fc19 -> 
  custom:scripting/monoscript/fileName/NetworkPingGraph.cs: 978ede1ab6a3211cb2d66324c457923e -> 
  custom:scripting/monoscript/fileName/NetworkSceneScript.cs: e922fa4f1491b0a34a16a3e916054254 -> 
  custom:scripting/monoscript/fileName/NetworkRigidbodyReliable.cs: 4f764eeea3131d3565e05249bdc3738d -> 
  custom:scripting/monoscript/fileName/NetworkManager.cs: 587469bd2f7e5105c195d4f65513fba6 -> 04d3773e92f8e7ff5d40420b188066b8
  custom:video-decoder-webm-vp8: 9c59270c3fd7afecdb556c50c9e8de78 -> 
  custom:scripting/monoscript/fileName/CellGUI.cs: c9c179f3a4fe28314dc6b013532a1aac -> 
  custom:scripting/monoscript/fileName/EdgegapHttpResult.cs: 019f495db0b17de6c4cf45d37af00a52 -> 
  custom:scripting/monoscript/fileName/PlayerPredicted.cs: 2ac68f66b97337edcfd36195524add2b -> 
  custom:scripting/monoscript/fileName/TMP_PhoneNumberValidator.cs: 7c3049f481e464c6a9a15dee56c3126f -> 
  custom:scripting/monoscript/fileName/Portal.cs: d1a0af7becd308cd65b68f0c1a9906de -> 
  custom:scripting/monoscript/fileName/CanvasController.cs: dbbcfc410e8dd7a2c88640db192e7bdd -> 
  custom:scripting/monoscript/fileName/MonsterMovement.cs: d2a6632cefaf51ed109ca8e1f263780f -> 
  custom:scripting/monoscript/fileName/NetworkManagerPong.cs: 4831be090a902280d7eb5fd2ad00bf33 -> 
  custom:scripting/monoscript/fileName/IClient.cs: 0ee6c3ce08d56e26b07dbed38d968805 -> 
  custom:scripting/monoscript/fileName/AppVersionUpdateSessionConfig.cs: a86f3d24b5f9b0fcf71fb119a0cec212 -> 
  custom:scripting/monoscript/fileName/Capture.cs: 9ba72701823e26e05c1be33147fc921a -> 
  custom:scripting/monoscript/fileName/ILPostProcessorReflectionImporterProvider.cs: 56b3c3e790b97c8ca8ef2028b4d9b369 -> 
  custom:scripting/monoscript/fileName/GetYourPublicIpResult.cs: 2e6c620653140a80fee037adee301869 -> 
  custom:scripting/monoscript/fileName/NetworkRigidbodyUnreliable.cs: 7d68d4d39f285157e980fb4deb07db1e -> 
  custom:scripting/monoscript/fileName/Weaver.cs: c17857e97bcb7c841b278ae2f64b9e7a -> 
  custom:scripting/monoscript/fileName/NetworkBehaviour.cs: b70ee6c87d29edda48bb6fa5c883e16c -> 7b399f80f145a1734b3619ea3737c973
  custom:scripting/monoscript/fileName/ChatAuthenticator.cs: ee45696f774b54f4d7823b15a3343b81 -> 
  custom:scripting/monoscript/fileName/TelepathyTransport.cs: ff73371c5baea0edfb0a459119b6cfea -> 
  custom:scripting/monoscript/fileName/SelectorModel.cs: f9930d41f7dc288eba237326abc40688 -> 
  custom:scripting/monoscript/fileName/TimeSnapshot.cs: 308585c8ea7403f4cb755fb11f4647b3 -> 
  custom:scripting/monoscript/fileName/HexGrid2D.cs: 32546d4e985500f27368833b988238b6 -> 
  custom:scripting/monoscript/fileName/MatchController.cs: 00b67fb19132e64c4a7a5173f051fd74 -> 
  custom:scripting/monoscript/fileName/EdgegapKcpServer.cs: cc28757f93aaf99536b5069dce4d790f -> 
  custom:scripting/monoscript/fileName/MetricsModel.cs: 477122825f325e4f520e4e90fa3b943a -> 
  custom:scripting/monoscript/fileName/AndroidManifestHelper.cs: 095999324637c0e724899fbeaa92973e -> 
  custom:scripting/monoscript/fileName/MultiplexTransport.cs: 6367abac5b697aea7d42375d5567c446 -> 
  custom:scripting/monoscript/fileName/MatchmakerReleaseConfigResponse.cs: 8417faef50e0d649a50e76dd8add6230 -> 
  custom:scripting/monoscript/fileName/MatchmakerReleaseUpdate.cs: 0d60d56ae6e25b7e51f9b70d879a199c -> 
  custom:scripting/monoscript/fileName/TurretUI.cs: c6f46659a65274cbc4aa2b4751bacf3b -> 
  custom:scripting/monoscript/fileName/SessionDelete.cs: 4bc9bb893d90f8b202a35ebc893d87c2 -> 
  custom:scripting/monoscript/fileName/PlayerControllerRBUnreliable.cs: e28c61047ad794f8f9ed3573e29d39ce -> 
  custom:scripting/precompiled-assembly-types:Mirror.Examples: 942f98c63d1fb50e7d40ec3222962b25 -> 
  custom:scripting/monoscript/fileName/PatchSessionModel.cs: 5f61d64497f581e58e762c6a60d9d3bc -> 
  custom:scripting/monoscript/fileName/PlayerControllerBase.cs: c4229ad4e3c751da6adf89a9b90c4f53 -> 
  custom:SearchIndexIgnoredProperties: e643bd26f0fe6173181afceb89e7c659 -> 
  custom:scripting/monoscript/fileName/TankTheftAutoNetMan.cs: afe6957936edbc46518529af71b5a1e0 -> 
  custom:scripting/monoscript/fileName/NetworkAuthenticator.cs: fe8d0f1940cf525af0b6785b50c55890 -> 
  custom:scripting/monoscript/fileName/ServerClientAttributeProcessor.cs: e6bbd94466e353992280af1748f9c3fa -> 
  custom:scripting/monoscript/fileName/RelayCredentialsFromArgs.cs: 3a4052514fe17afe160039a500214f25 -> 
  custom:scripting/monoscript/fileName/NetworkBehaviourInspector.cs: de8831a765475a5fa2118e3f318ea9fa -> 
  custom:scripting/monoscript/fileName/UILobbyCreate.cs: a4cbc6a21d77384404a73c71ef5836b7 -> 
  custom:scripting/monoscript/fileName/CanvasReferencer.cs: 2aa66d72b645141025651c423b0b8ffd -> 
  custom:scripting/monoscript/fileName/Logger.cs: 42bdef7d93e2a7f3cdefe3ad615a0bf8 -> 
  custom:scripting/monoscript/fileName/Prediction.cs: 337669abade5564b94f1ddd3238a6272 -> 
  custom:scripting/monoscript/fileName/TcpConfig.cs: b3fe968dd195ac83dab70c84a8b6acb5 -> 
  custom:AudioImporter_EditorPlatform: d09bf68614088b80899f8185d706f6e7 -> 
  custom:scripting/monoscript/fileName/EnvMapAnimator.cs: 1b4f61c17e4b7283c3ac351aacff9d26 -> 
  custom:scripting/precompiled-assembly-types:EncryptionTransportEditor: 55b3d4bb65d51a4242f8e2e0ae237beb -> 
  custom:scripting/monoscript/fileName/PlayerInput.cs: 681925b6d303bf4fa01f7607a4114af6 -> 1cee85eeeadffae2bed639a188980b07
  custom:scripting/monoscript/fileName/ShaderPropAnimator.cs: 55ce425812446482e623ff2695c94cb2 -> 
  custom:scripting/precompiled-assembly-types:Mirror.Editor: b8eca3259da9fe9339e76d5c771271ad -> 
  custom:scripting/monoscript/fileName/Hex3DPlayer.cs: 6f6cf0b848723a41ab0568498146573e -> 
  custom:scripting/monoscript/fileName/NetworkLobbyPlayer.cs: 18aca6fa2be85c31234e5f78e6439b88 -> 
  custom:scripting/monoscript/fileName/EdgegapLobbyKcpTransport.cs: 88e5c75d824008ed5507ab2ec63097b3 -> 
  custom:scripting/monoscript/fileName/Unbatcher.cs: 5aa136de7871cd8f1899a494f2d2bfb9 -> 
  custom:scripting/monoscript/fileName/AdditiveNetworkManager.cs: 6333d7e02d54590ee42d10d71e8e9c6a -> 
  custom:scripting/monoscript/fileName/FPS.cs: bff3c635136d039c8ead84debcf37279 -> 
  custom:scripting/monoscript/fileName/NetworkAnimator.cs: e3aa6fdca1c345bafe939fe4b2543810 -> cf63fe8fa363f33814c9fc61f800ddfb
  custom:scripting/monoscript/fileName/ServerStatus.cs: 4624d1575bade49a5521d782f78df1e1 -> 
  custom:scripting/monoscript/fileName/NextClient.cs: 68b507546941a96c9840e0d0cb469996 -> 
  custom:scripting/monoscript/fileName/IMoveWrapper.cs: 705b04e06875106fb636db85212c462b -> 
  custom:scripting/monoscript/fileName/SyncObject.cs: f382e591e08c638ad7a03899b5c1260c -> 
  custom:scripting/monoscript/fileName/EdgegapWindowMetadata.cs: 55c656aedcf842f44d5062b552b159a3 -> 
  custom:scripting/monoscript/fileName/LobbyJoinOrLeaveRequest.cs: 2fa3f00314ae3645ea15c19014666aaa -> 
  custom:scripting/monoscript/fileName/SceneCamera.cs: e8ec01d5286b7f1a7e7f8589e1bc4c5d -> 
  custom:scripting/monoscript/fileName/NetworkWriterExtensions.cs: edde4aa4541705b5307f41c47b784e15 -> 
  custom:scripting/monoscript/fileName/UILobbyList.cs: 0d18508c9642466bef16717a97746e0d -> 
  custom:scripting/monoscript/fileName/NetworkManagerHUD.cs: 296b96cefd28feecd6d2c28a8021feb8 -> 
  custom:scripting/monoscript/fileName/SequencePoint.cs: 4a4d5ad2a93cd5d1c43bb2d3949dc3e3 -> 02e3a948661cc749e3aa0b71c10cc2f4
  custom:scripting/monoscript/fileName/Capture2D.cs: bf4fdeee891abff0407922455bfb5125 -> 
  custom:scripting/monoscript/fileName/DeployModel.cs: 37815ddb698917a22f349c3f37e33990 -> 
  custom:scripting/monoscript/fileName/Server.cs: bb7429a6c380213f075ffa6fe44dea4c -> 
  custom:scripting/monoscript/fileName/NetworkReaderExtensions.cs: a9217d4a2c7ac33507ad3c0a9cc00348 -> 
  custom:scripting/monoscript/fileName/TankAuthority.cs: bbacf7dfce327d4d500c4206be20966c -> 
  custom:scripting/precompiled-assembly-types:Mirror.Transports: c683451934891c9205cfb3d911371604 -> 
  custom:scripting/monoscript/fileName/NetworkDiagnostics.cs: 2c53a0a9fa33751b101fa4c2bd8116a2 -> 
  custom:scripting/monoscript/fileName/MatchmakerUpdate.cs: f6e50aebbfb2a9f92d4180467bc865e5 -> 
  custom:scripting/monoscript/fileName/SimpleScript.cs: 454caab0c6c050f29b39d82e1d66d0fa -> 
  custom:scripting/monoscript/fileName/RedBall.cs: 23f173564ee484198342e7a7ff9aa732 -> 
  custom:scripting/monoscript/fileName/CameraTopDown.cs: 27f2d76964bf7fbb3efc7841b6ff9f80 -> 
  custom:scripting/precompiled-assembly-types:FizzySteamworks: b3d0e3a23a9c0960a35108da2a1cef99 -> 
  custom:scripting/monoscript/fileName/PlayerControllerHybrid.cs: e0c78020bbc122fce20653124e855ef0 -> 
  custom:scripting/monoscript/fileName/Writers.cs: 0e0f82cd02f1add51cf2113f6ca29d0e -> 
  custom:scripting/monoscript/fileName/ClientSslHelper.cs: ff503a0020672642999b1d67b142996b -> 
  custom:scripting/monoscript/fileName/UILobbyStatus.cs: 3bb2407b92751ce372d17aa781a9d7f0 -> 
  custom:scripting/monoscript/fileName/PlayerControllerRBUI.cs: aa16e927524727dd7bad6f70e6fa8cc3 -> 
  custom:scripting/monoscript/fileName/SimpleWebTransport.cs: 201aa442f87b97e5a4f336cff0c3475b -> 
  custom:scripting/monoscript/fileName/ObjectSpin.cs: 2b96bb2079dd7fa5108d981627a28e1e -> 
  custom:scripting/monoscript/fileName/FlyerControllerBase.cs: bd8738a16b19d2c4b69a7f2d08cae484 -> 
  custom:scripting/monoscript/fileName/PredictedRigidbody.cs: 49885d1a01342acf1778733d45b080a1 -> 
  custom:scripting/monoscript/fileName/NetworkLoop.cs: 7e931323493a9bceaf64a171ef8f14c8 -> 
  custom:scripting/monoscript/fileName/BaseGUIGame.cs: 509c88c42fa9315b090c67f7f7ec04a1 -> 
  custom:scripting/monoscript/fileName/Box.cs: b58d9a27aa756bef4c89233c294a92d2 -> 
  custom:scripting/monoscript/fileName/ConcurrentNetworkWriterPool.cs: 05e5b92194814f243271f5aa891389b9 -> 
  custom:scripting/monoscript/fileName/CreateDeploymentResult.cs: 140ad421cb8de834246035693e607100 -> 
  custom:scripting/monoscript/fileName/NetworkConnectionToClient.cs: a7117db20fabf222ada309a58ae78cdf -> 
  custom:scripting/monoscript/fileName/SimulationTimer.cs: e66fac111f063ab6587e351b92305ed6 -> 
  custom:scripting/monoscript/fileName/NetworkReaderPool.cs: 8e9fa92a68b78527d4070e61030cd1ec -> 
  custom:scripting/monoscript/fileName/CCUNetworkManager.cs: 6c5ed635401f9f58bf43b0b90f288547 -> 
  custom:scripting/monoscript/fileName/FaceCamera.cs: 597f1c1fd33a374718b7a228115d0b09 -> 
  custom:scripting/monoscript/fileName/ClientCube.cs: fa8ec268ffc136fe16887bf1d71518af -> 
  custom:scripting/monoscript/fileName/PauseableSimulationTimer.cs: 36b935dd02d788ef73cc18bed82e0123 -> 
  custom:scripting/monoscript/fileName/HttpEncoder.cs: 34c1ef78dc91044baabdfa75d5822175 -> 
  custom:scripting/monoscript/fileName/LobbyTransportInspector.cs: 3303cef541a5353d203c6d9e76129585 -> 
  custom:scripting/monoscript/fileName/BaseModel.cs: fc8176dbae9f2c02460fdd37fffaffcb -> 
  custom:scripting/monoscript/fileName/NetworkRigidbodyReliable2D.cs: 11ff1c268785cc44a49781faf9d675fd -> 
  custom:scripting/monoscript/fileName/PubKeyInfo.cs: ea3f411d3c5cc3bbe01fb14ba03c036d -> 
  custom:scripting/monoscript/fileName/CameraController.cs: 34b6be4e23ce86dc89786916c5983296 -> 
  custom:scripting/monoscript/fileName/ConcurrentNetworkWriterPooled.cs: e71d182e79f25849ae550e9c29e82b50 -> 
  custom:scripting/monoscript/fileName/WhiteBall.cs: fb44ddd761c905dacbcd4880514a268b -> 
  custom:scripting/monoscript/fileName/ILPostProcessorReflectionImporter.cs: 71ad9944df53de4c5e884f9c3232b7c4 -> 
  custom:scripting/monoscript/fileName/SyncVarAttributeDrawer.cs: 8c7f965195714930eb12f8eb30ae9698 -> 
  custom:scripting/monoscript/fileName/Hex2DNetworkManager.cs: 789b7a4f7aa63b9854bf63c78af5e88b -> 
  custom:scripting/monoscript/fileName/TMP_TextInfoDebugTool.cs: 3f1709cfb2cc628169113a35b5e9be3f -> 
  custom:scripting/monoscript/fileName/CouchPlayer.cs: 9ea4a5d24e0214d8cc3af58a4a059e5e -> 
  custom:scripting/monoscript/fileName/PlayerLook.cs: 96d97ca5ff1e45aa7525215f9fe241fb -> 
  custom:scripting/monoscript/fileName/Pagination.cs: 060b4e75ab66256a45e35a1f8ddffc47 -> 
  custom:scripting/monoscript/fileName/PlayerControllerRBHybrid.cs: b10afd8f59eb1876ef9a1d7fc195b752 -> 
  custom:scripting/monoscript/fileName/Readers.cs: f566e2876d372f2878a76791fc9e0982 -> 
  custom:scripting/monoscript/fileName/FadeInOut.cs: ad05b676f5cdfcf2792aa5e9fa61ff07 -> 
  custom:scripting/monoscript/fileName/FizzySteamworks.cs: e71243faeb2057fa4cf4d7cec5195c51 -> 
  custom:scripting/monoscript/fileName/LatencySimulation.cs: c07adc984a8c8dfd4635b2d5c586660e -> 
  custom:scripting/monoscript/fileName/CompiledAssemblyFromFile.cs: 172db0c210286d908c2c9e772107692c -> 
  custom:scripting/monoscript/fileName/GUIConsole.cs: 73763feb68692544e67165553bacf28a -> 
  custom:scripting/monoscript/fileName/EncryptionTransport.cs: b080ac2531a793e4a04be0a671a8ddae -> 
  custom:scripting/monoscript/fileName/NetworkServer.cs: 4bf2b7005473452a1a23e73ec29e826a -> 
  custom:scripting/monoscript/fileName/ListLobbiesResponse.cs: 74285b33f42d7c447525bf364a7a8e6a -> 
  custom:scripting/monoscript/fileName/GetRegistryCredentialsResult.cs: 2dbb104a45cecdaba09160542c122e79 -> 
  custom:scripting/monoscript/fileName/NetworkLobbyManager.cs: e92289627396a76134344c625c1bd5ff -> 
  custom:scripting/monoscript/fileName/ReadHelper.cs: dc6f61a190cf50616faf53c1d8fe9138 -> 
  custom:scripting/monoscript/fileName/PerlinNoise.cs: a6d38456eeab3d5c728fa6dcc329b23b -> 
  custom:scripting/monoscript/fileName/LocationModel.cs: fa342937955af1ae4805fb26fb7497a0 -> 
  custom:scripting/monoscript/fileName/NetworkDiagnosticsDebugger.cs: 3681e1a6e424a661478042120e6e97b2 -> 
  custom:scripting/monoscript/fileName/AppVersionUpdate.cs: d650841e4f781642f886cea8ba2ff518 -> 
  custom:scripting/monoscript/fileName/AutoLANNetworkManager.cs: 81d4c29342a5724bef2d0fbfa8b8ffd6 -> 
  custom:scripting/monoscript/fileName/ILPostProcessorLogger.cs: a9a79cba4fed98c69528536ac8b3f71c -> 
  custom:scripting/monoscript/fileName/NextServer.cs: d36548727786c56fce35f0387e027784 -> 
  custom:scripting/monoscript/fileName/MatchNetworkManager.cs: 0e5f406e72ee06df99e93b9762b0b5e5 -> 
  custom:scripting/monoscript/fileName/ClientWebsocketSettingsDrawer.cs: 1a9576100bab38a4c4ed964bd5a996d8 -> 
  custom:scripting/monoscript/fileName/LagCompensation.cs: af5643706224b00b5496021d95b4d26c -> 
  custom:scripting/monoscript/fileName/TypeReferenceComparer.cs: 57898ebe5f727afaad55eae2ef9eb421 -> 
  custom:scripting/monoscript/fileName/SceneDrawer.cs: a3eb2aa63c853113db40c3c765f99caf -> 64c0486f404cbf51fb244bc2aae5d304
  custom:scripting/monoscript/fileName/Half.cs: 63f3beeb20999fc5be570faa1ddfaff3 -> 
  custom:scripting/monoscript/fileName/CustomBulkSessionModel.cs: c43f4ed8b8a8ffdf5798e27fde8d1da9 -> 
  custom:scripting/monoscript/fileName/HttpUtility.cs: 38557d5b810bac052c2b886eb7896a0b -> 
  custom:scripting/monoscript/fileName/SessionData.cs: 926e839f6ee612b6bb61a5f33e2ae255 -> 
  custom:scripting/monoscript/fileName/Lobby.cs: babc6bda0c089900c1ee14fbdf2252fb -> 
  custom:scripting/monoscript/fileName/PortMapping.cs: 3405e3dbbaf9f08719e377ecc60b39d1 -> 
  custom:scripting/monoscript/fileName/ComponentCredentials.cs: 10ee73ed647c45e84c69086707bbb413 -> 
  custom:scripting/monoscript/fileName/TMP_TextSelector_A.cs: 347309a09d56e367b188a6978f75b424 -> 
  custom:scripting/monoscript/fileName/GithubRelease.cs: 72553de2e91c74b5e77d48ec8bad1e1e -> 
  custom:video-encoder-webm-vp8: eb34c28f22e8b96e1ab97ce403110664 -> 
  custom:scripting/monoscript/fileName/KcpPeer.cs: 56ce963667425f004cba0f7a2fb0990c -> 
  custom:scripting/monoscript/fileName/NetworkStatistics.cs: dc6ee38d99ae1ede6a65fbd49f77e3f1 -> 
  custom:scripting/monoscript/fileName/EdgegapErrorResult.cs: eef015ff915f6463977a6a0e0708b02f -> 
  custom:scripting/monoscript/fileName/MatchmakerCreate.cs: e93de2ce38240493494356c6edd16603 -> 
  custom:scripting/monoscript/fileName/LegacyCommon.cs: 4f58d1a7cf1c577a807423607c7ccd79 -> 
  custom:scripting/monoscript/fileName/ToolState.cs: 4530727686ebfde28de5319abc2ef774 -> 
  custom:scripting/monoscript/fileName/ReadOnlyDrawer.cs: d65aea53441f9c4a71f4dfe0811e68d2 -> 
  custom:scripting/monoscript/fileName/BenchmarkNetworkManager.cs: e88082d7af5c1d730dda3747af70dd2b -> 
  custom:scripting/monoscript/fileName/MatchmakerReleaseUpdateBase.cs: 4e30b58c56d5ed98ea160538bc0598d2 -> 
  custom:scripting/monoscript/fileName/AppVersionWhitelistEntry.cs: 4aacc923ed390c830698b740c71c65ba -> 
  custom:scripting/monoscript/fileName/TransformSyncData.cs: c594ec19d2f375f9b96b9f16c0382013 -> 
  custom:scripting/monoscript/fileName/NetworkRoomManager.cs: 9ffbfd151ebb0691dffa518355bf39c5 -> 
  custom:scripting/monoscript/fileName/NetworkClient_TimeInterpolation.cs: 1837a8f7445498a9e0a83dd68509c1b1 -> 
  custom:scripting/monoscript/fileName/ClientWebsocketSettings.cs: e9e26fdc9accf1935e75d24301c39bb5 -> 
  custom:audio-decoder-ogg-vorbis: bf7c407c2cedff20999df2af8eb42d56 -> 
  custom:scripting/monoscript/fileName/PlayerForce.cs: 398baeeab5a6f324fc944f47725e3ba9 -> 
  custom:scripting/monoscript/fileName/ShootingTankBehaviour.cs: b9f7f0adf77d7e8802f7fc793a654f17 -> 
  custom:scripting/monoscript/fileName/NetworkReader.cs: 47f66f43ebe25583e8b1969d676c2c7c -> 
  custom:scripting/monoscript/fileName/VertexJitter.cs: d27eb5498e48714a66aece98da065133 -> 
  custom:scripting/monoscript/fileName/IServer.cs: 9404ef1ff92fff83ca9bd73ef6621dbe -> 
  custom:scripting/monoscript/fileName/BasicNetManager.cs: c49da441cd1441606f5a7a90a8fca15f -> 
  custom:scripting/monoscript/fileName/NetworkMetricsModel.cs: 9d15ea7e4ea724564c78e28856afc8f3 -> 
  custom:scripting/monoscript/fileName/PlayerControllerRBBase.cs: a84a38f92b1c9b210aad70d96984b480 -> 
  custom:scripting/monoscript/fileName/SimpleWebJSLib.cs: 8d05a33480c825a60778e3897b036667 -> 
  custom:scripting/monoscript/fileName/InterestManagementBase.cs: 46a9f4e3c40c9bd76b81a96caccc038b -> 
  custom:scripting/monoscript/fileName/BaseUIGraph.cs: 7b309ec97c6cdcd8ede6726ba4cac96e -> 
  custom:scripting/monoscript/fileName/PredictedRigidbodyPhysicsGhost.cs: ff16a5cbc9ce7afb2dd5c9c6a6d7d134 -> 
  custom:scripting/monoscript/fileName/ChatBehaviour.cs: 09a0207b41c7894e8cce4b0d1bc708c6 -> 
  custom:scripting/monoscript/fileName/NetworkMessages.cs: b3cbd2d6b32618fc6b6e4f091087b2b5 -> 
  custom:scripting/monoscript/fileName/VersionData.cs: cce9d1ff362bd01036e31a1dba64f053 -> 
  custom:scripting/monoscript/fileName/LobbyBrief.cs: 75109717219d4302c42c4fcd4377d1f9 -> 
  custom:scripting/monoscript/fileName/AppVersionWhitelistEntryPayload.cs: 142436ef87e33a541ed4f6374ee34b59 -> 
  custom:scripting/monoscript/fileName/EquippedBox.cs: 5d8c02350d0b5b1a2d11bc0ee1bb4617 -> 
  custom:scripting/monoscript/fileName/PredictionUtils.cs: a151306f40929796f931e4c8825d289c -> 
  custom:scripting/monoscript/fileName/LocalConnectionToServer.cs: c24bf224f541386eb7ade46fcf9e7b91 -> 
  custom:scripting/monoscript/fileName/MatchmakerComponentEnvsResponse.cs: 99d5f3218c7ff65b52686ad2fe581411 -> 
  custom:scripting/monoscript/fileName/LoginUI.cs: 18bc259d9a890e0bff8823f660eb04f2 -> 
  custom:scripting/monoscript/fileName/EnemyTopDown.cs: f329ccf2293ed5b591b9163dbf259547 -> 
  custom:scripting/monoscript/fileName/Error.cs: 02925f9bbc0ba66497cbee791a93b793 -> 
  custom:scripting/monoscript/fileName/AccurateInterval.cs: 7c8c151b32fb21eac3bee454e6d05acd -> 
  custom:scripting/monoscript/fileName/AutoLANNetworkDiscovery.cs: 873abc584b6966ab8c17d8cb96fabd87 -> 
  custom:scripting/monoscript/fileName/WeaverFuse.cs: 75dab88ec6053f5d2cfa7094787071a4 -> 
  custom:scripting/monoscript/fileName/HostMode.cs: 53517e579116104b805bd6174b0c8c44 -> 
  custom:scripting/monoscript/fileName/HistoryBounds.cs: 5366088f43c695b08273a56dfa3e7d7a -> 
  custom:scripting/monoscript/fileName/FlyerControllerUnreliable.cs: 6f33f4957a3e23c6e6f5b16e6576f719 -> 
  custom:scripting/monoscript/fileName/Messages.cs: 6cde3abd234926f9b8304f51b5245479 -> 
  custom:scripting/monoscript/fileName/TextConsoleSimulator.cs: 33fc311abb20b5b0ed8f00e4d86b574e -> 
  custom:scripting/monoscript/fileName/BulkSessionDelete.cs: 00debcc1365f5080b7ab7cdc3bce9069 -> 
  custom:scripting/monoscript/fileName/NetworkBehaviourHybrid.cs: cc442750175f8eb26352ed1d37ed68ec -> 
  custom:scripting/monoscript/fileName/VertexColorCycler.cs: 5f984ca91cf3609293aecc6bc5641572 -> 
  custom:scripting/monoscript/fileName/TMP_FrameRateCounter.cs: 46f655df8cb483ac5958307137b1585a -> 
  custom:scripting/monoscript/fileName/MetricsResponse.cs: adc9eb853d506e6911c34e94cb1a44ac -> 
  custom:scripting/monoscript/fileName/MatchmakerManagedReleaseResponse.cs: f6a65f04231d4c8151690bd1dbdea158 -> 
  custom:scripting/monoscript/fileName/KcpTransport.cs: 6876dddbbc75d3fdec1a3ec1d11c4388 -> 
  custom:scripting/monoscript/fileName/MenuViewController.cs: cef89d0e3e9138d46df17c833a30074a -> 
  custom:scripting/monoscript/fileName/ClientHandshake.cs: 9b1519777afa1a68ee06a43bbd851230 -> 
  custom:scripting/monoscript/fileName/VertexShakeB.cs: a6f78c4fcda1a29a1a1c1baefedba9e7 -> 
  custom:scripting/monoscript/fileName/LagCompensatorInspector.cs: f7a66b1ec5ec964ffd26e6aaa99a367a -> 
  custom:scripting/monoscript/fileName/MovingPlatform.cs: 50664adb03ef5c08ef0312e7b9154dbf -> f783b7b0f56b8c2515790d5394eb8fad
  custom:scripting/precompiled-assembly-types:Mirror.Authenticators: 18fc7e82bb794295c029dc41851e1341 -> 
  custom:scripting/monoscript/fileName/EdgegapWindowV2.cs: c373be385845fd0ec200faf9ce608167 -> 
  custom:scripting/monoscript/fileName/SceneObject.cs: febce20dbdbec68d33e252ae07d7583a -> 
  custom:scripting/precompiled-assembly-types:Mirror: 9f1d4936e532342e533f9fccadd3c186 -> 
  custom:scripting/monoscript/fileName/TMP_UiFrameRateCounter.cs: b01021aea19247f14a98ab338907956a -> 
  custom:scripting/monoscript/fileName/ApiEnvironment.cs: 6464cf296474b7e0bac3222638c8b998 -> 
  custom:scripting/monoscript/fileName/Message.cs: 87f23daf1017c6dedc81873de24a0b0a -> 671a789acb2c7a93d0b620fe02979957
  custom:scripting/monoscript/fileName/Protocol.cs: dc3277d0edb2f3b079d8dc3c603b3234 -> 
  custom:scripting/monoscript/fileName/SessionContext.cs: 1f9753a239ada07c67a04ec10d033ff6 -> 
  custom:scripting/monoscript/fileName/ZoneHandler.cs: 12219132cacb50ef816b58e74ae7bc1b -> 
  custom:scripting/monoscript/fileName/BulkSessionPost.cs: 983b7cd17bce3b5d4ed513d50406dbe0 -> 
  custom:scripting/monoscript/fileName/SyncObjectProcessor.cs: f85aeec708c2484e3a9d4dcb2d61373f -> 
  custom:scripting/monoscript/fileName/MinMaxBounds.cs: d21201751d1a6e620bbca31f42f0d83c -> 
  custom:scripting/monoscript/fileName/TankTurretUnreliable.cs: 42fc005b8eddb4dbfab82bd3a4c6bd77 -> 
  custom:scripting/monoscript/fileName/ToggleHotkey.cs: f0b135621dddd18a3df65c3f41516cbe -> 
  custom:scripting/monoscript/fileName/SpatialHashing3DInterestManagement.cs: 0f22ee6ece7173fd6e6b5494dbdd5299 -> 
  custom:scripting/monoscript/fileName/MonoBehaviourProcessor.cs: cfb4c90153ccd6a20cbce093f5f47d05 -> 
  custom:scripting/monoscript/fileName/GetAppsResult.cs: 7b56bb2764d41df2cc8b734a369c8896 -> 
  custom:scripting/monoscript/fileName/WebSocketClientStandAlone.cs: cc187376230ea5d8953ef323f3317e01 -> 
  custom:scripting/monoscript/fileName/SessionUser.cs: c97baa01bc3d8946d4a60a563a7faafc -> 
  custom:scripting/monoscript/fileName/DeploymentSessionContext.cs: 620ccbdb00955de6b96d8cdba937ccf8 -> 
  custom:scripting/monoscript/fileName/EdgegapWizardApi.cs: f11c6966db1e6a36204a63b27ca32265 -> 
  custom:scripting/monoscript/fileName/Log.cs: 36c8fb24a4b3d86205ed1bcaec808419 -> 
  custom:scripting/monoscript/fileName/BufferPool.cs: 65ca63b64a0ae9a74a18b5a1306952ef -> 
  custom:scripting/monoscript/fileName/CanvasHUD.cs: 9b06dd013290def40d8f84f5420eabe6 -> 
  custom:scripting/monoscript/fileName/HexSpatialHash3DInterestManagement.cs: 1160aae7f7a5227c90cf9c1a9ec3878d -> 
  custom:scripting/monoscript/fileName/Player.cs: 3930e5c181672d2291d395a8f33a0cc6 -> d2f32243036491ae8d3f965853554011
  custom:scripting/monoscript/fileName/TMPro_InstructionOverlay.cs: b626d2270e6ebd5c4311585c18b58d8d -> 
  custom:scripting/monoscript/fileName/Instruction.cs: 3c5f46687897d53d0804f00842628ec1 -> 25f155c9ed761a2b4afb2a4405de0528
  custom:scripting/monoscript/fileName/TankTurretBase.cs: 3a534394b516f1f94de383f927a56911 -> 
  custom:scripting/monoscript/fileName/NetworkClient.cs: 1837a8f7445498a9e0a83dd68509c1b1 -> 
  custom:scripting/monoscript/fileName/PlayerEmpty.cs: 3a845989097892f968624b79cff03d8e -> 
  custom:scripting/monoscript/fileName/HexGrid3D.cs: c00e6893dbdb2d3c3cf08de4e5efe7f4 -> 
  custom:scripting/monoscript/fileName/PlatformMovement.cs: 429c86bb1960b4a7a2e195a903daf7c3 -> 
  custom:scripting/precompiled-assembly-types:Mono.CecilX.Pdb: 8503f4121aa743c4dd93ab49beabf1b4 -> 
  custom:scripting/monoscript/fileName/TMP_DigitValidator.cs: ac02af96215ae3951a3cce9e1a8c6085 -> 
  custom:scripting/monoscript/fileName/MatchGUI.cs: 2fc744c5140ed3ee24d914f7f43e7d46 -> 
  custom:scripting/monoscript/fileName/ReaderWriterProcessor.cs: 5d6ef9c5b130f0c03046aa0af32540dd -> 
  custom:scripting/monoscript/fileName/PlayerMovement.cs: c4562e67c10fd16d9ef9069db4756ac3 -> 
  custom:scripting/monoscript/fileName/NetworkRoomPlayer.cs: 18bf672afb8b23f5b8800639b4a44742 -> 
  custom:scripting/monoscript/fileName/KcpServerConnection.cs: f2d868075e85f9daca268a5dc75106b6 -> 
  custom:scripting/monoscript/fileName/EdgegapApiBase.cs: 70dbfdbc6d61b864be2fcbdead6d5677 -> 
  custom:scripting/monoscript/fileName/ConnectionQuality.cs: 3dda178fdf41fbf9121d8bfc8aea50b0 -> 
  custom:scripting/monoscript/fileName/AppVersionCreateSessionConfig.cs: 24ea1f0eedf5da9753f99825fd8a7f0f -> 
  custom:scripting/monoscript/fileName/GeoIpListModel.cs: 95d6c8e3b6214e29900bb3fb26fda478 -> 
  custom:audio-encoder-webm-vorbis: bf7c407c2cedff20999df2af8eb42d56 -> 
  custom:scripting/monoscript/fileName/SinMoveYWrapper.cs: ba75e0d0947fa83053e6a6aee5a11ae0 -> 
  custom:scripting/monoscript/fileName/MiddlewareTransport.cs: 23b1cf52686ef42b4ce47506432faff7 -> 
  custom:scripting/monoscript/fileName/NetworkDiscovery.cs: 7c7c43150a49a3766d807b3e51f85c64 -> 
  custom:scripting/monoscript/fileName/LocationData.cs: 06e45263eed882450dea1d2efe050fd5 -> 
  custom:scripting/monoscript/fileName/CreateAppVersionRequest.cs: be590dd13a9f80f183100821e2a8f116 -> 
  custom:scripting/monoscript/fileName/Constants.cs: 2c8efedb432246771f412e303493a646 -> 4aef31c14c12463cbe2704f0ab991324
  custom:scripting/precompiled-assembly-types:kcp2k: df50dd2fba8630bc3c0c8c337bdc66df -> 
  custom:scripting/monoscript/fileName/NetworkTopDown.cs: 697a60807b7248a7a0b60233e9b32ccd -> 
  custom:scripting/monoscript/fileName/CanvasUI.cs: 766e2fecc58713392f247fa422f58038 -> 
  custom:scripting/monoscript/fileName/WebSocketServer.cs: 205d1bdc545e864156be1816b4ab8630 -> 
  custom:scripting/monoscript/fileName/Benchmark01_UGUI.cs: 6148cfe2627b7708298f301788144139 -> 
  custom:scripting/monoscript/fileName/RemoteCalls.cs: 0970dca52e6b7575a66c514d031f523c -> 
  custom:scripting/monoscript/fileName/ReceiveLoop.cs: 757f0e18dd0fb20f02b4c06203ed56d8 -> 
  custom:scripting/monoscript/fileName/LagCompensationSettings.cs: 7ced80fa9d3018bc069759429f431316 -> 
  custom:scripting/monoscript/fileName/WhiteBallPredicted.cs: 745a0b027fcb4c49a9c7bd146b747951 -> 
  custom:scripting/monoscript/fileName/LegacyClient.cs: 6637fc04a4368b657676140b03b31f94 -> 
  custom:scripting/monoscript/fileName/MultiSceneNetManager.cs: 63ae63931192bdb0d0f2a82249164515 -> 
  custom:scripting/monoscript/fileName/NetworkConnection.cs: 38578b07ee98e3ffb9582e17d1c7d7bc -> d25a60b40dcce0087e8356b3541b3352
  custom:scripting/monoscript/fileName/EquippedBat.cs: 346defbda7429fc2ddac644ace8b0b2b -> 
  custom:scripting/monoscript/fileName/ChatUI.cs: f0fe330136b1fd9162b52d46679212e5 -> 
  custom:scripting/monoscript/fileName/TankControllerReliable.cs: 58ce4d110de22dd4f20a9a4fce515e13 -> 
  custom:scripting/monoscript/fileName/PlayerTestNetMan.cs: 153ac4ccb86bfa897086e5cba02eafbf -> 
  custom:scripting/monoscript/fileName/NetworkConnectionToServer.cs: 70128fd122f5202207c2e64f353aff1c -> 
  custom:scripting/monoscript/fileName/Attributes.cs: c85d1531145fed7151ce18f5b3f638d7 -> 8c398fa83e81a0a60f285d4fddbc22a9
  custom:scripting/monoscript/fileName/Delete.cs: 9d420ea1f62caf5ed20f014c9b0dbb8c -> 
  custom:scripting/monoscript/fileName/Pool.cs: d81fe1a86eaaaaa888ee50e17a01544a -> 
  custom:scripting/monoscript/fileName/NetworkManagerStackedPrediction.cs: 4a0f5dff4c8544d461f68e52a75c35ae -> 
  custom:scripting/monoscript/fileName/UpsertAppVersionResult.cs: ea5ee543a24e54a1fed4908f0844fc51 -> 
  custom:scripting/precompiled-assembly-types:SimpleWebTransport: 9ee8988edc422baad0e28344a725be90 -> 
  custom:scripting/monoscript/fileName/Snapshot.cs: a5a37d0e3cc55d14f0181ecef3be596a -> 
  custom:scripting/monoscript/fileName/AckItem.cs: 71c65e1e4363ff93fa77de15452ddf4e -> 
  custom:scripting/precompiled-assembly-types:Assembly-CSharp: 537ecb7ad874c5f21bf8fb0ca123871a -> 
  custom:scripting/monoscript/fileName/TotalMetricsModel.cs: 28b07a2bdb11bbce62ae999cc439062a -> 
  custom:scripting/monoscript/fileName/PlayerControllerUnreliable.cs: a2ccca7d945c95c1752d730dad008cfd -> 
  custom:scripting/monoscript/fileName/NextCommon.cs: 2de750d0575c29be4ce8fd30220c00b2 -> 
  custom:scripting/monoscript/fileName/Pockets.cs: a6ad620bc143258e8a89f84e9dfcba1f -> 
  custom:scripting/monoscript/fileName/ServerSslHelper.cs: b8bd1d91852f54fbfc42968da841ea96 -> 
  custom:scripting/monoscript/fileName/ILPostProcessorAssemblyResolver.cs: 5c126ecda4652331addd2349eb974f22 -> 
  custom:scripting/monoscript/fileName/Benchmark03.cs: 17cc87e0529ac71d909a946afb47a274 -> 
  custom:scripting/monoscript/fileName/Hex2DPlayerCamera.cs: 34c2fa61ba334103d30b516c436d5e16 -> 
  custom:scripting/monoscript/fileName/AppVersionWhitelistResponse.cs: 40df775fceb31344c5a50d9b8d73fe05 -> 
  custom:scripting/monoscript/fileName/MatchmakerReleaseResponseBase.cs: a8cf22fad09ac7020d6fc38cc9515aea -> 
  custom:scripting/monoscript/fileName/FlyerControllerUI.cs: 707c4d5b6513f9b9ecec3538b5e55ed5 -> 
  custom:scripting/monoscript/fileName/WebSocketClientWebGl.cs: 06f24bd48bbeafab0ad2c92fb0c81e19 -> 
  custom:scripting/monoscript/fileName/SineMoveRandomBehaviour.cs: ed9e2ff6320a1c21893155e789ed8c61 -> 
  custom:scripting/monoscript/fileName/PlayerControllerUI.cs: 5541791f8b963faad1c85ba77c22f397 -> 
  custom:scripting/monoscript/fileName/TimeSample.cs: c39ea5981c5f984168a2d51cbbec5ae3 -> 
  custom:scripting/monoscript/fileName/LobbyIdRequest.cs: 989a71690b5b7d3ea3aa09f857ade617 -> 
  custom:scripting/monoscript/fileName/NetworkWriterPooled.cs: 20bc4ab41a499fb80367f019e74312ad -> 
  custom:scripting/monoscript/fileName/PlayerGUI.cs: 7e0ca58f71a945a382c8e1a187472ca3 -> 
  custom:scripting/monoscript/fileName/LookAtMainCamera.cs: 72b1822b07677cea892bfb62c409f7f8 -> 
  custom:scripting/monoscript/fileName/EdgegapAppApi.cs: 4d0dd11cda30bd69951a30762f6c633b -> 
  custom:scripting/monoscript/fileName/ClientConnectionBroadcast.cs:  -> 4c2d2e753112ed59370f3db7cffb1a09
  custom:scripting/monoscript/fileName/RollbackVisualizer.cs:  -> 0209716830b4804ef70d2ae6f2b1c10a
  custom:scripting/monoscript/fileName/Broadcasts.cs:  -> a803c3f149b9cd4fd8faf3daafa9a90e
  custom:scripting/monoscript/fileName/CharacterControllerPrediction.cs:  -> 5f08659ed6a9bafe1abaf40c0ea4cddb
  custom:scripting/monoscript/fileName/IntRange.cs:  -> 072741b730c8a8332b32296f644b1cdb
  custom:scripting/monoscript/fileName/MovementSettingsDrawer.cs:  -> f7e5c55f3cbe2c1f479595980bfc9567
  custom:scripting/monoscript/fileName/MethodReference.cs:  -> 5f158230b9df4335e08748d13bf46de6
  custom:scripting/monoscript/fileName/NetworkBehaviour.SyncTypes.cs:  -> 0cdf409b5aa8d4c25876d72b5c6a3b60
  custom:scripting/monoscript/fileName/DestroyAfterDelay.cs:  -> 13a137dcaae7fbc77d9a7680f3241cbe
  custom:scripting/monoscript/fileName/Yak.cs:  -> 428decfafbb04cf2c53a6a27be6c3297
  custom:scripting/monoscript/fileName/NetworkObjectData.cs:  -> e395d13514549eb7cf0e5b4ca82baa12
  custom:scripting/monoscript/fileName/AssemblyWriter.cs:  -> 5a664c32d7b704c5c5ab8347a4ba704c
  custom:scripting/monoscript/fileName/UnloadParams.cs:  -> 9f3d06c9ce2432c32bb90a1f39c809d6
  custom:scripting/monoscript/fileName/IMetadataScope.cs:  -> a1578f190a8ed959a7a56cf5aee7f407
  custom:scripting/monoscript/fileName/ILParser.cs:  -> 8a3df92e53faf3900d9dbfc4fd1338d0
  custom:scripting/monoscript/fileName/MethodBody.cs:  -> 1c80e1245f6e831a3afb1f5a51be6227
  custom:scripting/monoscript/fileName/PointerMonoBehaviour.cs:  -> b738aa766c86bfc4ecead639fd9859e1
  custom:scripting/monoscript/fileName/PlayModeTracker.cs:  -> cdf8b41730d0a03ad981bc982631d77b
  custom:scripting/monoscript/fileName/GenericWriter.cs:  -> 90647cc400823b41df847a6cbfc29026
  custom:scripting/monoscript/fileName/UserStringHeap.cs:  -> b5eb3b2c42d3912361bcf21588455eb0
  custom:scripting/monoscript/fileName/SyncTimer.cs:  -> 1ce19ced0d4a275e068c1e07f7c0158b
  custom:scripting/monoscript/fileName/RpcLinkType.cs:  -> 36545802f92516a431224d8a8a201690
  custom:scripting/monoscript/fileName/SentinelType.cs:  -> c06e112469196464b7e36bbc97024b6c
  custom:scripting/monoscript/fileName/LocalTransformTickSmoother.cs:  -> 0852ed2b26d62cd50908893147e8423e
  custom:scripting/monoscript/fileName/TableHeap.cs:  -> 15919d94c3ff9d518ba34054181a0f86
  custom:scripting/monoscript/fileName/NetPeer.cs:  -> 9480d541c5f08d1ba83eab77fbc27b5a
  custom:scripting/monoscript/fileName/ServerManager.Broadcast.cs:  -> 90647cc400823b41df847a6cbfc29026
  custom:scripting/precompiled-assembly-types:FishNet.Runtime:  -> 0dcaf42061b39cd87d3af53e399ba132
  custom:scripting/monoscript/fileName/LoadParams.cs:  -> 2dead2a8d203249304d4335a69e43863
  custom:scripting/monoscript/fileName/NativeSocket.cs:  -> fa6de69ebff833b789fd1a483a1a154a
  custom:scripting/monoscript/fileName/Import.cs:  -> c2f04244c198dcd3924c432998f1cbf1
  custom:scripting/monoscript/fileName/LocalPacket.cs:  -> 20040ac63a38c7d832b5a53d58f9b969
  custom:scripting/monoscript/fileName/Tugboat.cs:  -> 1213a5994e253edc80f4debb4b19e890
  custom:scripting/monoscript/fileName/ServerManager.RpcLinks.cs:  -> 90647cc400823b41df847a6cbfc29026
  custom:scripting/monoscript/fileName/IBroadcast.cs:  -> 92feb8f8ccc78865c534919cafdc836a
  custom:scripting/monoscript/fileName/HeathenSteamworksMenuItems.cs:  -> ea25bdb1ef3557df4825f440b0813b26
  custom:scripting/monoscript/fileName/ServerManager.cs:  -> 21057a5e4ab1280e3072b020471a37e3
  custom:scripting/monoscript/fileName/Quaternion64Compression.cs:  -> cab3800f6444c025153b0ae023c9716f
  custom:scripting/monoscript/fileName/RollbackManager.cs:  -> bbc0b974ddb409ade623c2d679cc9dd0
  custom:scripting/monoscript/fileName/PredictedOwner.cs:  -> 76c1db9c2a1b9e8f0112b4f3b896de44
  custom:scripting/monoscript/fileName/WeightedRandom.cs:  -> f25b40371bb03fc4f0659fda7c5919de
  custom:scripting/monoscript/fileName/CryptoService.cs:  -> 9c2ae163fdb46df8331d79dff3c24a01
  custom:scripting/monoscript/fileName/UnloadQueueData.cs:  -> bfe8e74e8adce07482b76c40b08855bd
  custom:scripting/monoscript/fileName/NetConstants.cs:  -> 2dde366e1620c0c730da9d15b89edd3b
  custom:scripting/monoscript/fileName/ObjectPoolRetrieveOption.cs:  -> 863da03c4b2e975ac30ff2980b80e4b9
  custom:scripting/monoscript/fileName/DeltaSerializerOption.cs:  -> 2159d5695cb3cbb55cd1c2c05978152d
  custom:scripting/monoscript/fileName/NetworkObject.QOL.cs:  -> 90647cc400823b41df847a6cbfc29026
  custom:scripting/monoscript/fileName/Row.cs:  -> b632cc0b34102d5b65e3cfae9394ece5
  custom:scripting/monoscript/fileName/ReserializeNetworkObjectsEditor.cs:  -> 21bd6f0fd8f2e87fbe04b6ee92c3b9df
  custom:scripting/monoscript/fileName/TransformTickSmoother.cs:  -> 7353604ebb4e96141906b4ef3827051c
  custom:scripting/monoscript/fileName/Types.cs:  -> 64e72a11d2200d9f73b53187c459a72f
  custom:scripting/monoscript/fileName/TypeReferenceRocks.cs:  -> 6f4019b0d1c3e6a3d6efa908f30c36a0
  custom:scripting/monoscript/fileName/Disposable.cs:  -> d0312e7566e69fc8d1d249f11dc0749e
  custom:scripting/monoscript/fileName/NetworkColliderBase.cs:  -> d93e0622c991d47c7c6e44ab50e89687
  custom:scripting/monoscript/fileName/InternalPackets.cs:  -> 436e419a793f334145fa5e7178121dd9
  custom:scripting/monoscript/fileName/ReaderImports.cs:  -> b17d3b427677d4f60df0fbd5d951d275
  custom:scripting/monoscript/fileName/NetworkConnectionImports.cs:  -> 22742abe47a89a3e579fba77722b4e0e
  custom:scripting/monoscript/fileName/MethodReturnType.cs:  -> cdbb4ef2b5f98b9e39f3c1241f6e7ebe
  custom:scripting/monoscript/fileName/ImageReader.cs:  -> 5392f326e6707ba8d7b731d3d58db5cc
  custom:scripting/monoscript/fileName/OfflineTickSmootherEditor.cs:  -> 1fb8d3df434736d57d41934a9624fc92
  custom:scripting/monoscript/fileName/IMetadataTokenProvider.cs:  -> 3a516941966a13974122299efc628e4a
  custom:scripting/monoscript/fileName/ReferenceType.cs:  -> 5a9286b471630b4eba77ba233f80b753
  custom:scripting/monoscript/fileName/SceneUnloadData.cs:  -> c86d84b48728ab01e3c726a434d064fa
  custom:scripting/monoscript/fileName/ILProcessor.cs:  -> 01fd8508dc9e6b97d0e52e00105715d9
  custom:scripting/monoscript/fileName/UInts.cs:  -> bba958395a67859884d48c1487c6eb5b
  custom:scripting/precompiled-assembly-types:Heathen.Steamworks:  -> bae848875a35fe96f09fcc9f4e534600
  custom:scripting/monoscript/fileName/Bools.cs:  -> 9e62afda24092a67ccb185e8912688ec
  custom:scripting/monoscript/fileName/NetDebug.cs:  -> 7da018567074e7e3d6fc537a2fc42043
  custom:scripting/monoscript/fileName/MoveRandomlyPhysics.cs:  -> c5f3894cee0d9eebfbae0dc73c069a40
  custom:scripting/monoscript/fileName/GenericInstanceMethod.cs:  -> 4b381be7d760de9f072ccb09258da987
  custom:scripting/monoscript/fileName/NetworkManager.QOL.cs:  -> 90647cc400823b41df847a6cbfc29026
  custom:scripting/monoscript/fileName/CallSite.cs:  -> 7138dadc55c40f64b7e7aef060bdbfd8
  custom:scripting/monoscript/fileName/ManagedObjects.cs:  -> 8ffd32ee3e38d661234a1c3e8e3eb819
  custom:scripting/monoscript/fileName/RingBuffer.cs:  -> 0cdf409b5aa8d4c25876d72b5c6a3b60
  custom:scripting/monoscript/fileName/PacketIdHistory.cs:  -> 856f0b6a9cff398be18049dc3470b691
  custom:scripting/monoscript/fileName/ApplicationState.cs:  -> c9b4c30d9197326e9256f7126ff345fc
  custom:scripting/monoscript/fileName/Floats.cs:  -> df1fce4bced330b248bb80dfb62c2b1a
  custom:scripting/monoscript/fileName/Crc32cLayer.cs:  -> e33772e9478c05fb82de7f44348e7785
  custom:scripting/monoscript/fileName/IntermediateLayerCipher.cs:  -> dcd6159500f48c926ef993e213bb6fec
  custom:scripting/monoscript/fileName/FieldReferenceExtensions.cs:  -> 5f3f45e5c0dc20db273ffa2188781770
  custom:scripting/monoscript/fileName/MethodReferenceExtensions.cs:  -> 42645a4e660133a48202666b1fd71f33
  custom:scripting/monoscript/fileName/SceneBroadcasts.cs:  -> 90a80a79e68124adb7b35125fcb27201
  custom:scripting/monoscript/fileName/NtpRequest.cs:  -> 91b476d95ea11c6a9cebe5dfa4322173
  custom:scripting/monoscript/fileName/ServerManager.QOL.cs:  -> 90647cc400823b41df847a6cbfc29026
  custom:scripting/monoscript/fileName/TransportConsts.cs:  -> 349753e2c3d551be65aab4ab877a26bb
  custom:scripting/monoscript/fileName/TypeSystem.cs:  -> e60de5ea21179626e3c079992b4495cf
  custom:scripting/monoscript/fileName/ByteArrayPool.cs:  -> 253c58387c49388085fb63f895bbac89
  custom:scripting/monoscript/fileName/ClientManagerEditor.cs:  -> 5b6bf5b8a381f30f61d2e64e8eee3f99
  custom:scripting/monoscript/fileName/ModuleReference.cs:  -> f4669285a0913622675f12269ad33247
  custom:scripting/monoscript/fileName/TransportManager.QOL.cs:  -> 90647cc400823b41df847a6cbfc29026
  custom:scripting/monoscript/fileName/Quaternion32Compression.cs:  -> 12782452558f14cffb749b1834d766bf
  custom:scripting/monoscript/fileName/ConfigurationData.cs:  -> eefdc2f0bf2874ff98d86826eb7a2273
  custom:scripting/monoscript/fileName/FishNetILPP.cs:  -> 3a0b97eb7604b9618c5b3d9d8942198a
  custom:scripting/monoscript/fileName/ClientManager.cs:  -> b40990f57ebead0734709b0ff74d3e8a
  custom:scripting/monoscript/fileName/SyncTypeWriteFlag.cs:  -> 96521e89498641367db04c2e1af2ffca
  custom:scripting/monoscript/fileName/Vector2Range.cs:  -> 3545e6ac2ffe473af0f3dde57c9ecea3
  custom:scripting/monoscript/fileName/NetworkHudCanvases.cs:  -> 943ed0bf0c05e1261cfc2d2e463870e0
  custom:scripting/monoscript/fileName/CodegenSession.cs:  -> d4bdf22969a355c33402ce7d33d6c2a7
  custom:scripting/monoscript/fileName/MovingAverage.cs:  -> ad5b7a66b7d54e8747d8efcae904b558
  custom:scripting/monoscript/fileName/FNPostProcessorReflectionImporter.cs:  -> 55077b6166560b4be1799951acbf779d
  custom:scripting/monoscript/fileName/DetachableNetworkTickSmootherEditor.cs:  -> 9c8cd62c4443dc467ee797c131cc264e
  custom:scripting/monoscript/fileName/ConnectionStates.cs:  -> 702827e6763c5c81757f1e25f59668d2
  custom:scripting/monoscript/fileName/DefaultPrefabObjects.cs:  -> ce483cb0e53036adccb9c0936753222f
  custom:scripting/monoscript/fileName/DistanceCondition.cs:  -> 397acf321dd34ffcdb3a458928e6ff34
  custom:scripting/monoscript/fileName/RectTransformResizer.cs:  -> a836a262cea09290e4582644724c138c
  custom:scripting/monoscript/fileName/InstanceFinder.cs:  -> 5fe250034d87a0b35e233313f1f25b82
  custom:scripting/monoscript/fileName/PausedSocketFix.cs:  -> a4269ee2c0da2ec4b44c1d43026141e3
  custom:scripting/monoscript/fileName/NetworkManager.Pro.cs:  -> 90647cc400823b41df847a6cbfc29026
  custom:scripting/monoscript/fileName/CanvasGroups.cs:  -> ef1013fc6017e88df86e99b533ac57b6
  custom:scripting/monoscript/fileName/Dictionaries.cs:  -> 1665f0edd19ded984a273ed257b07f0d
  custom:scripting/monoscript/fileName/EmbeddedResource.cs:  -> b54bb1c065c0af36beee471f6965577d
  custom:scripting/monoscript/fileName/OptionButton.cs:  -> cedb0f251f44f21786c5ac1b05c12bd0
  custom:scripting/monoscript/fileName/Particles.cs:  -> 2fdadbf94da3285f8f5e9064e868fe13
  custom:scripting/monoscript/fileName/NetworkConnection.QOL.cs:  -> 05b61f7cd3da123b14b4b87f823baac7
  custom:scripting/monoscript/fileName/RigidbodyPauser.cs:  -> f0035a9d617f7fcde97b3eaa884330fc
  custom:scripting/monoscript/fileName/CommonSocket.cs:  -> 0590b91952e885517c83c917d15d1a1c
  custom:scripting/monoscript/fileName/SecurityDeclarationRocks.cs:  -> b743ba981469d080dd32e1fe5abddcfe
  custom:scripting/monoscript/fileName/ButtonData.cs:  -> 3b5abfde304e24cfc016bea6e8a01b16
  custom:scripting/monoscript/fileName/ModuleDefinitionExtensions.cs:  -> a20e354ef4d34e5f1e12fc35ab12de24
  custom:scripting/monoscript/fileName/NetPacketProcessor.cs:  -> f9b0e01492f6ac5135dce70f3a6c83e5
  custom:scripting/monoscript/fileName/MoveRandomlyNonPhysics.cs:  -> fa829f164bdf732d00e3b900e4087769
  custom:scripting/monoscript/fileName/NetworkReaderLoop.cs:  -> cc3af3ebb4b29a5fc11a95f760a974cf
  custom:scripting/monoscript/fileName/HashGrid.cs:  -> 8d94de9cd339a37d849f5fa95869651c
  custom:scripting/monoscript/fileName/SceneLookupData.cs:  -> d512aa696dba5a023648d424e819d648
  custom:scripting/monoscript/fileName/MethodDefinitionExtensions.cs:  -> e847a4df3c56cfcfbc5d7eef3a5ab505
  custom:scripting/monoscript/fileName/FNPostProcessorAssemblyResolver.cs:  -> e1c9948b6bb1418b44f3ccd2101aea1c
  custom:scripting/monoscript/fileName/ClientManager.Broadcast.cs:  -> 90647cc400823b41df847a6cbfc29026
  custom:scripting/monoscript/fileName/AssemblyDefinition.cs:  -> c92e8cf5fc15ef72b4135a8be8439df0
  custom:scripting/monoscript/fileName/ExceptionHandler.cs:  -> 3adbbde1eed155c9477a8916e0f06535
  custom:scripting/monoscript/fileName/ParameterDefinitionCollection.cs:  -> 5af4540da412abb845c50df3cffa6467
  custom:scripting/monoscript/fileName/SettingsProvider.cs:  -> 3b4b3452d8893998f24b72b95193588e
  custom:scripting/monoscript/fileName/Fire.cs:  -> 38f44e230478d6c28f392577f6c9a99b
  custom:scripting/monoscript/fileName/CodeReader.cs:  -> 4837aeada866389ceb546c2b3e59eccf
  custom:scripting/monoscript/fileName/ObserverManagerEditor.cs:  -> e5487461f1b0cdb12245b00ba2bee787
  custom:scripting/monoscript/fileName/SmoothCameraTarget.cs:  -> b8d4013f869a6d77104e5c865d83d09a
  custom:scripting/monoscript/fileName/ObjectSpawnType.cs:  -> 954e2901df913b5358848e71996f82ea
  custom:scripting/monoscript/fileName/ByteBufferEqualityComparer.cs:  -> 7e95ec1c7f07d2e44ecfc73f512608ec
  custom:scripting/monoscript/fileName/StaminaCanvas.cs:  -> dde1ef2f0cf78fd7455c0016155b926b
  custom:scripting/monoscript/fileName/NetworkBehaviour.RPCs.cs:  -> 0cdf409b5aa8d4c25876d72b5c6a3b60
  custom:scripting/monoscript/fileName/CloneChecker.cs:  -> 5e2e881eb1ba48a4f4d9bffbbf76cbc0
  custom:scripting/monoscript/fileName/ClientPresenceChangeEventArgs.cs:  -> 070653e48bfbb69cbce3c4dcfe91430f
  custom:scripting/monoscript/fileName/GenericParameter.cs:  -> 14daa27a128edb49f0400623c9cd83e8
  custom:scripting/monoscript/fileName/DefaultAssemblyResolver.cs:  -> 839c3f69fae39019eb5703ee7db363e5
  custom:scripting/monoscript/fileName/ILCoreHelper.cs:  -> af4000add81eaf323411a8a4e7f2eb3e
  custom:scripting/monoscript/fileName/DetachableNetworkTickSmoother.cs:  -> dd719092c9892dd72e73a20127f2eac3
  custom:scripting/monoscript/fileName/Document.cs:  -> b9ed926217cf3b372803a74af87e827d
  custom:scripting/monoscript/fileName/TugboatEditor.cs:  -> 457a7129937c6d0d89ba4de2b049ef42
  custom:scripting/monoscript/fileName/MoveRandomly.cs:  -> f1c2e28e874d027d756b537c4d0edf81
  custom:scripting/monoscript/fileName/TransportManager.cs:  -> 435ea901ea9fe190470cf10aea967a88
  custom:scripting/monoscript/fileName/FunctionPointerType.cs:  -> decbded8a1025e65adcaf406a9b021e3
  custom:scripting/monoscript/fileName/TickNetworkBehaviour.cs:  -> f7b632f4a505ebaabce02ac35d4670e8
  custom:scripting/monoscript/fileName/Supporting.cs:  -> 3cbb13fc701ec0e3975388d30ad5a0e0
  custom:scripting/monoscript/fileName/IGenericInstance.cs:  -> 9f8151a0a16555d7f5b494f89484dc4b
  custom:scripting/monoscript/fileName/PhysicsHelper.cs:  -> 9461054f30aaea9f9b8d7a5a4d26f323
  custom:scripting/monoscript/fileName/LoggingConfiguration.cs:  -> 802fa2d4b088528d9b946a89d8ec57f3
  custom:scripting/monoscript/fileName/NetworkConnection.Observers.cs:  -> 05b61f7cd3da123b14b4b87f823baac7
  custom:scripting/monoscript/fileName/PlayerController.cs:  -> b078061e20bfda070cbcfa4ff4bcd934
  custom:scripting/monoscript/fileName/IMarshalInfoProvider.cs:  -> 727a92522e82ff1b029c4dacd5283e19
  custom:scripting/monoscript/fileName/DebugManager.cs:  -> d6f0c836d3737e4ccf8622ce3747fad9
  custom:scripting/monoscript/fileName/NetworkCollision2D.cs:  -> 1e0bc1e5fee43bdf3cac8ea22d15a9a9
  custom:scripting/monoscript/fileName/DefaultSceneProcessor.cs:  -> e03d94317894a2971260f093e1553522
  custom:scripting/monoscript/fileName/SyncTypeProcessor.cs:  -> 1e6e6127f30c214c153e303dc8220497
  custom:scripting/monoscript/fileName/QOLAttributeProcessor.cs:  -> 9f735fbc20c8f55ff20b6d003f5be95d
  custom:scripting/monoscript/fileName/PlayerSpawner.cs:  -> 99cc913c8c3725570fe3555ac29b7350
  custom:scripting/monoscript/fileName/SyncVar.cs:  -> bd94ec71e8498ada0dec434045d84d24
  custom:scripting/monoscript/fileName/ClientObjects.RpcLinks.cs:  -> 3a4d02913ea0e704bf3098399525d476
  custom:scripting/monoscript/fileName/InterpolatedSyncVars.cs:  -> 5fcf8a195baa9747e52b43e07b22cdd6
  custom:scripting/monoscript/fileName/UnloadSceneEventArgs.cs:  -> f86df50a529efd30f28ed229f85e7410
  custom:scripting/monoscript/fileName/NetworkObject.Broadcast.cs:  -> 90647cc400823b41df847a6cbfc29026
  custom:scripting/monoscript/fileName/PasswordAuthenticator.cs:  -> c6b007cd8d1531cef786392eb2214a7a
  custom:scripting/monoscript/fileName/DocCommentId.cs:  -> 0d05299dae082af6b9a228b4680d3141
  custom:scripting/monoscript/fileName/LayoutGroups.cs:  -> 01fefd657d53dd292b6dd9fb9bc4fcf7
  custom:scripting/monoscript/fileName/ModuleDefinition.cs:  -> 018c6d0e45d6d000c7ea174977f84696
  custom:scripting/monoscript/fileName/CodegenBase.cs:  -> cc132b79f9b1f00e65b19c5ad2790950
  custom:scripting/monoscript/fileName/PreciseTick.cs:  -> c2544be9c2ed4443f1460e916eb0d57c
  custom:scripting/monoscript/fileName/SyncHashset.cs:  -> 849ed7f5b11c9db237ef61b01c5a5104
  custom:scripting/monoscript/fileName/EventDefinition.cs:  -> c0dabba8b197748c13e74191e6b95327
  custom:scripting/monoscript/fileName/GridSpawner.cs:  -> a5c2a1f5ad1b4e7c9768b3d5d51b899d
  custom:scripting/monoscript/fileName/PooledPacket.cs:  -> fab3bd613a7b38bbb4df25aa976301cf
  custom:scripting/monoscript/fileName/ResizableContainer.cs:  -> 29ee1f402a3dd5ae063b1862dcb80370
  custom:scripting/monoscript/fileName/EventStructures.cs:  -> ec3feb81461c5625bc775b4fad431f96
  custom:scripting/monoscript/fileName/ServerObjects.cs:  -> 43b3ecd903f2b9dd2064ba6ddedfe274
  custom:scripting/monoscript/fileName/SplitReader.cs:  -> 5dda1283a3a4253894beb50f14a093ab
  custom:scripting/monoscript/fileName/NetPacket.cs:  -> 970360122f9025a08dfe0ed653b0c64c
  custom:scripting/monoscript/fileName/TimeManagerHelper.cs:  -> 34726c324c9de6e7e3ac77fd0997d1ba
  custom:scripting/monoscript/fileName/ReliableChannel.cs:  -> da74c648b4ef9b781fef0689aa6c29d7
  custom:scripting/monoscript/fileName/AttributeData.cs:  -> f47d7b36d47042e2cf998e4a99991867
  custom:scripting/monoscript/fileName/HostAuthenticator.cs:  -> b9e430e132abcc717ae47b4c2f7d5578
  custom:scripting/monoscript/fileName/NetworkTickSmoother.cs:  -> 6cc49459504c7303be555749983a6bab
  custom:scripting/monoscript/fileName/UnloadedScene.cs:  -> edf4c55b1b0e21ddc03d44e011271a4f
  custom:scripting/monoscript/fileName/SyncStopwatch.cs:  -> 49ceb3c68611d9fda6674e34d2b2cc26
  custom:scripting/monoscript/fileName/Collection.cs:  -> 0cdf409b5aa8d4c25876d72b5c6a3b60
  custom:scripting/monoscript/fileName/BasicQueue.cs:  -> 90647cc400823b41df847a6cbfc29026
  custom:scripting/monoscript/fileName/MethodReferenceComparer.cs:  -> 889651a348c919b842fee57ca683ad1f
  custom:scripting/monoscript/fileName/MethodDefinitionRocks.cs:  -> 70cc82fbcdefe5a52d2312eae5d9b404
  custom:scripting/monoscript/fileName/ParameterReference.cs:  -> 7de6b312501d86527d4d6bc34a086978
  custom:scripting/monoscript/fileName/LoadOptions.cs:  -> 817a6b7ef65b7e1c4a8925eb52daf233
  custom:scripting/monoscript/fileName/NetworkObject.Serialized.cs:  -> 90647cc400823b41df847a6cbfc29026
  custom:scripting/monoscript/fileName/TypeSpecification.cs:  -> af4c71e54900c38a8e7ecc147855a291
  custom:scripting/monoscript/fileName/RpcLink.cs:  -> 74ab1ccb5a7daf35d5d18426858c628c
  custom:scripting/monoscript/fileName/PredictionRigidbody.cs:  -> d8dd6b126b01f52c63cf02de730905aa
  custom:scripting/monoscript/fileName/AssemblyNameReference.cs:  -> 1c35617cb1dc7dfb13a0ee20bb163880
  custom:scripting/monoscript/fileName/Objects.cs:  -> ba1c945082aa8a2c0d443a6ea78dc88d
  custom:scripting/monoscript/fileName/PacketLayerBase.cs:  -> 19399427f09ecc20da7f771316eb4950
  custom:scripting/monoscript/fileName/ServerScenePrewarmer.cs:  -> 132de3ab5e64ebf89b257c5175bf8c7c
  custom:scripting/monoscript/fileName/QuaternionAutoPack.cs:  -> 903d4844b1de0d8584fc895283209e47
  custom:scripting/monoscript/fileName/Heap.cs:  -> f1678583f1405e579092b8d97a94e427
  custom:scripting/monoscript/fileName/OpCode.cs:  -> 63e2309db73e9cb1cda2a527eb866932
  custom:scripting/monoscript/fileName/NetworkManager.ObjectPooling.cs:  -> 90647cc400823b41df847a6cbfc29026
  custom:scripting/monoscript/fileName/Reader.Delta.cs:  -> 088eab5c2d6e741afc1fb46de269c15b
  custom:scripting/monoscript/fileName/GeneralHelper.cs:  -> 5c9ca379967c7effa7f17718a60e401c
  custom:scripting/monoscript/fileName/CreatedRpc.cs:  -> b5e82c17e35e9d6404d7494aab5e8cc9
  custom:scripting/monoscript/fileName/IConstantProvider.cs:  -> fe7db190a28c8b3768058931cec7c99d
  custom:scripting/monoscript/fileName/ColliderRollbackEditor.cs:  -> 81496fb5afc3b7023966bdaaec62390d
  custom:scripting/monoscript/fileName/TickSmootherController.cs:  -> f8e2e95ab36f2f291cef59b1835e469a
  custom:scripting/monoscript/fileName/NetworkObject.RpcLinks.cs:  -> 90647cc400823b41df847a6cbfc29026
  custom:scripting/monoscript/fileName/Diagnostics.cs:  -> 6224890206644e15956ba95b8beed312
  custom:scripting/monoscript/fileName/ScrollbarValueSetter.cs:  -> 55bf99d4c2190ca86a844128e46bdf00
  custom:scripting/monoscript/fileName/NetDataWriter.cs:  -> 39e06dbf920d31d2aa590d9fbc641f92
  custom:scripting/monoscript/fileName/BuildIdentifier.cs:  -> c85e3a094b2e50486fbd170b6f23ac60
  custom:scripting/monoscript/fileName/VariableReference.cs:  -> 0f00ab710d03f47ab12e237407e034a5
  custom:scripting/monoscript/fileName/WriterPool.cs:  -> 699419ff30c53fa9b5a5f46ba29d0aa1
  custom:scripting/monoscript/fileName/FloatingOptions.cs:  -> 530b3672775fd5184b296b07389701d2
  custom:scripting/monoscript/fileName/NetworkTransform.cs:  -> e8c106f3d7be3452d6b7713404785cce
  custom:scripting/monoscript/fileName/Disks.cs:  -> ccc32d9524e6e82aa7e7ce4d03e6cbdb
  custom:scripting/monoscript/fileName/EmptyNetworkBehaviour.cs:  -> bd2a7aedd332b602825d8dd6e48683c1
  custom:scripting/monoscript/fileName/Section.cs:  -> 77c374667d9bb9c4a7a078d41f3e6106
  custom:scripting/monoscript/fileName/CanvasTracker.cs:  -> ce0a24b8f2cce03fcfcf59449909c00f
  custom:scripting/monoscript/fileName/ReplicateDataContainer.cs:  -> 90647cc400823b41df847a6cbfc29026
  custom:scripting/monoscript/fileName/NetworkCollider.cs:  -> 0758cfb02addc3424b5e011f211aceee
  custom:scripting/precompiled-assembly-types:GameKit.Dependencies:  -> 3343ed650672024544c2f4f4ca1b28cb
  custom:scripting/monoscript/fileName/PredictionManager.cs:  -> f41efc997954c391d232aed35ee855d8
  custom:scripting/monoscript/fileName/ValueConversions.cs:  -> c17c93c52c561b8c19b6816f7651d944
  custom:scripting/monoscript/fileName/Boost.cs:  -> cbe14e073501427585f17240c2236b42
  custom:scripting/monoscript/fileName/TransformProperties.cs:  -> 978aac56bc61dabe32ad2313116175d2
  custom:scripting/monoscript/fileName/TransformPackingData.cs:  -> f947c0ac73e1e262c9efbbeb68d71900
  custom:scripting/monoscript/fileName/Utilities.cs:  -> b1d1ba6680e8b52a974e7f6ff5647cea
  custom:scripting/monoscript/fileName/MemberDefinitionCollection.cs:  -> 90647cc400823b41df847a6cbfc29026
  custom:scripting/monoscript/fileName/CanvasGroupFader.cs:  -> c0eb679fd5c3f32df622fa4a2766c87b
  custom:scripting/monoscript/fileName/Aim.cs:  -> 189d919a6e54e75ce228a86b19f6bc24
  custom:scripting/monoscript/fileName/GenericDeltaReader.cs:  -> 90647cc400823b41df847a6cbfc29026
  custom:scripting/monoscript/fileName/NetUtils.cs:  -> 22e1055f98bef1de8b715d023daec49c
  custom:scripting/monoscript/fileName/InitializationSettings.cs:  -> 0983d99d2e72fd9d9fdb90cd9b8e86a2
  custom:scripting/monoscript/fileName/LocalReconcile.cs:  -> 90647cc400823b41df847a6cbfc29026
  custom:scripting/monoscript/fileName/TypeReferenceExtensions.cs:  -> cfd06038ec64ca6b38db84ffbca1da8f
  custom:scripting/monoscript/fileName/UniversalTickSmoother.cs:  -> 1a77f07d2b6c80aae4f859133fe6002a
  custom:scripting/monoscript/fileName/IMethodSignature.cs:  -> 6ab5227365ff5f5cd41951c7b78b60a9
  custom:scripting/monoscript/fileName/BlobHeap.cs:  -> 80c235b0550af4b0a0f1b9e78ff44884
  custom:scripting/monoscript/fileName/ReaderExtensions.cs:  -> 3b9a92a3db6e0069228c2f15e673747e
  custom:scripting/monoscript/fileName/ServerSpawner.cs:  -> 1178fc4d11d324fbaffa4018d56b8970
  custom:scripting/monoscript/fileName/ForceInstallPreventor.cs:  -> 6809d9dfe4feb5fad5c6665cc90fc881
  custom:scripting/monoscript/fileName/NetStatistics.cs:  -> e56719bf3a009c2a553b4370772cfcb8
  custom:scripting/monoscript/fileName/MetadataSystem.cs:  -> af25ac51ebf0138ff7c5b247ba015731
  custom:scripting/monoscript/fileName/WindowsRuntimeProjections.cs:  -> e4bc4aa26a3975d7266640f98df00b84
  custom:scripting/monoscript/fileName/ImageButtonData.cs:  -> eac1b1b9b68f57c56e884e8db3dd8c0f
  custom:scripting/monoscript/fileName/Reader.cs:  -> 088eab5c2d6e741afc1fb46de269c15b
  custom:scripting/monoscript/fileName/ImageOptionButton.cs:  -> ac6e60f9da509a0a1aa5561b4687023f
  custom:scripting/monoscript/fileName/UIntRange.cs:  -> 3875a7e6c79817e8b3af3e70f51f53d1
  custom:scripting/monoscript/fileName/GenericInstanceType.cs:  -> 11305248a9ad0837485f9e0e1fa98f84
  custom:scripting/monoscript/fileName/StaticShortcuts.cs:  -> 1b354f9f158ad2ee56081dc04e995522
  custom:scripting/monoscript/fileName/SceneProcessorBase.cs:  -> 4db6c25e0f794b5b6ae4c147cc82a6d8
  custom:scripting/monoscript/fileName/ModuleDefinitionRocks.cs:  -> 018ffdba676cbbb7b0df97237b9fd5d6
  custom:scripting/monoscript/fileName/TimeManager.cs:  -> cd7734692bdeb11c21b869fb9d1ec5ff
  custom:scripting/monoscript/fileName/Consts.cs:  -> b5ecc1dbe66992190142b0ff61105661
  custom:scripting/monoscript/fileName/PdbHeap.cs:  -> 6fd3754c2994296b907528d7241aad0b
  custom:scripting/monoscript/fileName/PlayerMotor.cs:  -> 8ab57609fe0df1eb78cee0d8e087054e
  custom:scripting/monoscript/fileName/PredictionManagerEditor.cs:  -> 991346e45ebb067f80f91e4d7004984c
  custom:scripting/monoscript/fileName/ObjectPool.cs:  -> f420c9ba11f0a90760ac8a631e9d3c78
  custom:scripting/monoscript/fileName/Waypoint.cs:  -> 87185186a45c6cf0a7f282a6e97c1df1
  custom:scripting/monoscript/fileName/CustomSerializerProcessor.cs:  -> f2ab2e30edec2440d995405e3772eac0
  custom:scripting/monoscript/fileName/PredictionRigidbody2D.cs:  -> bb9876e8be14898462bbf1d722509335
  custom:scripting/monoscript/fileName/ServerObjects.Parsing.cs:  -> 43b3ecd903f2b9dd2064ba6ddedfe274
  custom:scripting/monoscript/fileName/TypeDefinitionCollection.cs:  -> fc952262ff48985d0d873fcfc3543e7c
  custom:scripting/monoscript/fileName/ClientSocket.cs:  -> c54f55eee2b7ac4175ef83f81dfb8569
  custom:scripting/monoscript/fileName/FloatRange2D.cs:  -> b4cabe34bd34437747def08bc10a8f15
  custom:scripting/monoscript/fileName/PredictionProcessor.cs:  -> 40e8ebb7c3a5d4559c65c6137784d652
  custom:scripting/monoscript/fileName/Vectors.cs:  -> 6240e781303f67d74a03c8977ad92c9f
  custom:scripting/monoscript/fileName/SceneComparer.cs:  -> 4e35e936c7ca22d1e3e1e3835eeca108
  custom:scripting/monoscript/fileName/Materials.cs:  -> b705f852ea8db766a49c063c8646ab47
  custom:scripting/monoscript/fileName/Scenes.cs:  -> 3c492aa53c6864f0c3e5e3d347408e48
  custom:scripting/monoscript/fileName/ExportedType.cs:  -> 107dc14daebcdb20d381d59394c18968
  custom:scripting/monoscript/fileName/Buffers.cs:  -> 9116bb8100924bc8a688ecbe810d9848
  custom:scripting/monoscript/fileName/GenericDeltaWriter.cs:  -> 90647cc400823b41df847a6cbfc29026
  custom:scripting/monoscript/fileName/NetDataReader.cs:  -> 6cd5928c0ca46c5d0b75e7627b339a57
  custom:scripting/monoscript/fileName/NetworkTrafficStatistics.cs:  -> b3f31b4d651c43c01bbd295ae7d3b3bb
  custom:scripting/monoscript/fileName/NetworkBehaviourHelper.cs:  -> 35a89965a11b70da34e027c50ac3e800
  custom:scripting/monoscript/fileName/ClientObjects.cs:  -> 3a4d02913ea0e704bf3098399525d476
  custom:scripting/monoscript/fileName/ParameterDefinitionExtensions.cs:  -> 7ca468c4f5922583dfbc7a1711c67aa1
  custom:scripting/monoscript/fileName/DualPrefab.cs:  -> b8db39b6db46f4ba3d7b260aa2068999
  custom:scripting/monoscript/fileName/MarshalInfo.cs:  -> 11f2477157e2d497e505667930c1d88b
  custom:scripting/monoscript/fileName/TypeDefinition.cs:  -> 5b8177eea602868ed30f299fab27ac03
  custom:scripting/monoscript/fileName/QuaternionDeltaPrecisionCompression.cs:  -> 647878ddfcbb397fc30644c91fddd0e3
  custom:scripting/monoscript/fileName/SceneCondition.cs:  -> 8cd65fa3b08a6ac74bb69ed9fe65b8af
  custom:scripting/monoscript/fileName/BetaModeMenu.cs:  -> 38ed04b7b31984b16cc6b05f7432ad87
  custom:scripting/monoscript/fileName/DelayedEditorTasks.cs:  -> e36cf898da0ec39a90e0a9e6a0105c92
  custom:scripting/monoscript/fileName/CustomAttributeExtensions.cs:  -> 191fe542a77e2398e0aa9a54f7566c5c
  custom:scripting/monoscript/fileName/WriterImports.cs:  -> cd58f431e8021270aa8a56756c214637
  custom:scripting/monoscript/fileName/MergeSort.cs:  -> 90647cc400823b41df847a6cbfc29026
  custom:scripting/monoscript/fileName/ScriptingDefines.cs:  -> da33867c5f59c740ffec6e2ee1a68ed0
  custom:scripting/monoscript/fileName/Strafe.cs:  -> ae6de009603807f6bdffbacb7031f1aa
  custom:scripting/monoscript/fileName/FIshNetGettingStartedEditor.cs:  -> 75f80f527b3b594678e95f03064cd889
  custom:scripting/precompiled-assembly-types:Heathen.Steamworks.Editor:  -> 40c612f1fc2de9111d1f93eeaeb11d75
  custom:scripting/monoscript/fileName/NetworkObject.Observers.cs:  -> 90647cc400823b41df847a6cbfc29026
  custom:scripting/monoscript/fileName/Networks.cs:  -> d440b81e24a81a3b699d9aaf2fabe070
  custom:scripting/monoscript/fileName/TypeReference.cs:  -> b08b2333aa4d28b03e224fb41e1c6879
  custom:scripting/monoscript/fileName/FNPostProcessorReflectionImporterProvider.cs:  -> c81d35556c96b691313bb13c5150fd2e
  custom:scripting/monoscript/fileName/NetworkBehaviour.Prediction.cs:  -> d128c0865ad5a8d2e4e5ac459dc4aa9b
  custom:scripting/precompiled-assembly-types:FishNet.CodeAnalysis:  -> 94452a134c747bf5abf076af325eb3f6
  custom:scripting/monoscript/fileName/PreferredActiveScenes.cs:  -> ecb360f77e3bfa8167854ccfb70de8a3
  custom:scripting/monoscript/fileName/DebugManagerEditor.cs:  -> 5ca31d8c0f8469306a94896a955511bf
  custom:scripting/monoscript/fileName/QuaternionPrecisionCompression.cs:  -> cfddd17026b45ec2cd34405d8a771b75
  custom:scripting/monoscript/fileName/MethodSpecification.cs:  -> 42df60ce2a77ec682a7a2ee67f91e88c
  custom:scripting/monoscript/fileName/SequencedChannel.cs:  -> 664089b6b8f36351cec6da8d98d1340e
  custom:scripting/monoscript/fileName/ReplicateState.cs:  -> 4afe2c6cbf9808910d3079b35e7d5d08
  custom:scripting/monoscript/fileName/FloatingContainer.cs:  -> fb1ecbcfd0f17d3c0c241e722edce918
  custom:scripting/monoscript/fileName/BandwidthDisplay.cs:  -> 14a9fbcf2e8d87231e1ff1719c137aa1
  custom:scripting/monoscript/fileName/AMonoScript.cs:  -> 89c2bf1f32d7036b1074ec9676030f2d
  custom:scripting/monoscript/fileName/NetworkObject.Prediction.cs:  -> 7fd7f5ae3f54e6e5adcd46e476b7a5b1
  custom:scripting/monoscript/fileName/Quaternions.cs:  -> 0a99b3882dc02d2abd75b1f080a68b99
  custom:scripting/monoscript/fileName/NetManager.Socket.cs:  -> eea8088501668d69190a3ef3075f95fe
  custom:scripting/monoscript/fileName/NetworkObject.SyncTypes.cs:  -> 90647cc400823b41df847a6cbfc29026
  custom:scripting/monoscript/fileName/HostOnlyCondition.cs:  -> 87b0a9629546c4828669031ea8aa0694
  custom:scripting/monoscript/fileName/StructSyncBehaviour.cs:  -> e952f36cb1afc7bc83a945f948f107f1
  custom:scripting/monoscript/fileName/NetworkBehaviour.Logging.cs:  -> 90647cc400823b41df847a6cbfc29026
  custom:scripting/monoscript/fileName/AssemblyNameDefinition.cs:  -> 0826bd48a87e226fece8fcb4bdf2ed8e
  custom:scripting/monoscript/fileName/MemberReference.cs:  -> 3e01dee9602e88f220221e916479c070
  custom:scripting/monoscript/fileName/DataDirectory.cs:  -> abafc2e87066f92a70598192e9d7a308
  custom:scripting/monoscript/fileName/ILProcessorExtensions.cs:  -> 3f6bf44bc191146328c4a9ed45115938
  custom:scripting/monoscript/fileName/XorEncryptLayer.cs:  -> 4dcae19173f1b289e0966eff8ed067ef
  custom:scripting/monoscript/fileName/ServerObjects.Observers.cs:  -> 43b3ecd903f2b9dd2064ba6ddedfe274
  custom:scripting/monoscript/fileName/GridCondition.cs:  -> 12b02d6522cf13c8786f53d921e17027
  custom:scripting/monoscript/fileName/IGenericParameterProvider.cs:  -> 18915b53798df18e1b60de6d3a05fa31
  custom:scripting/monoscript/fileName/NatPunchModule.cs:  -> 58f49ae1787272d113059bae57889a72
  custom:scripting/monoscript/fileName/IOs.cs:  -> 6685817f7559f6e7a43793d2316df400
  custom:scripting/monoscript/fileName/PropertyDefinition.cs:  -> 485ce699be57596182b991ac1a7466e8
  custom:scripting/monoscript/fileName/OfflineTickSmoother.cs:  -> 05c137555e07783207dd91835da191b7
  custom:scripting/monoscript/fileName/PredictedObjectHelper.cs:  -> f257ae408617500c097d460db5a1a319
  custom:scripting/monoscript/fileName/LevelLoggingConfigurationEditor.cs:  -> 9e02fe614e5f6278e6160732753445dd
  custom:scripting/monoscript/fileName/GetConstructor.cs:  -> 20d1aaae30c27c56c3b44d21b9e631a5
  custom:scripting/monoscript/fileName/LatencySimulator.cs:  -> 4bde96ade04628d7a693f650e20e0047
  custom:scripting/monoscript/fileName/NetworkObjectEditor.cs:  -> e0340f57810d1973d1b4fbee5968e690
  custom:scripting/monoscript/fileName/MetadataResolver.cs:  -> fc589a9d4c39e06a96b7edb6bd40c45b
  custom:scripting/monoscript/fileName/Authenticator.cs:  -> f79b5652d1b19c0afa5e46a2faf9c36a
  custom:scripting/monoscript/fileName/NetworkCollider2D.cs:  -> 741f4232d06caade469be48756d619c6
  custom:scripting/monoscript/fileName/FieldDefinitionExtensions.cs:  -> b47d45723ebd99ad85abf9753edec0ff
  custom:scripting/monoscript/fileName/Maths.cs:  -> 778a2190ba0427056e4cdce2d8d33448
  custom:scripting/monoscript/fileName/ParameterDefinition.cs:  -> 9410b733bbc64288bc4b9b8a1fc88495
  custom:scripting/monoscript/fileName/DefaultScene.cs:  -> 5e2d5a365f332e88d67d191390ffec07
  custom:scripting/monoscript/fileName/PrefabObjects.cs:  -> 72213440f2f2431bcb90ed6998a42636
  custom:scripting/monoscript/fileName/ServerManagerEditor.cs:  -> e9d980b2113f6cae5d47d49e7252a962
  custom:scripting/monoscript/fileName/Ints.cs:  -> 8a2ca9a5dccfb638422fd4ec236d41e5
  custom:scripting/monoscript/fileName/ListStack.cs:  -> 90647cc400823b41df847a6cbfc29026
  custom:scripting/monoscript/fileName/ICustomSync.cs:  -> deb44f12a5401c029e513c98f52941d3
  custom:scripting/monoscript/fileName/NetworkCollision.cs:  -> a42752e261c7d4f9169a3b74cf457634
  custom:scripting/monoscript/fileName/UnloadOptions.cs:  -> bfdc879a4467465c8f826d089ea81bd0
  custom:scripting/monoscript/fileName/TypeDefinitionExtensions.cs:  -> a69c93ca9553b0ee658ec5fc493c54f1
  custom:scripting/monoscript/fileName/NetworkBehaviour.RPCLinks.cs:  -> 90647cc400823b41df847a6cbfc29026
  custom:scripting/monoscript/fileName/TypeReferenceEqualityComparer.cs:  -> ae92f7dca136687cf7fc04e986042c88
  custom:scripting/monoscript/fileName/PinnedType.cs:  -> e0ad0bd3941468c7286ff40a2cc37e57
  custom:scripting/monoscript/fileName/DefaultObjectPool.cs:  -> ce2bfc6d8f3e1841c4b29c08d9898c76
  custom:scripting/monoscript/fileName/SecurityDeclaration.cs:  -> 85c6cc9b21056cc6350d64d857dfe34d
  custom:scripting/monoscript/fileName/BinaryStreamReader.cs:  -> 35046492d2664e4d4157bcf76b3eb41e
  custom:scripting/monoscript/fileName/ReaderPool.cs:  -> 198382515036f7aa6cd542c04c1d96f4
  custom:scripting/monoscript/fileName/BaseAssemblyResolver.cs:  -> 73f24efe70624e7db64754c16a792b1a
  custom:scripting/monoscript/fileName/CodeWriter.cs:  -> 3bb2589aa8d8535f15a87d5a852e7183
  custom:scripting/monoscript/fileName/SubStream.cs:  -> c82941564dd84d85c2d16f33e2e087d3
  custom:scripting/monoscript/fileName/AssemblyLinkedResource.cs:  -> 0bba88b545d79cb3fc081608f5043ee3
  custom:scripting/monoscript/fileName/OwnerOnlyCondition.cs:  -> 067435d1e634fe5cbdf36be271286edc
  custom:scripting/monoscript/fileName/NetworkBehaviour.QOL.cs:  -> 90647cc400823b41df847a6cbfc29026
  custom:scripting/monoscript/fileName/IOrderable.cs:  -> b08ac5bd692121cdf4273512585c5dab
  custom:scripting/monoscript/fileName/ICustomAttributeProvider.cs:  -> 33a2853862f3495a8dd08626640ba46e
  custom:scripting/monoscript/fileName/TransportHelper.cs:  -> ef3272388e2500167d4a5e404b023c08
  custom:scripting/monoscript/fileName/SnappedAxes.cs:  -> a2bb0137b44a0ccfc90dd13b536630d4
  custom:scripting/monoscript/fileName/NtpPacket.cs:  -> 79f0cdbc16b25fe511f67fd0e53b3f53
  custom:scripting/monoscript/fileName/SyncIndexData.cs:  -> 2bf9135dd80605da3ca2fcd595d1e7ea
  custom:scripting/monoscript/fileName/TimedOperation.cs:  -> ec37289631de9269921fff5be70cfb5d
  custom:scripting/monoscript/fileName/EventReference.cs:  -> b34a7ec7df7d277847507acfdc2d405d
  custom:scripting/monoscript/fileName/Reader.SubStream.cs:  -> 088eab5c2d6e741afc1fb46de269c15b
  custom:scripting/monoscript/fileName/FloatingImage.cs:  -> 9b77eb96af46e03e4694711ddf30103f
  custom:scripting/monoscript/fileName/Functional.cs:  -> e94bc1eda37c55e067b451f23207b257
  custom:scripting/monoscript/fileName/Interfaces.cs:  -> 6b117096713d3b1d3fc89273d0d4a9cb
  custom:scripting/monoscript/fileName/NetworkTickSmootherEditor.cs:  -> 55cb801e2711c01cf6292203238b7706
  custom:scripting/monoscript/fileName/MonoTickSmoother.cs:  -> 224e79bf55dfcf0b777f8ae48f7579ce
  custom:scripting/monoscript/fileName/LoadSceneEventArgs.cs:  -> 3df7062f8f89b92f3475146ea80994a5
  custom:scripting/precompiled-assembly-types:FishNet.Demos:  -> c639e859ca492473bd895994197371c6
  custom:scripting/monoscript/fileName/Bytes.cs:  -> 5b698b9d5a3ce495cc6637bb7233b815
  custom:scripting/monoscript/fileName/NetworkConnection.Buffer.cs:  -> 05b61f7cd3da123b14b4b87f823baac7
  custom:scripting/monoscript/fileName/ObserverCondition.cs:  -> a9eef179044e3f80b9d0b8af62bea956
  custom:scripting/monoscript/fileName/NetSerializer.cs:  -> f449bf00b28d21a7f261a51cc11ec63e
  custom:scripting/monoscript/fileName/PInvokeInfo.cs:  -> 8bd0d7bffe6cc89f5ca8c2f35821fe15
  custom:scripting/monoscript/fileName/LinkedResource.cs:  -> e55f9c5a6191269cdb8c5912fd33e779
  custom:scripting/monoscript/fileName/StructySync.cs:  -> 91d7ab940549b07c431a3971f1aec435
  custom:scripting/precompiled-assembly-types:FishNet.Codegen.Cecil:  -> b8fb81db4668e6d5161b6c8598d91758
  custom:scripting/monoscript/fileName/InstructionExtensions.cs:  -> 24a552394d127b97f47a7269d9e5a119
  custom:scripting/monoscript/fileName/StatisticsManager.cs:  -> 7a4d5afde2017e5552f758699e17ee2e
  custom:scripting/monoscript/fileName/MethodBodyRocks.cs:  -> 930d6435c742356a278fa89165d7f583
  custom:scripting/monoscript/fileName/NetworkManager.Logging.cs:  -> f44bf1e3ee9ae28a21f546e897ef8a62
  custom:scripting/monoscript/fileName/NetworkConnection.PingPong.cs:  -> 05b61f7cd3da123b14b4b87f823baac7
  custom:scripting/monoscript/fileName/SyncBase.cs:  -> 9350c0f5c9e4f01dc7acb715f4c70505
  custom:scripting/precompiled-assembly-types:Unity.FishNet.Codegen:  -> dae23816603c62bd8264a5060de9925e
  custom:scripting/monoscript/fileName/Transforms.cs:  -> c65e054a4c3b09621ebb30d7b99873f4
  custom:scripting/monoscript/fileName/MoveRates.cs:  -> 82562913ee61ee46556301b7516f6921
  custom:scripting/monoscript/fileName/IntermediateLayer.cs:  -> 3c56f0f7ef07464f320ceecd149e5bd6
  custom:scripting/monoscript/fileName/NetworkBehaviour.Callbacks.cs:  -> 90647cc400823b41df847a6cbfc29026
  custom:scripting/monoscript/fileName/ManagedObjects.Spawning.cs:  -> 8ffd32ee3e38d661234a1c3e8e3eb819
  custom:scripting/monoscript/fileName/PortablePdb.cs:  -> 797939639d31ea0095349ab13b51f1a7
  custom:scripting/monoscript/fileName/ByteRange.cs:  -> 6bf78f3bd29089ea5a5233ac2b3952e9
  custom:scripting/monoscript/fileName/NetworkAnimatorEditor.cs:  -> d594eab61e2dc012b84a907ba513a0fe
  custom:scripting/monoscript/fileName/CRC32C.cs:  -> c1ea97c42b0a74e5995f1dfdfb3f7432
  custom:scripting/monoscript/fileName/PoolData.cs:  -> 325fd10da5ceb6173561aad5579a1999
  custom:scripting/monoscript/fileName/NetManager.PacketPool.cs:  -> eea8088501668d69190a3ef3075f95fe
  custom:scripting/monoscript/fileName/Finding.cs:  -> ec4878a9f7a5fad8dc2df26e102fd6c6
  custom:scripting/monoscript/fileName/Generator.cs:  -> c19553d06d1dccc6f9aef09d21e1460f
  custom:scripting/monoscript/fileName/PredictedSpawn.cs:  -> d11fa29bac034dd78d70a554fed49e78
  custom:scripting/monoscript/fileName/FieldDefinition.cs:  -> 99eec038c4ca4b963cf96ffb2f01c1a4
  custom:scripting/monoscript/fileName/Writer.Delta.cs:  -> 91d4d818cbdad5efcf28ae92cb837c52
  custom:scripting/monoscript/fileName/MovementSettings.cs:  -> 16807525622d820413523edd8c808495
  custom:scripting/monoscript/fileName/ParameterReferenceRocks.cs:  -> abc45b8ab7221ce78306e0ef29fe1c61
  custom:scripting/monoscript/fileName/INetEventListener.cs:  -> 4dbe09dbeb7def336ceec3717c5bf035
  custom:scripting/monoscript/fileName/SinglePrefabObjects.cs:  -> 3eef2b9aa716ccec9632d4026d1832b3
  custom:scripting/monoscript/fileName/NetworkObject.cs:  -> 236ba93225dc7f611fd8a7b93720c145
  custom:scripting/monoscript/fileName/AssemblyReader.cs:  -> 5061d82fe3599ed3ff5e15566df6d097
  custom:scripting/monoscript/fileName/ObjectHelper.cs:  -> c542f6875437b452a5f6d96ad7cd560e
  custom:scripting/monoscript/fileName/Hashing.cs:  -> 2e452362220ca9e47a16983d5aacd24c
  custom:scripting/monoscript/fileName/Strings.cs:  -> 89487bb630aaf55c8f65293ebffa5078
  custom:scripting/monoscript/fileName/TextCanvas.cs:  -> f891a29f7f8ca28972d6ef1a238d6d04
  custom:scripting/monoscript/fileName/ArrayType.cs:  -> 1bda7dae6be18941af1940305c7bf731
  custom:scripting/monoscript/fileName/Lists.cs:  -> 7d6fcc763e76227e87af26c6662cd3cd
  custom:scripting/monoscript/fileName/ServerSocket.cs:  -> 8b255105aab19644adadf13813db846c
  custom:scripting/monoscript/fileName/Layers.cs:  -> 132e0811fb9307f5aa6f170bf6ad035e
  custom:scripting/monoscript/fileName/TimeManagerEditor.cs:  -> ba6fc62d338d845d1ef4df03409cdde0
  custom:scripting/monoscript/fileName/DDOL.cs:  -> 5ad7e2114264ff6ca07831a81e7357a6
  custom:scripting/monoscript/fileName/ReadOnlyCollection.cs:  -> 90647cc400823b41df847a6cbfc29026
  custom:scripting/monoscript/fileName/ReservedWriters.cs:  -> 524cf6c9d52e499719ece8d5d93409df
  custom:scripting/monoscript/fileName/NetworkObject.Callbacks.cs:  -> 90647cc400823b41df847a6cbfc29026
  custom:scripting/monoscript/fileName/SceneLoaderExample.cs:  -> 7543cce9f10bc1177b13aad14215d18a
  custom:scripting/monoscript/fileName/ColliderRollback.Types.cs:  -> 90647cc400823b41df847a6cbfc29026
  custom:scripting/monoscript/fileName/SyncTypeSetting.cs:  -> 05cfe16ab742c8497c6620c6613b83f8
  custom:scripting/monoscript/fileName/LevelLoader.cs:  -> 9a04b434438c6bd44f128980a0aa0943
  custom:scripting/monoscript/fileName/SingletonScriptableObject.cs:  -> 90647cc400823b41df847a6cbfc29026
  custom:scripting/monoscript/fileName/StringHeap.cs:  -> f730e63289859ba33ceedc296621acba
  custom:scripting/monoscript/fileName/ImageWriter.cs:  -> af3896f7de3827410485d39d8a096ab3
  custom:scripting/monoscript/fileName/Enums.cs:  -> 6d4d9afbeeb26b24ce4aaf4cc584e9a1
  custom:scripting/monoscript/fileName/TransformPropertiesFlag.cs:  -> fad060c03b4f931d05163b78af8f8ef3
  custom:scripting/monoscript/fileName/INetSerializable.cs:  -> 860e1bc3917aea7284043550ebf5c1fd
  custom:scripting/monoscript/fileName/SceneManager.cs:  -> 6ed252d42a8e2534212c373ac2152c8a
  custom:scripting/monoscript/fileName/NetworkTrigger.cs:  -> c8ec828e6737d90632317e47d17345cb
  custom:scripting/monoscript/fileName/DualPrefabObjects.cs:  -> f6c2b14ddd38f36e4132cb3501c60cea
  custom:scripting/monoscript/fileName/MethodDefinition.cs:  -> d6820bd64eda3f876ed72c6ad564f94a
  custom:scripting/monoscript/fileName/OpCodes.cs:  -> 2948ec70542c8203dc34e4becb685c37
  custom:scripting/monoscript/fileName/BaseChannel.cs:  -> 9039f1e54cfa5bf7da68a6e779b0286d
  custom:scripting/monoscript/fileName/BinaryStreamWriter.cs:  -> 56e1e39d30122d2964375762040e8deb
  custom:scripting/monoscript/fileName/ProjectileSpawner.cs:  -> 5a0f6ece152040d9b5231b3dd2a87bf8
  custom:scripting/monoscript/fileName/NetworkTrigger2D.cs:  -> 2bc531b563aa07c7e7c5170ec8d98fc9
  custom:scripting/monoscript/fileName/LoadQueueData.cs:  -> cffdd886b4ae856f2ed3f18b9276399a
  custom:scripting/monoscript/fileName/SceneLoadData.cs:  -> ae0b13d11e84236d03428c7614f5c1ef
  custom:scripting/monoscript/fileName/Utility.cs:  -> 1d7412f6e0b229ad3555a77a0870e55d
  custom:scripting/monoscript/fileName/RigidbodyPrediction.cs:  -> 675307186351f16b5897b96ecf33a90d
  custom:scripting/monoscript/fileName/ResettableRingBuffer.cs:  -> 0cdf409b5aa8d4c25876d72b5c6a3b60
  custom:scripting/monoscript/fileName/GenericReader.cs:  -> 90647cc400823b41df847a6cbfc29026
  custom:scripting/monoscript/fileName/GeneratorHelper.cs:  -> c5149ca457857a8662ba013ce7e578d4
  custom:scripting/monoscript/fileName/TypeResolver.cs:  -> 9ffb99085964ce2c02820fe54e79735a
  custom:scripting/monoscript/fileName/OfflineRigidbody.cs:  -> d90d0940e772ad0b7dbd148e93773d07
  custom:scripting/monoscript/fileName/MetadataToken.cs:  -> 3c05ca8520881cb870e89ef4d7035977
  custom:scripting/monoscript/fileName/ReviewReminderEditor.cs:  -> 25e9e50e8777501e4085fb5aab678624
  custom:scripting/monoscript/fileName/MatchCondition.cs:  -> 1416a7b213b149a6df292cb7a0d17487
  custom:scripting/monoscript/fileName/TypeDefinitionRocks.cs:  -> b1ef1dfb2ed366915b4a965a460ca8fa
  custom:scripting/monoscript/fileName/ComponentSyncStateBehaviour.cs:  -> ef7f52c4d1f4e79062085a0f9860baf5
  custom:scripting/monoscript/fileName/Resource.cs:  -> 28b75adb3168efe628f7fee3cf499b84
  custom:scripting/monoscript/fileName/SceneUnloaderExample.cs:  -> 9508f7251bf765fb013022dedc88062f
  custom:scripting/monoscript/fileName/ConnectionRequest.cs:  -> f642b2810129c132adcb9640d4cc5712
  custom:scripting/monoscript/fileName/ObserverManager.cs:  -> 357bf9126782250e1f768c4baf6c4ec5
  custom:scripting/monoscript/fileName/HashSets.cs:  -> 47451fed332e96ab32a347aaac2cc3dd
  custom:scripting/monoscript/fileName/GuidHeap.cs:  -> 0a97fe35869c32819080f83ec3e9bb12
  custom:scripting/monoscript/fileName/PrefabSpawner.cs:  -> d0f4243bba01979058c1b8dd0011437f
  custom:scripting/monoscript/fileName/IMemberDefinition.cs:  -> 81918c7ae9e3dc7e575fa51525533482
  custom:scripting/monoscript/fileName/NetworkObserver.cs:  -> 41931dbd66f2ffcfd5251f8d08c2bd19
  custom:scripting/monoscript/fileName/PropertyReference.cs:  -> 67c882f32e1b32410bcd1119358c4f60
  custom:scripting/monoscript/fileName/ComponentStateSync.cs:  -> 90647cc400823b41df847a6cbfc29026
  custom:scripting/monoscript/fileName/ReaderProcessor.cs:  -> 2f843181344a909a3198445fc4b319ae
  custom:scripting/monoscript/fileName/TextMap.cs:  -> 02750ecd149d31097ff107c843c718e8
  custom:scripting/monoscript/fileName/PingDisplay.cs:  -> 1e15078393f49d02f94b4190641cf35d
  custom:scripting/monoscript/fileName/Multipass.cs:  -> a0dabd3c8971a95651ff863155907a63
  custom:scripting/monoscript/fileName/NetworkTransformEditor.cs:  -> 00c4b62dc90c68698aa939476e3f24e8
  custom:scripting/monoscript/fileName/PlaceholderAttributes.cs:  -> 21490c8b78f87021e3cde170c8ac25e4
  custom:scripting/monoscript/fileName/PointerType.cs:  -> bf865ad7665d0e4bcfc14efb1518b3c7
  custom:scripting/monoscript/fileName/Writer.cs:  -> 91d4d818cbdad5efcf28ae92cb837c52
  custom:scripting/monoscript/fileName/Colliders.cs:  -> 363f91e6a7796b18928221cff93d3f6c
  custom:scripting/monoscript/fileName/TypeParser.cs:  -> ec38886c5dafa3aef821fccc23a0d13a
  custom:scripting/monoscript/fileName/SceneAttribute.cs:  -> edbd479d13d7c5ec015ef7f2a2056154
  custom:scripting/monoscript/fileName/FieldReference.cs:  -> 7652bdd209d4fea9214c18503c73eb42
  custom:scripting/monoscript/fileName/ColliderRollback.cs:  -> 890ccafed49139a0cc087bcd67cd76f8
  custom:scripting/monoscript/fileName/EditorTools.cs:  -> c5fecbfa19eefad5d6bd47abf2c491c7
  custom:scripting/monoscript/fileName/Configuring.cs:  -> 12552306a7dc564d8b032c7cbd7d2ef9
  custom:scripting/monoscript/fileName/Writer.SubStream.cs:  -> 91d4d818cbdad5efcf28ae92cb837c52
  custom:scripting/monoscript/fileName/FloatRange.cs:  -> cad12b9f30b8b1ef02e81ff831ab4dce
  custom:scripting/monoscript/fileName/WriterProcessor.cs:  -> 4b33966f4bf536f9da038aebf757a28e
  custom:scripting/monoscript/fileName/ConfigurationEditor.cs:  -> cdcf7d24b920bde781c9f85b75cbbb34
  custom:scripting/monoscript/fileName/CodeStripping.cs:  -> 36681073ab52113ef501d4ec920b83a4
  custom:scripting/monoscript/fileName/CustomAttribute.cs:  -> 1d30ef924f92b15f56d2b13ad9cae1b8
  custom:scripting/monoscript/fileName/Preserve.cs:  -> 8918d400917de78a790a533e50c37208
  custom:scripting/monoscript/fileName/NetManager.HashSet.cs:  -> 54631ca91bf1c89ff8a2c36f604dc48e
  custom:scripting/monoscript/fileName/LevelLoggingConfiguration.cs:  -> edde7633df6022bd48929db59a0c9000
  custom:scripting/monoscript/fileName/CreateNewNetworkBehaviour.cs:  -> 41a25600e77c1a944e64f853ce69e2f9
  custom:scripting/monoscript/fileName/VariableDefinition.cs:  -> d27ab3c97d82c92b91d8487138171926
  custom:scripting/monoscript/fileName/FastBitConverter.cs:  -> 888de2f867dc3445fac7341cdfe2e4e1
  custom:scripting/monoscript/fileName/EstimatedTick.cs:  -> 33e0dfdcfdfcce2392de8b59b1968bf6
  custom:scripting/monoscript/fileName/GenericParameterResolver.cs:  -> c6270915ccc0fa313a93fbbd633ea1c1
  custom:scripting/monoscript/fileName/NetworkConnection.Prediction.cs:  -> 05b61f7cd3da123b14b4b87f823baac7
  custom:scripting/monoscript/fileName/ClientManager.QOL.cs:  -> 90647cc400823b41df847a6cbfc29026
  custom:scripting/monoscript/fileName/CryptoConvert.cs:  -> 61ecad22fc7fa0cb1c5445ca08772e6e
  custom:scripting/monoscript/fileName/NetManager.cs:  -> b7b055abb70c177cc0a38500546b8b4c
  custom:scripting/monoscript/fileName/NetworkWriterLoop.cs:  -> 2a93fb53badf2bcd17695efaa22be124
  custom:scripting/monoscript/fileName/Modifiers.cs:  -> 38f0e48eaaf433e14633d69fac24c850
  custom:scripting/monoscript/fileName/Buffer.cs:  -> fbe1b009ab2f00ecfda165893bc666ee
  custom:scripting/monoscript/fileName/Arrays.cs:  -> 841101c1b69146db5a11bcf59f1ec485
  custom:scripting/monoscript/fileName/ObjectCaching.cs:  -> 572c75c888ad93edd5a3693e40f560f5
  custom:scripting/monoscript/fileName/DeltaTypes.cs:  -> 4cc444466c04495fe16c8ea32aad6f5f
========================================================================
Received Import Request.
  Time since last request: 8697.083825 seconds.
  path: Assets/TextMesh Pro/Examples & Extras/Scripts/WarpTextExample.cs
  artifactKey: Guid(790744c462254b7ba8038e6ed28b3db2) Importer(2089858483,0ecaa5967403d082aa24f35e1b516d23)
Start importing Assets/TextMesh Pro/Examples & Extras/Scripts/WarpTextExample.cs using Guid(790744c462254b7ba8038e6ed28b3db2) Importer(2089858483,0ecaa5967403d082aa24f35e1b516d23) Generated GUIDs only implemented for interfaces!
 -> (artifact id: '29703b06375153e2ed7b359bf2d46d10') in 0.058160 seconds
Number of updated asset objects reloaded before import = 0
Number of asset objects unloaded after import = 1
========================================================================
Received Import Request.
  Time since last request: 0.000019 seconds.
  path: Assets/FishNet/Runtime/Object/TransformProperties.cs
  artifactKey: Guid(8e4ce2bc25fe8364d8b443f5ac7591ae) Importer(2089858483,0ecaa5967403d082aa24f35e1b516d23)
Start importing Assets/FishNet/Runtime/Object/TransformProperties.cs using Guid(8e4ce2bc25fe8364d8b443f5ac7591ae) Importer(2089858483,0ecaa5967403d082aa24f35e1b516d23) Generated GUIDs only implemented for interfaces!
 -> (artifact id: 'b02b4517e67a0441ea90395f5a1afe31') in 0.011283 seconds
Number of updated asset objects reloaded before import = 0
Number of asset objects unloaded after import = 1
========================================================================
Received Import Request.
  Time since last request: 0.000014 seconds.
  path: Assets/TextMesh Pro/Examples & Extras/Fonts/Bangers - OFL.txt
  artifactKey: Guid(efe0bf4ac872451e91612d1ae593f480) Importer(2089858483,0ecaa5967403d082aa24f35e1b516d23)
Start importing Assets/TextMesh Pro/Examples & Extras/Fonts/Bangers - OFL.txt using Guid(efe0bf4ac872451e91612d1ae593f480) Importer(2089858483,0ecaa5967403d082aa24f35e1b516d23) Generated GUIDs only implemented for interfaces!
 -> (artifact id: 'aefc3e250ba3dc676f31e86f129090ef') in 0.017760 seconds
Number of updated asset objects reloaded before import = 0
Number of asset objects unloaded after import = 1
========================================================================
Received Import Request.
  Time since last request: 0.000011 seconds.
  path: Assets/FishNet/Runtime/Serializing/Writer.cs
  artifactKey: Guid(e2633f927065d9d43b8a4da09240266c) Importer(2089858483,0ecaa5967403d082aa24f35e1b516d23)
Start importing Assets/FishNet/Runtime/Serializing/Writer.cs using Guid(e2633f927065d9d43b8a4da09240266c) Importer(2089858483,0ecaa5967403d082aa24f35e1b516d23) Generated GUIDs only implemented for interfaces!
 -> (artifact id: 'd0f201693a46307df6318d3b8e9f679a') in 0.008672 seconds
Number of updated asset objects reloaded before import = 0
Number of asset objects unloaded after import = 1
========================================================================
Received Import Request.
  Time since last request: 0.000011 seconds.
  path: Assets/FishNet/Runtime/Serializing/WriterStatics.cs
  artifactKey: Guid(264951af6d87de34e8809b550a7956b1) Importer(2089858483,0ecaa5967403d082aa24f35e1b516d23)
Start importing Assets/FishNet/Runtime/Serializing/WriterStatics.cs using Guid(264951af6d87de34e8809b550a7956b1) Importer(2089858483,0ecaa5967403d082aa24f35e1b516d23) Generated GUIDs only implemented for interfaces!
 -> (artifact id: 'eb15c41d89afe6619b0f39bc5e162999') in 0.010152 seconds
Number of updated asset objects reloaded before import = 0
Number of asset objects unloaded after import = 1
========================================================================
Received Import Request.
  Time since last request: 0.000032 seconds.
  path: Assets/TextMesh Pro/Examples & Extras/Textures/Gradient Vertical (Color).jpg
  artifactKey: Guid(03d0538de6e24c0f819bfc9ce084dfa9) Importer(2089858483,0ecaa5967403d082aa24f35e1b516d23)
Start importing Assets/TextMesh Pro/Examples & Extras/Textures/Gradient Vertical (Color).jpg using Guid(03d0538de6e24c0f819bfc9ce084dfa9) Importer(2089858483,0ecaa5967403d082aa24f35e1b516d23) Generated GUIDs only implemented for interfaces!
 -> (artifact id: 'a6c02b66787c1f53a18e8a87a2280a75') in 0.052134 seconds
Number of updated asset objects reloaded before import = 0
Number of asset objects unloaded after import = 1
========================================================================
Received Import Request.
  Time since last request: 0.000011 seconds.
  path: Assets/TextMesh Pro/Examples & Extras/Scenes/21 - Script Example.unity
  artifactKey: Guid(50f52f9274434ecfb34dd87f0836f323) Importer(2089858483,0ecaa5967403d082aa24f35e1b516d23)
Start importing Assets/TextMesh Pro/Examples & Extras/Scenes/21 - Script Example.unity using Guid(50f52f9274434ecfb34dd87f0836f323) Importer(2089858483,0ecaa5967403d082aa24f35e1b516d23) Generated GUIDs only implemented for interfaces!
 -> (artifact id: 'e57e47c08106baa33fb5ca79e5df41fe') in 0.011482 seconds
Number of updated asset objects reloaded before import = 0
Number of asset objects unloaded after import = 1
========================================================================
Received Import Request.
  Time since last request: 0.000038 seconds.
  path: Assets/FishNet/Runtime/Observing/ObserverStateChange.cs
  artifactKey: Guid(a4a8dca28b7d84548a918c5c32f684ad) Importer(2089858483,0ecaa5967403d082aa24f35e1b516d23)
Start importing Assets/FishNet/Runtime/Observing/ObserverStateChange.cs using Guid(a4a8dca28b7d84548a918c5c32f684ad) Importer(2089858483,0ecaa5967403d082aa24f35e1b516d23) Generated GUIDs only implemented for interfaces!
 -> (artifact id: 'b165b3f7c23165d696fe4991445402e9') in 0.010740 seconds
Number of updated asset objects reloaded before import = 0
Number of asset objects unloaded after import = 1
========================================================================
Received Import Request.
  Time since last request: 0.000037 seconds.
  path: Assets/FishNet/Runtime/Managing/RemoteTimeoutType.cs
  artifactKey: Guid(b3df7f42da2f4f444952e23b5fa8aaa0) Importer(2089858483,0ecaa5967403d082aa24f35e1b516d23)
Start importing Assets/FishNet/Runtime/Managing/RemoteTimeoutType.cs using Guid(b3df7f42da2f4f444952e23b5fa8aaa0) Importer(2089858483,0ecaa5967403d082aa24f35e1b516d23) Generated GUIDs only implemented for interfaces!
 -> (artifact id: '2a5f473335ce932d9cdd93ab47a51249') in 0.009654 seconds
Number of updated asset objects reloaded before import = 0
Number of asset objects unloaded after import = 1
========================================================================
Received Import Request.
  Time since last request: 0.000012 seconds.
  path: Assets/FishNet/Runtime/Utility/AdaptiveInterpolationType.cs
  artifactKey: Guid(c9aaf062df354644098da9c46e2a9512) Importer(2089858483,0ecaa5967403d082aa24f35e1b516d23)
Start importing Assets/FishNet/Runtime/Utility/AdaptiveInterpolationType.cs using Guid(c9aaf062df354644098da9c46e2a9512) Importer(2089858483,0ecaa5967403d082aa24f35e1b516d23) Generated GUIDs only implemented for interfaces!
 -> (artifact id: '08abcfb8e6e746308e402f5ff1256c14') in 0.009256 seconds
Number of updated asset objects reloaded before import = 0
Number of asset objects unloaded after import = 1
========================================================================
Received Import Request.
  Time since last request: 0.000011 seconds.
  path: Assets/FishNet/Runtime/Observing/NetworkObserver.Rework.cs
  artifactKey: Guid(c8dfd3072b1d3414d8833438b8c2b258) Importer(2089858483,0ecaa5967403d082aa24f35e1b516d23)
Start importing Assets/FishNet/Runtime/Observing/NetworkObserver.Rework.cs using Guid(c8dfd3072b1d3414d8833438b8c2b258) Importer(2089858483,0ecaa5967403d082aa24f35e1b516d23) Generated GUIDs only implemented for interfaces!
 -> (artifact id: '5494aca92f76ace0568389bc5ef0ffe0') in 0.011742 seconds
Number of updated asset objects reloaded before import = 0
Number of asset objects unloaded after import = 2
========================================================================
Received Import Request.
  Time since last request: 0.000010 seconds.
  path: Assets/TextMesh Pro/Examples & Extras/Scripts/VertexShakeA.cs
  artifactKey: Guid(f7cfa58e417a46ea8889989684c2522e) Importer(2089858483,0ecaa5967403d082aa24f35e1b516d23)
Start importing Assets/TextMesh Pro/Examples & Extras/Scripts/VertexShakeA.cs using Guid(f7cfa58e417a46ea8889989684c2522e) Importer(2089858483,0ecaa5967403d082aa24f35e1b516d23) Generated GUIDs only implemented for interfaces!
 -> (artifact id: '755e5b0fd832d44d97aebbcd4a0bbf8c') in 0.010041 seconds
Number of updated asset objects reloaded before import = 0
Number of asset objects unloaded after import = 1
========================================================================
Received Import Request.
  Time since last request: 0.000055 seconds.
  path: Assets/FishNet/Runtime/Serializing/DeltaSerializerOption.cs
  artifactKey: Guid(66c970b59e4d53249bfed364df2cf1db) Importer(2089858483,0ecaa5967403d082aa24f35e1b516d23)
Start importing Assets/FishNet/Runtime/Serializing/DeltaSerializerOption.cs using Guid(66c970b59e4d53249bfed364df2cf1db) Importer(2089858483,0ecaa5967403d082aa24f35e1b516d23) Generated GUIDs only implemented for interfaces!
 -> (artifact id: '53f7cc018dafd3cea120f987cd6824be') in 0.008141 seconds
Number of updated asset objects reloaded before import = 0
Number of asset objects unloaded after import = 1
========================================================================
Received Import Request.
  Time since last request: 0.000009 seconds.
  path: Assets/TextMesh Pro/Examples & Extras/Scripts/TMP_UiFrameRateCounter.cs
  artifactKey: Guid(24b0dc2d1d494adbbec1f4db26b4cf83) Importer(2089858483,0ecaa5967403d082aa24f35e1b516d23)
Start importing Assets/TextMesh Pro/Examples & Extras/Scripts/TMP_UiFrameRateCounter.cs using Guid(24b0dc2d1d494adbbec1f4db26b4cf83) Importer(2089858483,0ecaa5967403d082aa24f35e1b516d23) Generated GUIDs only implemented for interfaces!
 -> (artifact id: 'f7bf5392537d8ad986d8d0ee5f1269fa') in 0.009736 seconds
Number of updated asset objects reloaded before import = 0
Number of asset objects unloaded after import = 1
========================================================================
Received Import Request.
  Time since last request: 0.023104 seconds.
  path: Assets/com.rlabrecque.steamworks.net/Runtime/types/SteamClient/SteamAPIWarningMessageHook_t.cs
  artifactKey: Guid(c98e0ee75c73f444abb8ace148379c6e) Importer(2089858483,0ecaa5967403d082aa24f35e1b516d23)
Start importing Assets/com.rlabrecque.steamworks.net/Runtime/types/SteamClient/SteamAPIWarningMessageHook_t.cs using Guid(c98e0ee75c73f444abb8ace148379c6e) Importer(2089858483,0ecaa5967403d082aa24f35e1b516d23) Generated GUIDs only implemented for interfaces!
 -> (artifact id: '222b1806b823f5fb4b6f7e108d06e76a') in 0.011962 seconds
Number of updated asset objects reloaded before import = 0
Number of asset objects unloaded after import = 1
========================================================================
Received Import Request.
  Time since last request: 0.000012 seconds.
  path: Assets/com.rlabrecque.steamworks.net/Runtime/types/SteamUserStats/SteamLeaderboardEntries_t.cs
  artifactKey: Guid(2f59bfdaf96f5324589e1302cdd36cb6) Importer(2089858483,0ecaa5967403d082aa24f35e1b516d23)
Start importing Assets/com.rlabrecque.steamworks.net/Runtime/types/SteamUserStats/SteamLeaderboardEntries_t.cs using Guid(2f59bfdaf96f5324589e1302cdd36cb6) Importer(2089858483,0ecaa5967403d082aa24f35e1b516d23) Generated GUIDs only implemented for interfaces!
 -> (artifact id: '347d610a4a098ed14f0477b5329d8a66') in 0.011215 seconds
Number of updated asset objects reloaded before import = 0
Number of asset objects unloaded after import = 1
========================================================================
Received Import Request.
  Time since last request: 0.000312 seconds.
  path: Assets/com.rlabrecque.steamworks.net/Runtime/types/SteamInput/InputActionSetHandle_t.cs
  artifactKey: Guid(2933ebab378eea243a8bb0cd63811d37) Importer(2089858483,0ecaa5967403d082aa24f35e1b516d23)
Start importing Assets/com.rlabrecque.steamworks.net/Runtime/types/SteamInput/InputActionSetHandle_t.cs using Guid(2933ebab378eea243a8bb0cd63811d37) Importer(2089858483,0ecaa5967403d082aa24f35e1b516d23) Generated GUIDs only implemented for interfaces!
 -> (artifact id: 'a975b380bbd89c285d71c5f79c44e1a3') in 0.009599 seconds
Number of updated asset objects reloaded before import = 0
Number of asset objects unloaded after import = 1
========================================================================
Received Import Request.
  Time since last request: 0.000010 seconds.
  path: Assets/com.rlabrecque.steamworks.net/Runtime/types/SteamUGC/UGCQueryHandle_t.cs
  artifactKey: Guid(9b5f5b5e4cd20e84fbd48cc6ec0065ab) Importer(2089858483,0ecaa5967403d082aa24f35e1b516d23)
Start importing Assets/com.rlabrecque.steamworks.net/Runtime/types/SteamUGC/UGCQueryHandle_t.cs using Guid(9b5f5b5e4cd20e84fbd48cc6ec0065ab) Importer(2089858483,0ecaa5967403d082aa24f35e1b516d23) Generated GUIDs only implemented for interfaces!
 -> (artifact id: '530715e15dba60a74a45dbe5b9700117') in 0.011021 seconds
Number of updated asset objects reloaded before import = 0
Number of asset objects unloaded after import = 1
========================================================================
Received Import Request.
  Time since last request: 0.000014 seconds.
  path: Assets/FishNet/CodeGenerating/cecil-0.11.4/Mono.Cecil/BaseAssemblyResolver.cs
  artifactKey: Guid(4ab1d53794ef7444c81e276b5a3a5c2b) Importer(2089858483,0ecaa5967403d082aa24f35e1b516d23)
Start importing Assets/FishNet/CodeGenerating/cecil-0.11.4/Mono.Cecil/BaseAssemblyResolver.cs using Guid(4ab1d53794ef7444c81e276b5a3a5c2b) Importer(2089858483,0ecaa5967403d082aa24f35e1b516d23) Generated GUIDs only implemented for interfaces!
 -> (artifact id: '991745946831b25fac18afad49129b1d') in 0.010286 seconds
Number of updated asset objects reloaded before import = 0
Number of asset objects unloaded after import = 1
========================================================================
Received Import Request.
  Time since last request: 0.000049 seconds.
  path: Assets/FishNet/CodeGenerating/cecil-0.11.4/Mono.Cecil/IGenericInstance.cs
  artifactKey: Guid(22b3a8ddd25a989449e5e9ffc632bc00) Importer(2089858483,0ecaa5967403d082aa24f35e1b516d23)
Start importing Assets/FishNet/CodeGenerating/cecil-0.11.4/Mono.Cecil/IGenericInstance.cs using Guid(22b3a8ddd25a989449e5e9ffc632bc00) Importer(2089858483,0ecaa5967403d082aa24f35e1b516d23) Generated GUIDs only implemented for interfaces!
 -> (artifact id: 'c981371d380432bb98d5aec4e1790353') in 0.010651 seconds
Number of updated asset objects reloaded before import = 0
Number of asset objects unloaded after import = 1
========================================================================
Received Import Request.
  Time since last request: 0.000011 seconds.
  path: Assets/com.rlabrecque.steamworks.net/Runtime/types/SteamUGC/UGCUpdateHandle_t.cs
  artifactKey: Guid(90d7e94aac0e4fd48be2447dd81e86f7) Importer(2089858483,0ecaa5967403d082aa24f35e1b516d23)
Start importing Assets/com.rlabrecque.steamworks.net/Runtime/types/SteamUGC/UGCUpdateHandle_t.cs using Guid(90d7e94aac0e4fd48be2447dd81e86f7) Importer(2089858483,0ecaa5967403d082aa24f35e1b516d23) Generated GUIDs only implemented for interfaces!
 -> (artifact id: '4d5e7da1c0b939d585d9dfbb175bc450') in 0.011143 seconds
Number of updated asset objects reloaded before import = 0
Number of asset objects unloaded after import = 1
========================================================================
Received Import Request.
  Time since last request: 0.000011 seconds.
  path: Assets/com.rlabrecque.steamworks.net/Runtime/types/SteamInput/InputAnalogActionHandle_t.cs
  artifactKey: Guid(f878bf26706ae2849a17a61a5b31a863) Importer(2089858483,0ecaa5967403d082aa24f35e1b516d23)
Start importing Assets/com.rlabrecque.steamworks.net/Runtime/types/SteamInput/InputAnalogActionHandle_t.cs using Guid(f878bf26706ae2849a17a61a5b31a863) Importer(2089858483,0ecaa5967403d082aa24f35e1b516d23) Generated GUIDs only implemented for interfaces!
 -> (artifact id: 'e0527be57565fb8d1ee430ac2864f792') in 0.010118 seconds
Number of updated asset objects reloaded before import = 0
Number of asset objects unloaded after import = 1
========================================================================
Received Import Request.
  Time since last request: 0.000010 seconds.
  path: Assets/com.rlabrecque.steamworks.net/Runtime/types/SteamTypes/SteamIPAddress_t.cs
  artifactKey: Guid(e4fa66c7d10afeb438394cd486f094d8) Importer(2089858483,0ecaa5967403d082aa24f35e1b516d23)
Start importing Assets/com.rlabrecque.steamworks.net/Runtime/types/SteamTypes/SteamIPAddress_t.cs using Guid(e4fa66c7d10afeb438394cd486f094d8) Importer(2089858483,0ecaa5967403d082aa24f35e1b516d23) Generated GUIDs only implemented for interfaces!
 -> (artifact id: 'acebd11d4d2870766f6fd9488f8c91e1') in 0.010441 seconds
Number of updated asset objects reloaded before import = 0
Number of asset objects unloaded after import = 1
========================================================================
Received Import Request.
  Time since last request: 0.000010 seconds.
  path: Assets/com.rlabrecque.steamworks.net/Runtime/types/SteamRemoteStorage/PublishedFileId_t.cs
  artifactKey: Guid(fd7277dd62d0eb749bf2cb299b2a5c2a) Importer(2089858483,0ecaa5967403d082aa24f35e1b516d23)
Start importing Assets/com.rlabrecque.steamworks.net/Runtime/types/SteamRemoteStorage/PublishedFileId_t.cs using Guid(fd7277dd62d0eb749bf2cb299b2a5c2a) Importer(2089858483,0ecaa5967403d082aa24f35e1b516d23) Generated GUIDs only implemented for interfaces!
 -> (artifact id: 'd5247ce71566dfe49eabd46a9b81a3a2') in 0.009937 seconds
Number of updated asset objects reloaded before import = 0
Number of asset objects unloaded after import = 1
========================================================================
Received Import Request.
  Time since last request: 0.000011 seconds.
  path: Assets/FishNet/CodeGenerating/cecil-0.11.4/Mono.Cecil/ICustomAttributeProvider.cs
  artifactKey: Guid(1585603aa3fe4f1409c42694378a557c) Importer(2089858483,0ecaa5967403d082aa24f35e1b516d23)
Start importing Assets/FishNet/CodeGenerating/cecil-0.11.4/Mono.Cecil/ICustomAttributeProvider.cs using Guid(1585603aa3fe4f1409c42694378a557c) Importer(2089858483,0ecaa5967403d082aa24f35e1b516d23) Generated GUIDs only implemented for interfaces!
 -> (artifact id: '82836ce3f8306028fa007f7429a61e28') in 0.009537 seconds
Number of updated asset objects reloaded before import = 0
Number of asset objects unloaded after import = 1
========================================================================
Received Import Request.
  Time since last request: 0.000010 seconds.
  path: Assets/FishNet/CodeGenerating/cecil-0.11.4/Mono.Cecil/NativeType.cs
  artifactKey: Guid(bb32c8b42f4f314448ff4b2c7eae0533) Importer(2089858483,0ecaa5967403d082aa24f35e1b516d23)
Start importing Assets/FishNet/CodeGenerating/cecil-0.11.4/Mono.Cecil/NativeType.cs using Guid(bb32c8b42f4f314448ff4b2c7eae0533) Importer(2089858483,0ecaa5967403d082aa24f35e1b516d23) Generated GUIDs only implemented for interfaces!
 -> (artifact id: 'df52f215e9f6af84c501bb64870d70a9') in 0.010472 seconds
Number of updated asset objects reloaded before import = 0
Number of asset objects unloaded after import = 1
========================================================================
Received Import Request.
  Time since last request: 0.000012 seconds.
  path: Assets/com.rlabrecque.steamworks.net/Runtime/types/SteamHTTP/HTTPCookieContainerHandle.cs
  artifactKey: Guid(46e53a176d1039a499132c5707543617) Importer(2089858483,0ecaa5967403d082aa24f35e1b516d23)
Start importing Assets/com.rlabrecque.steamworks.net/Runtime/types/SteamHTTP/HTTPCookieContainerHandle.cs using Guid(46e53a176d1039a499132c5707543617) Importer(2089858483,0ecaa5967403d082aa24f35e1b516d23) Generated GUIDs only implemented for interfaces!
 -> (artifact id: '7033aa227085345938f97b453b6768b5') in 0.009976 seconds
Number of updated asset objects reloaded before import = 0
Number of asset objects unloaded after import = 1
========================================================================
Received Import Request.
  Time since last request: 0.000010 seconds.
  path: Assets/FishNet/CodeGenerating/cecil-0.11.4/Mono.Cecil/ModuleKind.cs
  artifactKey: Guid(b85d54df2658b6d4bab3d27002f45a01) Importer(2089858483,0ecaa5967403d082aa24f35e1b516d23)
Start importing Assets/FishNet/CodeGenerating/cecil-0.11.4/Mono.Cecil/ModuleKind.cs using Guid(b85d54df2658b6d4bab3d27002f45a01) Importer(2089858483,0ecaa5967403d082aa24f35e1b516d23) Generated GUIDs only implemented for interfaces!
 -> (artifact id: '0727114d510a560aefec8b46d9b3d85a') in 0.010452 seconds
Number of updated asset objects reloaded before import = 0
Number of asset objects unloaded after import = 1
========================================================================
Received Import Request.
  Time since last request: 0.000010 seconds.
  path: Assets/com.rlabrecque.steamworks.net/Runtime/types/SteamInput/SteamInputActionEventCallbackPointer.cs
  artifactKey: Guid(40f4d6fda0f15ff47a9866d0afa2be32) Importer(2089858483,0ecaa5967403d082aa24f35e1b516d23)
Start importing Assets/com.rlabrecque.steamworks.net/Runtime/types/SteamInput/SteamInputActionEventCallbackPointer.cs using Guid(40f4d6fda0f15ff47a9866d0afa2be32) Importer(2089858483,0ecaa5967403d082aa24f35e1b516d23) Generated GUIDs only implemented for interfaces!
 -> (artifact id: 'c181cf48d6f734025924c26f6e0d2add') in 0.010256 seconds
Number of updated asset objects reloaded before import = 0
Number of asset objects unloaded after import = 1
========================================================================
Received Import Request.
  Time since last request: 0.000011 seconds.
  path: Assets/com.rlabrecque.steamworks.net/Runtime/types/SteamClientPublic/CGameID.cs
  artifactKey: Guid(e32604c61cbc4a843873d96c61d7c673) Importer(2089858483,0ecaa5967403d082aa24f35e1b516d23)
Start importing Assets/com.rlabrecque.steamworks.net/Runtime/types/SteamClientPublic/CGameID.cs using Guid(e32604c61cbc4a843873d96c61d7c673) Importer(2089858483,0ecaa5967403d082aa24f35e1b516d23) Generated GUIDs only implemented for interfaces!
 -> (artifact id: '7613fa07e0c850aa03e663d59c4768f5') in 0.010863 seconds
Number of updated asset objects reloaded before import = 0
Number of asset objects unloaded after import = 1
========================================================================
Received Import Request.
  Time since last request: 0.000016 seconds.
  path: Assets/FishNet/CodeGenerating/cecil-0.11.4/Mono.Cecil/MethodSemanticsAttributes.cs
  artifactKey: Guid(d6ed7cb61b1647749854923d7f4f2c4e) Importer(2089858483,0ecaa5967403d082aa24f35e1b516d23)
Start importing Assets/FishNet/CodeGenerating/cecil-0.11.4/Mono.Cecil/MethodSemanticsAttributes.cs using Guid(d6ed7cb61b1647749854923d7f4f2c4e) Importer(2089858483,0ecaa5967403d082aa24f35e1b516d23) Generated GUIDs only implemented for interfaces!
 -> (artifact id: 'd82ec40a3e932b1720a6c7895ebc02e0') in 0.010010 seconds
Number of updated asset objects reloaded before import = 0
Number of asset objects unloaded after import = 1
========================================================================
Received Import Request.
  Time since last request: 0.000013 seconds.
  path: Assets/FishNet/CodeGenerating/cecil-0.11.4/Mono.Cecil/ModuleDefinition.cs
  artifactKey: Guid(be36668e876daba419d4cf3aa5e8cac9) Importer(2089858483,0ecaa5967403d082aa24f35e1b516d23)
Start importing Assets/FishNet/CodeGenerating/cecil-0.11.4/Mono.Cecil/ModuleDefinition.cs using Guid(be36668e876daba419d4cf3aa5e8cac9) Importer(2089858483,0ecaa5967403d082aa24f35e1b516d23) Generated GUIDs only implemented for interfaces!
 -> (artifact id: 'b2ae3604d5b0a5e4dade094b3c6b85d2') in 0.010082 seconds
Number of updated asset objects reloaded before import = 0
Number of asset objects unloaded after import = 1
========================================================================
Received Import Request.
  Time since last request: 0.000011 seconds.
  path: Assets/FishNet/CodeGenerating/cecil-0.11.4/Mono.Cecil/PropertyReference.cs
  artifactKey: Guid(a30c5751a554ce649bf88a597e4075e9) Importer(2089858483,0ecaa5967403d082aa24f35e1b516d23)
Start importing Assets/FishNet/CodeGenerating/cecil-0.11.4/Mono.Cecil/PropertyReference.cs using Guid(a30c5751a554ce649bf88a597e4075e9) Importer(2089858483,0ecaa5967403d082aa24f35e1b516d23) Generated GUIDs only implemented for interfaces!
 -> (artifact id: '4bdc2d2ab976119152f8834e561bef7b') in 0.010407 seconds
Number of updated asset objects reloaded before import = 0
Number of asset objects unloaded after import = 1
========================================================================
Received Import Request.
  Time since last request: 0.000014 seconds.
  path: Assets/FishNet/CodeGenerating/cecil-0.11.4/Mono.Cecil/FieldAttributes.cs
  artifactKey: Guid(8e9187082e8fc1446a8c2aa12d8f3fa4) Importer(2089858483,0ecaa5967403d082aa24f35e1b516d23)
Start importing Assets/FishNet/CodeGenerating/cecil-0.11.4/Mono.Cecil/FieldAttributes.cs using Guid(8e9187082e8fc1446a8c2aa12d8f3fa4) Importer(2089858483,0ecaa5967403d082aa24f35e1b516d23) Generated GUIDs only implemented for interfaces!
 -> (artifact id: '4074ef3ca7123652a5fc42343fc8d561') in 0.026592 seconds
Number of updated asset objects reloaded before import = 0
Number of asset objects unloaded after import = 1
========================================================================
Received Import Request.
  Time since last request: 0.000046 seconds.
  path: Assets/FishNet/CodeGenerating/cecil-0.11.4/Mono.Cecil/EmbeddedResource.cs
  artifactKey: Guid(b5874acd8fee1b4499a3249dd4648428) Importer(2089858483,0ecaa5967403d082aa24f35e1b516d23)
Start importing Assets/FishNet/CodeGenerating/cecil-0.11.4/Mono.Cecil/EmbeddedResource.cs using Guid(b5874acd8fee1b4499a3249dd4648428) Importer(2089858483,0ecaa5967403d082aa24f35e1b516d23) Generated GUIDs only implemented for interfaces!
 -> (artifact id: '0993ecd0fd2ad163e79688b81aca5502') in 0.011305 seconds
Number of updated asset objects reloaded before import = 0
Number of asset objects unloaded after import = 1
========================================================================
Received Import Request.
  Time since last request: 0.000011 seconds.
  path: Assets/FishNet/CodeGenerating/cecil-0.11.4/Mono.Cecil/ArrayType.cs
  artifactKey: Guid(7add098db82a032428c139b59f0878be) Importer(2089858483,0ecaa5967403d082aa24f35e1b516d23)
Start importing Assets/FishNet/CodeGenerating/cecil-0.11.4/Mono.Cecil/ArrayType.cs using Guid(7add098db82a032428c139b59f0878be) Importer(2089858483,0ecaa5967403d082aa24f35e1b516d23) Generated GUIDs only implemented for interfaces!
 -> (artifact id: '183c9b9db9d6cf7d0c779872b09f3752') in 0.010488 seconds
Number of updated asset objects reloaded before import = 0
Number of asset objects unloaded after import = 1
========================================================================
Received Import Request.
  Time since last request: 0.000010 seconds.
  path: Assets/FishNet/CodeGenerating/cecil-0.11.4/Mono.Cecil/Treatments.cs
  artifactKey: Guid(d2bba6ea16ba63147b7bff91a65ad5fa) Importer(2089858483,0ecaa5967403d082aa24f35e1b516d23)
Start importing Assets/FishNet/CodeGenerating/cecil-0.11.4/Mono.Cecil/Treatments.cs using Guid(d2bba6ea16ba63147b7bff91a65ad5fa) Importer(2089858483,0ecaa5967403d082aa24f35e1b516d23) Generated GUIDs only implemented for interfaces!
 -> (artifact id: 'afa155b7031590774a4b1968daf5ca9d') in 0.010697 seconds
Number of updated asset objects reloaded before import = 0
Number of asset objects unloaded after import = 1
========================================================================
Received Import Request.
  Time since last request: 0.000010 seconds.
  path: Assets/FishNet/CodeGenerating/cecil-0.11.4/Mono.Cecil/EventReference.cs
  artifactKey: Guid(94d9b58b6c4033343b975f6730127514) Importer(2089858483,0ecaa5967403d082aa24f35e1b516d23)
Start importing Assets/FishNet/CodeGenerating/cecil-0.11.4/Mono.Cecil/EventReference.cs using Guid(94d9b58b6c4033343b975f6730127514) Importer(2089858483,0ecaa5967403d082aa24f35e1b516d23) Generated GUIDs only implemented for interfaces!
 -> (artifact id: 'f45c3fdb08879dfd8a505177220019da') in 0.009671 seconds
Number of updated asset objects reloaded before import = 0
Number of asset objects unloaded after import = 1
========================================================================
Received Import Request.
  Time since last request: 0.000100 seconds.
  path: Assets/FishNet/CodeGenerating/cecil-0.11.4/Mono.Cecil/IMetadataScope.cs
  artifactKey: Guid(da1ce103d170a414c8c8c6849a8856a3) Importer(2089858483,0ecaa5967403d082aa24f35e1b516d23)
Start importing Assets/FishNet/CodeGenerating/cecil-0.11.4/Mono.Cecil/IMetadataScope.cs using Guid(da1ce103d170a414c8c8c6849a8856a3) Importer(2089858483,0ecaa5967403d082aa24f35e1b516d23) Generated GUIDs only implemented for interfaces!
 -> (artifact id: '268d4fbcb3be2b5a5c5361f3058c2b4e') in 0.010585 seconds
Number of updated asset objects reloaded before import = 0
Number of asset objects unloaded after import = 1
========================================================================
Received Import Request.
  Time since last request: 0.452392 seconds.
  path: Assets/FishNet/CodeGenerating/cecil-0.11.4/Mono.Cecil/TypeSpecification.cs
  artifactKey: Guid(4c1d979e44d835a4dbcdefa35a45a07a) Importer(2089858483,0ecaa5967403d082aa24f35e1b516d23)
Start importing Assets/FishNet/CodeGenerating/cecil-0.11.4/Mono.Cecil/TypeSpecification.cs using Guid(4c1d979e44d835a4dbcdefa35a45a07a) Importer(2089858483,0ecaa5967403d082aa24f35e1b516d23) Generated GUIDs only implemented for interfaces!
 -> (artifact id: 'e6a7f755d906e25e16bd7c3a6e391cfe') in 0.015336 seconds
Number of updated asset objects reloaded before import = 0
Number of asset objects unloaded after import = 1
========================================================================
Received Import Request.
  Time since last request: 0.000013 seconds.
  path: Assets/FishNet/Runtime/Managing/Server/ServerManager.QOL.cs
  artifactKey: Guid(f2a07d9984be21648bc714ea03bd0d70) Importer(2089858483,0ecaa5967403d082aa24f35e1b516d23)
Start importing Assets/FishNet/Runtime/Managing/Server/ServerManager.QOL.cs using Guid(f2a07d9984be21648bc714ea03bd0d70) Importer(2089858483,0ecaa5967403d082aa24f35e1b516d23) Generated GUIDs only implemented for interfaces!
 -> (artifact id: 'f01af9c0fca3ae8fa40528a7236b37c7') in 0.009288 seconds
Number of updated asset objects reloaded before import = 0
Number of asset objects unloaded after import = 1
========================================================================
Received Import Request.
  Time since last request: 0.000010 seconds.
  path: Assets/FishNet/CodeGenerating/cecil-0.11.4/Mono.Cecil.Metadata/Heap.cs
  artifactKey: Guid(c343466f40d68574499155a2acd05e6b) Importer(2089858483,0ecaa5967403d082aa24f35e1b516d23)
Start importing Assets/FishNet/CodeGenerating/cecil-0.11.4/Mono.Cecil.Metadata/Heap.cs using Guid(c343466f40d68574499155a2acd05e6b) Importer(2089858483,0ecaa5967403d082aa24f35e1b516d23) Generated GUIDs only implemented for interfaces!
 -> (artifact id: 'd5a036a1d88a28dfc995150a6db090f3') in 0.020517 seconds
Number of updated asset objects reloaded before import = 0
Number of asset objects unloaded after import = 1
========================================================================
Received Import Request.
  Time since last request: 0.000011 seconds.
  path: Assets/FishNet/Demos/ColliderRollback/Scripts/DestroyAfterDelay.cs
  artifactKey: Guid(3f244f524a030c6459722c6594b1e9bd) Importer(2089858483,0ecaa5967403d082aa24f35e1b516d23)
Start importing Assets/FishNet/Demos/ColliderRollback/Scripts/DestroyAfterDelay.cs using Guid(3f244f524a030c6459722c6594b1e9bd) Importer(2089858483,0ecaa5967403d082aa24f35e1b516d23) Generated GUIDs only implemented for interfaces!
 -> (artifact id: '7f3bf7b02ad96cc3ddeb486ea812a207') in 0.010801 seconds
Number of updated asset objects reloaded before import = 0
Number of asset objects unloaded after import = 1
========================================================================
Received Import Request.
  Time since last request: 0.000012 seconds.
  path: Assets/FishNet/CodeGenerating/cecil-0.11.4/Mono.Cecil.PE/ByteBufferEqualityComparer.cs
  artifactKey: Guid(0db5f2f7f9a349d4d89e2329ffd563b2) Importer(2089858483,0ecaa5967403d082aa24f35e1b516d23)
Start importing Assets/FishNet/CodeGenerating/cecil-0.11.4/Mono.Cecil.PE/ByteBufferEqualityComparer.cs using Guid(0db5f2f7f9a349d4d89e2329ffd563b2) Importer(2089858483,0ecaa5967403d082aa24f35e1b516d23) Generated GUIDs only implemented for interfaces!
 -> (artifact id: '788cf03fe1b972cecdd7a9011d46f8ac') in 0.009316 seconds
Number of updated asset objects reloaded before import = 0
Number of asset objects unloaded after import = 1
========================================================================
Received Import Request.
  Time since last request: 0.000012 seconds.
  path: Assets/FishNet/Runtime/Managing/Timing/PreciseTick.cs
  artifactKey: Guid(a96dd6b21066a424199583b80746464f) Importer(2089858483,0ecaa5967403d082aa24f35e1b516d23)
Start importing Assets/FishNet/Runtime/Managing/Timing/PreciseTick.cs using Guid(a96dd6b21066a424199583b80746464f) Importer(2089858483,0ecaa5967403d082aa24f35e1b516d23) Generated GUIDs only implemented for interfaces!
 -> (artifact id: '88039acda49334585e78c4fe80f7d1b4') in 0.009853 seconds
Number of updated asset objects reloaded before import = 0
Number of asset objects unloaded after import = 1
========================================================================
Received Import Request.
  Time since last request: 0.000011 seconds.
  path: Assets/FishNet/CodeGenerating/Helpers/Typed/SyncIndexData.cs
  artifactKey: Guid(55f2e751e4788464b8394f6b8bdb548a) Importer(2089858483,0ecaa5967403d082aa24f35e1b516d23)
Start importing Assets/FishNet/CodeGenerating/Helpers/Typed/SyncIndexData.cs using Guid(55f2e751e4788464b8394f6b8bdb548a) Importer(2089858483,0ecaa5967403d082aa24f35e1b516d23) Generated GUIDs only implemented for interfaces!
 -> (artifact id: '5ed3fa9d4e48c1c4bdb390227a307e43') in 0.009605 seconds
Number of updated asset objects reloaded before import = 0
Number of asset objects unloaded after import = 1
========================================================================
Received Import Request.
  Time since last request: 0.000022 seconds.
  path: Assets/FishNet/CodeGenerating/cecil-0.11.4/Mono.Cecil.Cil/SequencePoint.cs
  artifactKey: Guid(612e6675dca63a84b9e8aaeb3e3b9ec6) Importer(2089858483,0ecaa5967403d082aa24f35e1b516d23)
Start importing Assets/FishNet/CodeGenerating/cecil-0.11.4/Mono.Cecil.Cil/SequencePoint.cs using Guid(612e6675dca63a84b9e8aaeb3e3b9ec6) Importer(2089858483,0ecaa5967403d082aa24f35e1b516d23) Generated GUIDs only implemented for interfaces!
 -> (artifact id: 'f4354b4cf29c7465f05d9e912bc69b1c') in 0.009855 seconds
Number of updated asset objects reloaded before import = 0
Number of asset objects unloaded after import = 1
========================================================================
Received Import Request.
  Time since last request: 0.000013 seconds.
  path: Assets/FishNet/CodeGenerating/cecil-0.11.4/Mono.Cecil.Metadata/Utilities.cs
  artifactKey: Guid(4785957c0c546de4680e1196a57f66d2) Importer(2089858483,0ecaa5967403d082aa24f35e1b516d23)
Start importing Assets/FishNet/CodeGenerating/cecil-0.11.4/Mono.Cecil.Metadata/Utilities.cs using Guid(4785957c0c546de4680e1196a57f66d2) Importer(2089858483,0ecaa5967403d082aa24f35e1b516d23) Generated GUIDs only implemented for interfaces!
 -> (artifact id: '95b49f02e38721773fd86a38257d1a9c') in 0.010796 seconds
Number of updated asset objects reloaded before import = 0
Number of asset objects unloaded after import = 1
========================================================================
Received Import Request.
  Time since last request: 0.000017 seconds.
  path: Assets/FishNet/Runtime/Managing/Logging/LoggingType.cs
  artifactKey: Guid(8bf0a7ab3f60fe44984fcfd16d8fe7b4) Importer(2089858483,0ecaa5967403d082aa24f35e1b516d23)
Start importing Assets/FishNet/Runtime/Managing/Logging/LoggingType.cs using Guid(8bf0a7ab3f60fe44984fcfd16d8fe7b4) Importer(2089858483,0ecaa5967403d082aa24f35e1b516d23) Generated GUIDs only implemented for interfaces!
 -> (artifact id: '5cbbf9cc883a692517897d1c9e312b31') in 0.010045 seconds
Number of updated asset objects reloaded before import = 0
Number of asset objects unloaded after import = 1
========================================================================
Received Import Request.
  Time since last request: 0.000099 seconds.
  path: Assets/FishNet/Runtime/Editor/NetworkProfiler/NetworkProfilerWindow.cs
  artifactKey: Guid(9b35764a2e39a0844b01aa7e1b690c8d) Importer(2089858483,0ecaa5967403d082aa24f35e1b516d23)
Start importing Assets/FishNet/Runtime/Editor/NetworkProfiler/NetworkProfilerWindow.cs using Guid(9b35764a2e39a0844b01aa7e1b690c8d) Importer(2089858483,0ecaa5967403d082aa24f35e1b516d23) Generated GUIDs only implemented for interfaces!
 -> (artifact id: 'd863120125fd7968439d9ae9c2e9e37f') in 0.010501 seconds
Number of updated asset objects reloaded before import = 0
Number of asset objects unloaded after import = 1
========================================================================
Received Import Request.
  Time since last request: 0.000011 seconds.
  path: Assets/FishNet/Runtime/Managing/Object/DualPrefab.cs
  artifactKey: Guid(76840b2b810d8fc45aeccef03122763c) Importer(2089858483,0ecaa5967403d082aa24f35e1b516d23)
Start importing Assets/FishNet/Runtime/Managing/Object/DualPrefab.cs using Guid(76840b2b810d8fc45aeccef03122763c) Importer(2089858483,0ecaa5967403d082aa24f35e1b516d23) Generated GUIDs only implemented for interfaces!
 -> (artifact id: '8ff334c767ec961558c951b784fed1c2') in 0.009936 seconds
Number of updated asset objects reloaded before import = 0
Number of asset objects unloaded after import = 1
========================================================================
Received Import Request.
  Time since last request: 0.000010 seconds.
  path: Assets/FishNet/Runtime/Managing/Object/SpawnParentType.cs
  artifactKey: Guid(cbace351ced9ff94eb294dbb2e1d6a75) Importer(2089858483,0ecaa5967403d082aa24f35e1b516d23)
Start importing Assets/FishNet/Runtime/Managing/Object/SpawnParentType.cs using Guid(cbace351ced9ff94eb294dbb2e1d6a75) Importer(2089858483,0ecaa5967403d082aa24f35e1b516d23) Generated GUIDs only implemented for interfaces!
 -> (artifact id: '867e0f58915d1cc872902252c8f2808b') in 0.009807 seconds
Number of updated asset objects reloaded before import = 0
Number of asset objects unloaded after import = 1
========================================================================
Received Import Request.
  Time since last request: 0.000011 seconds.
  path: Assets/FishNet/Runtime/Object/Prediction/ReplicateDataContainer.cs
  artifactKey: Guid(2e45211dba582c146993b54bf316d8fc) Importer(2089858483,0ecaa5967403d082aa24f35e1b516d23)
Start importing Assets/FishNet/Runtime/Object/Prediction/ReplicateDataContainer.cs using Guid(2e45211dba582c146993b54bf316d8fc) Importer(2089858483,0ecaa5967403d082aa24f35e1b516d23) Generated GUIDs only implemented for interfaces!
 -> (artifact id: '44d72afe92c66f15dd8669ce769ade86') in 0.010169 seconds
Number of updated asset objects reloaded before import = 0
Number of asset objects unloaded after import = 1
========================================================================
Received Import Request.
  Time since last request: 0.000012 seconds.
  path: Assets/FishNet/Runtime/Managing/Transporting/SplitReader.cs
  artifactKey: Guid(a1c06be1540b77842be35823aa54b19b) Importer(2089858483,0ecaa5967403d082aa24f35e1b516d23)
Start importing Assets/FishNet/Runtime/Managing/Transporting/SplitReader.cs using Guid(a1c06be1540b77842be35823aa54b19b) Importer(2089858483,0ecaa5967403d082aa24f35e1b516d23) Generated GUIDs only implemented for interfaces!
 -> (artifact id: '1c8969d4dc84785ec16afa0214e640e4') in 0.008806 seconds
Number of updated asset objects reloaded before import = 0
Number of asset objects unloaded after import = 1
========================================================================
Received Import Request.
  Time since last request: 0.000055 seconds.
  path: Assets/FishNet/Runtime/Managing/Transporting/TransportManager.cs
  artifactKey: Guid(34e4a322dca349547989b14021da4e23) Importer(2089858483,0ecaa5967403d082aa24f35e1b516d23)
Start importing Assets/FishNet/Runtime/Managing/Transporting/TransportManager.cs using Guid(34e4a322dca349547989b14021da4e23) Importer(2089858483,0ecaa5967403d082aa24f35e1b516d23) Generated GUIDs only implemented for interfaces!
 -> (artifact id: '2550eeb9f1c01a39b6e7f5fd25a27318') in 0.009522 seconds
Number of updated asset objects reloaded before import = 0
Number of asset objects unloaded after import = 2
========================================================================
Received Import Request.
  Time since last request: 0.000010 seconds.
  path: Assets/FishNet/Runtime/Object/NetworkObject/NetworkObject.Observers.cs
  artifactKey: Guid(816dbea70a70ab949a44f485155f0087) Importer(2089858483,0ecaa5967403d082aa24f35e1b516d23)
Start importing Assets/FishNet/Runtime/Object/NetworkObject/NetworkObject.Observers.cs using Guid(816dbea70a70ab949a44f485155f0087) Importer(2089858483,0ecaa5967403d082aa24f35e1b516d23) Generated GUIDs only implemented for interfaces!
 -> (artifact id: '11ffa40e4fcab3f9f0cda3fe81336d09') in 0.009922 seconds
Number of updated asset objects reloaded before import = 0
Number of asset objects unloaded after import = 1
========================================================================
Received Import Request.
  Time since last request: 0.000010 seconds.
  path: Assets/FishNet/CodeGenerating/cecil-0.11.4/Mono.Cecil.Metadata/PdbHeap.cs
  artifactKey: Guid(c64dd6e20a2b11c44ad424d29380c14c) Importer(2089858483,0ecaa5967403d082aa24f35e1b516d23)
Start importing Assets/FishNet/CodeGenerating/cecil-0.11.4/Mono.Cecil.Metadata/PdbHeap.cs using Guid(c64dd6e20a2b11c44ad424d29380c14c) Importer(2089858483,0ecaa5967403d082aa24f35e1b516d23) Generated GUIDs only implemented for interfaces!
 -> (artifact id: 'e4f135ee9386fe7b184dbea686a74333') in 0.010657 seconds
Number of updated asset objects reloaded before import = 0
Number of asset objects unloaded after import = 1
========================================================================
Received Import Request.
  Time since last request: 0.000010 seconds.
  path: Assets/FishNet/Demos/IntermediateLayer/Scenes/IntermediateLayer.unity
  artifactKey: Guid(fa009a2a1952c0647ae5cf75a5fd4c05) Importer(2089858483,0ecaa5967403d082aa24f35e1b516d23)
Start importing Assets/FishNet/Demos/IntermediateLayer/Scenes/IntermediateLayer.unity using Guid(fa009a2a1952c0647ae5cf75a5fd4c05) Importer(2089858483,0ecaa5967403d082aa24f35e1b516d23) Generated GUIDs only implemented for interfaces!
 -> (artifact id: 'a038853da94049bc9a6c573bf1e088af') in 0.010204 seconds
Number of updated asset objects reloaded before import = 0
Number of asset objects unloaded after import = 1
========================================================================
Received Import Request.
  Time since last request: 0.000010 seconds.
  path: Assets/FishNet/Runtime/Editor/Configuring/ConfigurationEditor.cs
  artifactKey: Guid(8135b3a4c31cfb74896f1e9e77059c89) Importer(2089858483,0ecaa5967403d082aa24f35e1b516d23)
Start importing Assets/FishNet/Runtime/Editor/Configuring/ConfigurationEditor.cs using Guid(8135b3a4c31cfb74896f1e9e77059c89) Importer(2089858483,0ecaa5967403d082aa24f35e1b516d23) Generated GUIDs only implemented for interfaces!
 -> (artifact id: '5a0b556eccde50b5136c9cf4a7727cfb') in 0.010410 seconds
Number of updated asset objects reloaded before import = 0
Number of asset objects unloaded after import = 1
========================================================================
Received Import Request.
  Time since last request: 0.000073 seconds.
  path: Assets/FishNet/Runtime/Managing/Client/ClientManager.Broadcast.cs
  artifactKey: Guid(97ef4be4cfcc6a54d80a65a5c8d325d7) Importer(2089858483,0ecaa5967403d082aa24f35e1b516d23)
Start importing Assets/FishNet/Runtime/Managing/Client/ClientManager.Broadcast.cs using Guid(97ef4be4cfcc6a54d80a65a5c8d325d7) Importer(2089858483,0ecaa5967403d082aa24f35e1b516d23) Generated GUIDs only implemented for interfaces!
 -> (artifact id: 'e42450dcd83f6252b0d9905ac670bad5') in 0.010493 seconds
Number of updated asset objects reloaded before import = 0
Number of asset objects unloaded after import = 1
========================================================================
Received Import Request.
  Time since last request: 0.000009 seconds.
  path: Assets/FishNet/Runtime/Object/NetworkObject/NetworkObject.ReferenceIds.cs
  artifactKey: Guid(be0a4b0a32b02f64495ba3b1d22f89c4) Importer(2089858483,0ecaa5967403d082aa24f35e1b516d23)
Start importing Assets/FishNet/Runtime/Object/NetworkObject/NetworkObject.ReferenceIds.cs using Guid(be0a4b0a32b02f64495ba3b1d22f89c4) Importer(2089858483,0ecaa5967403d082aa24f35e1b516d23) Generated GUIDs only implemented for interfaces!
 -> (artifact id: '9f760cfdee52c56d2bb76b6714a4ae3c') in 0.010819 seconds
Number of updated asset objects reloaded before import = 0
Number of asset objects unloaded after import = 1
========================================================================
Received Import Request.
  Time since last request: 0.000010 seconds.
  path: Assets/FishNet/Runtime/Editor/Configuring/BetaModeMenu.cs
  artifactKey: Guid(ecf03df72c983164586a22e695d17905) Importer(2089858483,0ecaa5967403d082aa24f35e1b516d23)
Start importing Assets/FishNet/Runtime/Editor/Configuring/BetaModeMenu.cs using Guid(ecf03df72c983164586a22e695d17905) Importer(2089858483,0ecaa5967403d082aa24f35e1b516d23) Generated GUIDs only implemented for interfaces!
 -> (artifact id: 'cb0cfcdf5bc77e0368c190a3c45a6d24') in 0.011284 seconds
Number of updated asset objects reloaded before import = 0
Number of asset objects unloaded after import = 1
========================================================================
Received Import Request.
  Time since last request: 0.000061 seconds.
  path: Assets/FishNet/Runtime/Managing/Timing/PhysicsMode.cs
  artifactKey: Guid(502e9f31bebd41f4f9088a19eae53735) Importer(2089858483,0ecaa5967403d082aa24f35e1b516d23)
Start importing Assets/FishNet/Runtime/Managing/Timing/PhysicsMode.cs using Guid(502e9f31bebd41f4f9088a19eae53735) Importer(2089858483,0ecaa5967403d082aa24f35e1b516d23) Generated GUIDs only implemented for interfaces!
 -> (artifact id: '0d8ba37bbef4bfc5b2dacf828f835052') in 0.010179 seconds
Number of updated asset objects reloaded before import = 0
Number of asset objects unloaded after import = 1
========================================================================
Received Import Request.
  Time since last request: 0.000010 seconds.
  path: Assets/FishNet/Runtime/Editor/PrefabCollectionGenerator/Generator.cs
  artifactKey: Guid(68e990388e202d54aa0fe9e7aa8cc716) Importer(2089858483,0ecaa5967403d082aa24f35e1b516d23)
Start importing Assets/FishNet/Runtime/Editor/PrefabCollectionGenerator/Generator.cs using Guid(68e990388e202d54aa0fe9e7aa8cc716) Importer(2089858483,0ecaa5967403d082aa24f35e1b516d23) Generated GUIDs only implemented for interfaces!
 -> (artifact id: 'b99fd789bf1f50e092567ae25df0c959') in 0.009624 seconds
Number of updated asset objects reloaded before import = 0
Number of asset objects unloaded after import = 1
========================================================================
Received Import Request.
  Time since last request: 0.000010 seconds.
  path: Assets/FishNet/Demos/Prediction/CharacterController/CharacterController Prediction Demo.unity
  artifactKey: Guid(941f6f8cbac7e9d418ffc6f22ee9359f) Importer(2089858483,0ecaa5967403d082aa24f35e1b516d23)
Start importing Assets/FishNet/Demos/Prediction/CharacterController/CharacterController Prediction Demo.unity using Guid(941f6f8cbac7e9d418ffc6f22ee9359f) Importer(2089858483,0ecaa5967403d082aa24f35e1b516d23) Generated GUIDs only implemented for interfaces!
 -> (artifact id: 'b04cbd02cce1c7720d5b5c538f2d97aa') in 0.008763 seconds
Number of updated asset objects reloaded before import = 0
Number of asset objects unloaded after import = 1
========================================================================
Received Import Request.
  Time since last request: 0.000012 seconds.
  path: Assets/FishNet/CodeGenerating/Helpers/Typed/Comparers.cs
  artifactKey: Guid(2b30600f0fdb27c4fb86c310b08f43b5) Importer(2089858483,0ecaa5967403d082aa24f35e1b516d23)
Start importing Assets/FishNet/CodeGenerating/Helpers/Typed/Comparers.cs using Guid(2b30600f0fdb27c4fb86c310b08f43b5) Importer(2089858483,0ecaa5967403d082aa24f35e1b516d23) Generated GUIDs only implemented for interfaces!
 -> (artifact id: '40f81e2a77331d2f70f14a130906bd07') in 0.010015 seconds
Number of updated asset objects reloaded before import = 0
Number of asset objects unloaded after import = 1
========================================================================
Received Import Request.
  Time since last request: 0.000011 seconds.
  path: Assets/FishNet/CodeGenerating/cecil-0.11.4/Mono.Cecil.PE/BinaryStreamWriter.cs
  artifactKey: Guid(26d384e0dd0e44549a9faf09adbd0a41) Importer(2089858483,0ecaa5967403d082aa24f35e1b516d23)
Start importing Assets/FishNet/CodeGenerating/cecil-0.11.4/Mono.Cecil.PE/BinaryStreamWriter.cs using Guid(26d384e0dd0e44549a9faf09adbd0a41) Importer(2089858483,0ecaa5967403d082aa24f35e1b516d23) Generated GUIDs only implemented for interfaces!
 -> (artifact id: '2f51d7c62f58ade9d0af3e38567bb067') in 0.010540 seconds
Number of updated asset objects reloaded before import = 0
Number of asset objects unloaded after import = 1
========================================================================
Received Import Request.
  Time since last request: 0.000012 seconds.
  path: Assets/FishNet/Runtime/Object/Synchronizing/SyncDictionary.cs
  artifactKey: Guid(79196d6c6e862da499491d106f66ad72) Importer(2089858483,0ecaa5967403d082aa24f35e1b516d23)
Start importing Assets/FishNet/Runtime/Object/Synchronizing/SyncDictionary.cs using Guid(79196d6c6e862da499491d106f66ad72) Importer(2089858483,0ecaa5967403d082aa24f35e1b516d23) Generated GUIDs only implemented for interfaces!
 -> (artifact id: '0f2ba7e824f4a2b00851cc31dc56706c') in 0.009270 seconds
Number of updated asset objects reloaded before import = 0
Number of asset objects unloaded after import = 1
========================================================================
Received Import Request.
  Time since last request: 0.000013 seconds.
  path: Assets/FishNet/CodeGenerating/cecil-0.11.4/Mono.Cecil.Cil/Instruction.cs
  artifactKey: Guid(2d1536adbd2ca174abbd624473e722c3) Importer(2089858483,0ecaa5967403d082aa24f35e1b516d23)
Start importing Assets/FishNet/CodeGenerating/cecil-0.11.4/Mono.Cecil.Cil/Instruction.cs using Guid(2d1536adbd2ca174abbd624473e722c3) Importer(2089858483,0ecaa5967403d082aa24f35e1b516d23) Generated GUIDs only implemented for interfaces!
 -> (artifact id: '236a2faee22cab84ebabf292e6d8a621') in 0.009700 seconds
Number of updated asset objects reloaded before import = 0
Number of asset objects unloaded after import = 1
========================================================================
Received Import Request.
  Time since last request: 0.000020 seconds.
  path: Assets/FishNet/CodeGenerating/cecil-0.11.4/Mono.Security.Cryptography/CryptoConvert.cs
  artifactKey: Guid(40b945bb6ba518c4b8ce54b5e54a06b5) Importer(2089858483,0ecaa5967403d082aa24f35e1b516d23)
Start importing Assets/FishNet/CodeGenerating/cecil-0.11.4/Mono.Security.Cryptography/CryptoConvert.cs using Guid(40b945bb6ba518c4b8ce54b5e54a06b5) Importer(2089858483,0ecaa5967403d082aa24f35e1b516d23) Generated GUIDs only implemented for interfaces!
 -> (artifact id: 'cfbbf3e9920f9f23840dec6de192e1c0') in 0.010372 seconds
Number of updated asset objects reloaded before import = 0
Number of asset objects unloaded after import = 1
========================================================================
Received Import Request.
  Time since last request: 0.000011 seconds.
  path: Assets/FishNet/Runtime/Managing/Utility/Utility.cs
  artifactKey: Guid(facab6859c82ccd49b2d1c6b80404726) Importer(2089858483,0ecaa5967403d082aa24f35e1b516d23)
Start importing Assets/FishNet/Runtime/Managing/Utility/Utility.cs using Guid(facab6859c82ccd49b2d1c6b80404726) Importer(2089858483,0ecaa5967403d082aa24f35e1b516d23) Generated GUIDs only implemented for interfaces!
 -> (artifact id: 'dee46a2f361697d44099b4f01667b0aa') in 0.010203 seconds
Number of updated asset objects reloaded before import = 0
Number of asset objects unloaded after import = 1
========================================================================
Received Import Request.
  Time since last request: 0.000049 seconds.
  path: Assets/FishNet/Runtime/Object/NetworkBehaviour/RpcLinkType.cs
  artifactKey: Guid(4fa68ca6a21d08f42980dcf68f984d53) Importer(2089858483,0ecaa5967403d082aa24f35e1b516d23)
Start importing Assets/FishNet/Runtime/Object/NetworkBehaviour/RpcLinkType.cs using Guid(4fa68ca6a21d08f42980dcf68f984d53) Importer(2089858483,0ecaa5967403d082aa24f35e1b516d23) Generated GUIDs only implemented for interfaces!
 -> (artifact id: '2cd0f9162ab89423c0c6c0e3e9e72068') in 0.009940 seconds
Number of updated asset objects reloaded before import = 0
Number of asset objects unloaded after import = 1
========================================================================
Received Import Request.
  Time since last request: 0.000015 seconds.
  path: Assets/FishNet/Runtime/Managing/Object/ManagedObjects.Spawning.cs
  artifactKey: Guid(1fcb759226359ad48926ff17cbf0ec6d) Importer(2089858483,0ecaa5967403d082aa24f35e1b516d23)
Start importing Assets/FishNet/Runtime/Managing/Object/ManagedObjects.Spawning.cs using Guid(1fcb759226359ad48926ff17cbf0ec6d) Importer(2089858483,0ecaa5967403d082aa24f35e1b516d23) Generated GUIDs only implemented for interfaces!
 -> (artifact id: 'dc93b405b26a26fb2de840fd5e7a2416') in 0.010331 seconds
Number of updated asset objects reloaded before import = 0
Number of asset objects unloaded after import = 1
========================================================================
Received Import Request.
  Time since last request: 0.000011 seconds.
  path: Assets/FishNet/Demos/SceneManager (Old Examples)/Scripts/SceneLoaderExample.cs
  artifactKey: Guid(fa23b6e6f9b08d74885e3707aa0d9bc7) Importer(2089858483,0ecaa5967403d082aa24f35e1b516d23)
Start importing Assets/FishNet/Demos/SceneManager (Old Examples)/Scripts/SceneLoaderExample.cs using Guid(fa23b6e6f9b08d74885e3707aa0d9bc7) Importer(2089858483,0ecaa5967403d082aa24f35e1b516d23) Generated GUIDs only implemented for interfaces!
 -> (artifact id: 'ddcb240182ef42edb7682d74ce20cce5') in 0.009976 seconds
Number of updated asset objects reloaded before import = 0
Number of asset objects unloaded after import = 1
========================================================================
Received Import Request.
  Time since last request: 0.000011 seconds.
  path: Assets/FishNet/CodeGenerating/cecil-0.11.4/Mono.Cecil.Cil/OpCodes.cs
  artifactKey: Guid(52c19a62321778c438d2f6b483f18e73) Importer(2089858483,0ecaa5967403d082aa24f35e1b516d23)
Start importing Assets/FishNet/CodeGenerating/cecil-0.11.4/Mono.Cecil.Cil/OpCodes.cs using Guid(52c19a62321778c438d2f6b483f18e73) Importer(2089858483,0ecaa5967403d082aa24f35e1b516d23) Generated GUIDs only implemented for interfaces!
 -> (artifact id: 'c80144a148dad7c0417ec9f4e602e615') in 0.010071 seconds
Number of updated asset objects reloaded before import = 0
Number of asset objects unloaded after import = 1
========================================================================
Received Import Request.
  Time since last request: 0.000010 seconds.
  path: Assets/FishNet/Runtime/Managing/Server/ClientConnectionBroadcast.cs
  artifactKey: Guid(a16b83a545be8f8488795783a0fc8648) Importer(2089858483,0ecaa5967403d082aa24f35e1b516d23)
Start importing Assets/FishNet/Runtime/Managing/Server/ClientConnectionBroadcast.cs using Guid(a16b83a545be8f8488795783a0fc8648) Importer(2089858483,0ecaa5967403d082aa24f35e1b516d23) Generated GUIDs only implemented for interfaces!
 -> (artifact id: '6456eab5e20a3952ce2072272649521b') in 0.009326 seconds
Number of updated asset objects reloaded before import = 0
Number of asset objects unloaded after import = 1
========================================================================
Received Import Request.
  Time since last request: 0.000010 seconds.
  path: Assets/FishNet/Demos/CustomSyncType/Custom Struct Sync/StructySync.cs
  artifactKey: Guid(4c0a84e32efc60f4aa471e3a42cf2e0b) Importer(2089858483,0ecaa5967403d082aa24f35e1b516d23)
Start importing Assets/FishNet/Demos/CustomSyncType/Custom Struct Sync/StructySync.cs using Guid(4c0a84e32efc60f4aa471e3a42cf2e0b) Importer(2089858483,0ecaa5967403d082aa24f35e1b516d23) Generated GUIDs only implemented for interfaces!
 -> (artifact id: '68ae916d0bb3a776f06f2e76f4859450') in 0.009717 seconds
Number of updated asset objects reloaded before import = 0
Number of asset objects unloaded after import = 1
========================================================================
Received Import Request.
  Time since last request: 0.000011 seconds.
  path: Assets/FishNet/Runtime/Managing/Transporting/IntermediateLayer.cs
  artifactKey: Guid(3f8a2e0f9aaea614887f5f7b15350e46) Importer(2089858483,0ecaa5967403d082aa24f35e1b516d23)
Start importing Assets/FishNet/Runtime/Managing/Transporting/IntermediateLayer.cs using Guid(3f8a2e0f9aaea614887f5f7b15350e46) Importer(2089858483,0ecaa5967403d082aa24f35e1b516d23) Generated GUIDs only implemented for interfaces!
 -> (artifact id: 'da350d7fec956bc2aab9d95775f4cb11') in 0.009581 seconds
Number of updated asset objects reloaded before import = 0
Number of asset objects unloaded after import = 1
========================================================================
Received Import Request.
  Time since last request: 0.172181 seconds.
  path: Assets/FishNet/Runtime/Object/Synchronizing/SyncStopwatch.cs
  artifactKey: Guid(1aa50198b4dd1bc45a6b7ef0461c5809) Importer(2089858483,0ecaa5967403d082aa24f35e1b516d23)
Start importing Assets/FishNet/Runtime/Object/Synchronizing/SyncStopwatch.cs using Guid(1aa50198b4dd1bc45a6b7ef0461c5809) Importer(2089858483,0ecaa5967403d082aa24f35e1b516d23) Generated GUIDs only implemented for interfaces!
 -> (artifact id: 'e1cd5a7365a6bc571043b4e9540ce348') in 0.010283 seconds
Number of updated asset objects reloaded before import = 0
Number of asset objects unloaded after import = 1
========================================================================
Received Import Request.
  Time since last request: 0.000010 seconds.
  path: Assets/TextMesh Pro/Examples & Extras/Resources/Color Gradient Presets/Blue to Purple - Vertical.asset
  artifactKey: Guid(479a66fa4b094512a62b0a8e553ad95a) Importer(2089858483,0ecaa5967403d082aa24f35e1b516d23)
Start importing Assets/TextMesh Pro/Examples & Extras/Resources/Color Gradient Presets/Blue to Purple - Vertical.asset using Guid(479a66fa4b094512a62b0a8e553ad95a) Importer(2089858483,0ecaa5967403d082aa24f35e1b516d23) Generated GUIDs only implemented for interfaces!
 -> (artifact id: 'e38759f9b427dd058a07722fab5d0d0d') in 0.031848 seconds
Number of updated asset objects reloaded before import = 0
Number of asset objects unloaded after import = 1
========================================================================
Received Import Request.
  Time since last request: 0.000014 seconds.
  path: Assets/FishNet/CodeGenerating/cecil-0.11.4/rocks/Mono.Cecil.Rocks/MethodBodyRocks.cs
  artifactKey: Guid(0c47d4756ed8120429bad0887cff0366) Importer(2089858483,0ecaa5967403d082aa24f35e1b516d23)
Start importing Assets/FishNet/CodeGenerating/cecil-0.11.4/rocks/Mono.Cecil.Rocks/MethodBodyRocks.cs using Guid(0c47d4756ed8120429bad0887cff0366) Importer(2089858483,0ecaa5967403d082aa24f35e1b516d23) Generated GUIDs only implemented for interfaces!
 -> (artifact id: '926394d2692b1d063b60943e0d439615') in 0.010739 seconds
Number of updated asset objects reloaded before import = 0
Number of asset objects unloaded after import = 1
========================================================================
Received Import Request.
  Time since last request: 0.000040 seconds.
  path: Assets/TextMesh Pro/Examples & Extras/Resources/Fonts & Materials/Bangers SDF Logo.mat
  artifactKey: Guid(f4e195ac1e204eff960149d1cb34e18c) Importer(2089858483,0ecaa5967403d082aa24f35e1b516d23)
Start importing Assets/TextMesh Pro/Examples & Extras/Resources/Fonts & Materials/Bangers SDF Logo.mat using Guid(f4e195ac1e204eff960149d1cb34e18c) Importer(2089858483,0ecaa5967403d082aa24f35e1b516d23) Generated GUIDs only implemented for interfaces!
 -> (artifact id: 'f7ff73c7b8ef49707ebd54d4476a39f7') in 0.019199 seconds
Number of updated asset objects reloaded before import = 0
Number of asset objects unloaded after import = 4
========================================================================
Received Import Request.
  Time since last request: 0.000011 seconds.
  path: Assets/FishNet/Demos/SceneManager (Old Examples)/Scenes/Replace/ReplaceMain.unity
  artifactKey: Guid(099398b014b86004abd99a7d21cf417a) Importer(2089858483,0ecaa5967403d082aa24f35e1b516d23)
Start importing Assets/FishNet/Demos/SceneManager (Old Examples)/Scenes/Replace/ReplaceMain.unity using Guid(099398b014b86004abd99a7d21cf417a) Importer(2089858483,0ecaa5967403d082aa24f35e1b516d23) Generated GUIDs only implemented for interfaces!
 -> (artifact id: '2e32ea5826d3cf032d4dc96e2136203d') in 0.008298 seconds
Number of updated asset objects reloaded before import = 0
Number of asset objects unloaded after import = 1
========================================================================
Received Import Request.
  Time since last request: 0.000010 seconds.
  path: Assets/FishNet/Demos/SceneManager (Old Examples)/Scenes/Additive/AdditiveGlobal.unity
  artifactKey: Guid(c43835f124dc68747a2091c4b8c42f80) Importer(2089858483,0ecaa5967403d082aa24f35e1b516d23)
Start importing Assets/FishNet/Demos/SceneManager (Old Examples)/Scenes/Additive/AdditiveGlobal.unity using Guid(c43835f124dc68747a2091c4b8c42f80) Importer(2089858483,0ecaa5967403d082aa24f35e1b516d23) Generated GUIDs only implemented for interfaces!
 -> (artifact id: 'bc834e2d779bd59343fd5bf727b4ab47') in 0.010164 seconds
Number of updated asset objects reloaded before import = 0
Number of asset objects unloaded after import = 1
========================================================================
Received Import Request.
  Time since last request: 0.000010 seconds.
  path: Assets/FishNet/Demos/Prediction/Rigidbody/Materials/FrontWheel.mat
  artifactKey: Guid(c9adb005e24322147b85e0d1ed5fa70e) Importer(2089858483,0ecaa5967403d082aa24f35e1b516d23)
Start importing Assets/FishNet/Demos/Prediction/Rigidbody/Materials/FrontWheel.mat using Guid(c9adb005e24322147b85e0d1ed5fa70e) Importer(2089858483,0ecaa5967403d082aa24f35e1b516d23) Generated GUIDs only implemented for interfaces!
 -> (artifact id: 'd31bda6ee40b1f3c98e2d34a927e8f41') in 0.015547 seconds
Number of updated asset objects reloaded before import = 0
Number of asset objects unloaded after import = 1
========================================================================
Received Import Request.
  Time since last request: 0.000010 seconds.
  path: Assets/TextMesh Pro/Examples & Extras/Resources/Fonts & Materials/Roboto-Bold SDF - Surface.mat
  artifactKey: Guid(e6b276ec991f467aa14ef1f3cc665993) Importer(2089858483,0ecaa5967403d082aa24f35e1b516d23)
Start importing Assets/TextMesh Pro/Examples & Extras/Resources/Fonts & Materials/Roboto-Bold SDF - Surface.mat using Guid(e6b276ec991f467aa14ef1f3cc665993) Importer(2089858483,0ecaa5967403d082aa24f35e1b516d23) Generated GUIDs only implemented for interfaces!
 -> (artifact id: 'e8589a22302d8bb5cc763bac8013a5a8') in 0.020004 seconds
Number of updated asset objects reloaded before import = 0
Number of asset objects unloaded after import = 2
========================================================================
Received Import Request.
  Time since last request: 0.000010 seconds.
  path: Assets/FishNet/Runtime/Managing/Scened/Events/LoadSceneEventArgs.cs
  artifactKey: Guid(86278568f8087de49b0908f148501993) Importer(2089858483,0ecaa5967403d082aa24f35e1b516d23)
Start importing Assets/FishNet/Runtime/Managing/Scened/Events/LoadSceneEventArgs.cs using Guid(86278568f8087de49b0908f148501993) Importer(2089858483,0ecaa5967403d082aa24f35e1b516d23) Generated GUIDs only implemented for interfaces!
 -> (artifact id: '13162b0dd93d0cef79a8712ed356ca5f') in 0.009814 seconds
Number of updated asset objects reloaded before import = 0
Number of asset objects unloaded after import = 1
========================================================================
Received Import Request.
  Time since last request: 0.000011 seconds.
  path: Assets/FishNet/Demos/ColliderRollback/Textures/Particles/circle.png
  artifactKey: Guid(155f67fd8750f8e4e83c8efb1731f3a0) Importer(2089858483,0ecaa5967403d082aa24f35e1b516d23)
Start importing Assets/FishNet/Demos/ColliderRollback/Textures/Particles/circle.png using Guid(155f67fd8750f8e4e83c8efb1731f3a0) Importer(2089858483,0ecaa5967403d082aa24f35e1b516d23) Generated GUIDs only implemented for interfaces!
 -> (artifact id: 'ca06837fbd3f37e51b0438b4e9571bff') in 0.020760 seconds
Number of updated asset objects reloaded before import = 0
Number of asset objects unloaded after import = 1
========================================================================
Received Import Request.
  Time since last request: 0.000012 seconds.
  path: Assets/FishNet/Demos/SceneManager (Old Examples)/Scenes/Replace/ReplaceMainSettings.lighting
  artifactKey: Guid(8fa881c2b33440b488753a73333b050d) Importer(2089858483,0ecaa5967403d082aa24f35e1b516d23)
Start importing Assets/FishNet/Demos/SceneManager (Old Examples)/Scenes/Replace/ReplaceMainSettings.lighting using Guid(8fa881c2b33440b488753a73333b050d) Importer(2089858483,0ecaa5967403d082aa24f35e1b516d23) Generated GUIDs only implemented for interfaces!
 -> (artifact id: '39d07456977803082fb82962b8dc5275') in 0.017973 seconds
Number of updated asset objects reloaded before import = 0
Number of asset objects unloaded after import = 1
========================================================================
Received Import Request.
  Time since last request: 0.000028 seconds.
  path: Assets/FishNet/Runtime/Observing/Conditions/DistanceCondition.cs
  artifactKey: Guid(7c3e28fa2e37d1d41b4f63c8a0cc2553) Importer(2089858483,0ecaa5967403d082aa24f35e1b516d23)
Start importing Assets/FishNet/Runtime/Observing/Conditions/DistanceCondition.cs using Guid(7c3e28fa2e37d1d41b4f63c8a0cc2553) Importer(2089858483,0ecaa5967403d082aa24f35e1b516d23) Generated GUIDs only implemented for interfaces!
 -> (artifact id: '0acb8ad45421c1be39383ee1b583e848') in 0.009788 seconds
Number of updated asset objects reloaded before import = 0
Number of asset objects unloaded after import = 1
========================================================================
Received Import Request.
  Time since last request: 0.000011 seconds.
  path: Assets/FishNet/Runtime/Managing/Scened/LoadUnloadDatas/UnloadOptions.cs
  artifactKey: Guid(3de31d76de313bc49aefba61135fdffc) Importer(2089858483,0ecaa5967403d082aa24f35e1b516d23)
Start importing Assets/FishNet/Runtime/Managing/Scened/LoadUnloadDatas/UnloadOptions.cs using Guid(3de31d76de313bc49aefba61135fdffc) Importer(2089858483,0ecaa5967403d082aa24f35e1b516d23) Generated GUIDs only implemented for interfaces!
 -> (artifact id: '73332d91290ce34244ef061a76173a5f') in 0.009018 seconds
Number of updated asset objects reloaded before import = 0
Number of asset objects unloaded after import = 1
========================================================================
Received Import Request.
  Time since last request: 0.000011 seconds.
  path: Assets/FishNet/Runtime/Editor/Textures/Icon/fishnet_light.png
  artifactKey: Guid(bf9191e2e07d29749bca3a1ae44e4bc8) Importer(2089858483,0ecaa5967403d082aa24f35e1b516d23)
Start importing Assets/FishNet/Runtime/Editor/Textures/Icon/fishnet_light.png using Guid(bf9191e2e07d29749bca3a1ae44e4bc8) Importer(2089858483,0ecaa5967403d082aa24f35e1b516d23) Generated GUIDs only implemented for interfaces!
 -> (artifact id: 'c149e0a9cd26f4ff939e4631fb80c75b') in 0.021309 seconds
Number of updated asset objects reloaded before import = 0
Number of asset objects unloaded after import = 1
========================================================================
Received Import Request.
  Time since last request: 0.000050 seconds.
  path: Assets/FishNet/Demos/Prediction/CharacterController/Scripts/MovingPlatform.cs
  artifactKey: Guid(0fca32023f23445429675b0c692d00d1) Importer(2089858483,0ecaa5967403d082aa24f35e1b516d23)
Start importing Assets/FishNet/Demos/Prediction/CharacterController/Scripts/MovingPlatform.cs using Guid(0fca32023f23445429675b0c692d00d1) Importer(2089858483,0ecaa5967403d082aa24f35e1b516d23) Generated GUIDs only implemented for interfaces!
 -> (artifact id: '48741b0c4dbc5bdb6f073c1939145f32') in 0.009082 seconds
Number of updated asset objects reloaded before import = 0
Number of asset objects unloaded after import = 1
========================================================================
Received Import Request.
  Time since last request: 0.000011 seconds.
  path: Assets/FishNet/Runtime/Generated/Component/Utility/MonoTickSmoother.cs
  artifactKey: Guid(b3c0f5e921f9d784986ee1c8d311ccba) Importer(2089858483,0ecaa5967403d082aa24f35e1b516d23)
Start importing Assets/FishNet/Runtime/Generated/Component/Utility/MonoTickSmoother.cs using Guid(b3c0f5e921f9d784986ee1c8d311ccba) Importer(2089858483,0ecaa5967403d082aa24f35e1b516d23) Generated GUIDs only implemented for interfaces!
 -> (artifact id: 'daa873d150690e2f7201f73c7d10560e') in 0.009519 seconds
Number of updated asset objects reloaded before import = 0
Number of asset objects unloaded after import = 1
========================================================================
Received Import Request.
  Time since last request: 0.000010 seconds.
  path: Assets/FishNet/Runtime/Utility/Performance/Transforms.cs
  artifactKey: Guid(7d0740f919077254c8ffb131b9587407) Importer(2089858483,0ecaa5967403d082aa24f35e1b516d23)
Start importing Assets/FishNet/Runtime/Utility/Performance/Transforms.cs using Guid(7d0740f919077254c8ffb131b9587407) Importer(2089858483,0ecaa5967403d082aa24f35e1b516d23) Generated GUIDs only implemented for interfaces!
 -> (artifact id: '4c07443002b50bfd20024e32becfa681') in 0.009130 seconds
Number of updated asset objects reloaded before import = 0
Number of asset objects unloaded after import = 1
========================================================================
Received Import Request.
  Time since last request: 0.000023 seconds.
  path: Assets/FishNet/CodeGenerating/cecil-0.11.4/rocks/Mono.Cecil.Rocks/AssemblyInfo.cs
  artifactKey: Guid(f9ceb0221cb78b247b676d0ea5d57fc8) Importer(2089858483,0ecaa5967403d082aa24f35e1b516d23)
Start importing Assets/FishNet/CodeGenerating/cecil-0.11.4/rocks/Mono.Cecil.Rocks/AssemblyInfo.cs using Guid(f9ceb0221cb78b247b676d0ea5d57fc8) Importer(2089858483,0ecaa5967403d082aa24f35e1b516d23) Generated GUIDs only implemented for interfaces!
 -> (artifact id: 'caafb1f4dd159895dc84afcd07101b62') in 0.009541 seconds
Number of updated asset objects reloaded before import = 0
Number of asset objects unloaded after import = 1
========================================================================
Received Import Request.
  Time since last request: 0.000028 seconds.
  path: Assets/FishNet/Demos/Prediction/CharacterController/Textures/Stamina_Bar.png
  artifactKey: Guid(f9b2bae1e919cc648a88e211cd094c53) Importer(2089858483,0ecaa5967403d082aa24f35e1b516d23)
Start importing Assets/FishNet/Demos/Prediction/CharacterController/Textures/Stamina_Bar.png using Guid(f9b2bae1e919cc648a88e211cd094c53) Importer(2089858483,0ecaa5967403d082aa24f35e1b516d23) Generated GUIDs only implemented for interfaces!
 -> (artifact id: '92702ec5f61de83587eecd54328462f4') in 0.023556 seconds
Number of updated asset objects reloaded before import = 0
Number of asset objects unloaded after import = 3
========================================================================
Received Import Request.
  Time since last request: 0.000010 seconds.
  path: Assets/FishNet/Demos/Prediction/Rigidbody/Materials/BlueMat.mat
  artifactKey: Guid(67717b2583b1d8644a7ed4857736c9cd) Importer(2089858483,0ecaa5967403d082aa24f35e1b516d23)
Start importing Assets/FishNet/Demos/Prediction/Rigidbody/Materials/BlueMat.mat using Guid(67717b2583b1d8644a7ed4857736c9cd) Importer(2089858483,0ecaa5967403d082aa24f35e1b516d23) Generated GUIDs only implemented for interfaces!
 -> (artifact id: '49c44d44a7a0b63418e94d7377709baa') in 0.011018 seconds
Number of updated asset objects reloaded before import = 0
Number of asset objects unloaded after import = 1
========================================================================
Received Import Request.
  Time since last request: 0.000011 seconds.
  path: Assets/FishNet/Demos/SceneManager/Additive Scenes/Materials/Player.mat
  artifactKey: Guid(a159d46f2a1d7034382d44be4cf8aa37) Importer(2089858483,0ecaa5967403d082aa24f35e1b516d23)
Start importing Assets/FishNet/Demos/SceneManager/Additive Scenes/Materials/Player.mat using Guid(a159d46f2a1d7034382d44be4cf8aa37) Importer(2089858483,0ecaa5967403d082aa24f35e1b516d23) Generated GUIDs only implemented for interfaces!
 -> (artifact id: '67826d28c26089cb1ce164622a5ac3a8') in 0.009496 seconds
Number of updated asset objects reloaded before import = 0
Number of asset objects unloaded after import = 1
========================================================================
Received Import Request.
  Time since last request: 0.000062 seconds.
  path: Assets/FishNet/Runtime/Serializing/UnityMathmatics/Serializers.UnityMathmaticsUInt.cs
  artifactKey: Guid(5640c6f5fc37ed3419f18024866c816c) Importer(2089858483,0ecaa5967403d082aa24f35e1b516d23)
Start importing Assets/FishNet/Runtime/Serializing/UnityMathmatics/Serializers.UnityMathmaticsUInt.cs using Guid(5640c6f5fc37ed3419f18024866c816c) Importer(2089858483,0ecaa5967403d082aa24f35e1b516d23) Generated GUIDs only implemented for interfaces!
 -> (artifact id: '42803d610320a9ca7ae0ae55cb233c24') in 0.009392 seconds
Number of updated asset objects reloaded before import = 0
Number of asset objects unloaded after import = 1
========================================================================
Received Import Request.
  Time since last request: 0.000011 seconds.
  path: Assets/FishNet/Demos/SceneManager/Additive Scenes/Materials/TreeStump.mat
  artifactKey: Guid(15634b93de15be5419ffed25bc199637) Importer(2089858483,0ecaa5967403d082aa24f35e1b516d23)
Start importing Assets/FishNet/Demos/SceneManager/Additive Scenes/Materials/TreeStump.mat using Guid(15634b93de15be5419ffed25bc199637) Importer(2089858483,0ecaa5967403d082aa24f35e1b516d23) Generated GUIDs only implemented for interfaces!
 -> (artifact id: '06c13610bd2f20e4662ace95745f595c') in 0.010336 seconds
Number of updated asset objects reloaded before import = 0
Number of asset objects unloaded after import = 1
========================================================================
Received Import Request.
  Time since last request: 0.000010 seconds.
  path: Assets/FishNet/Demos/Benchmarks/NetworkTransform/Prefabs/NetworkTransform Benchmark 3D Normal.prefab
  artifactKey: Guid(fe2b65b02f0484b41aa8cfa9fbbb0e1d) Importer(2089858483,0ecaa5967403d082aa24f35e1b516d23)
Start importing Assets/FishNet/Demos/Benchmarks/NetworkTransform/Prefabs/NetworkTransform Benchmark 3D Normal.prefab using Guid(fe2b65b02f0484b41aa8cfa9fbbb0e1d) Importer(2089858483,0ecaa5967403d082aa24f35e1b516d23) Generated GUIDs only implemented for interfaces!
 -> (artifact id: '6b55752855379720993143bc3b7c511f') in 0.014006 seconds
Number of updated asset objects reloaded before import = 0
Number of asset objects unloaded after import = 11
========================================================================
Received Import Request.
  Time since last request: 0.000011 seconds.
  path: Assets/FishNet/Runtime/Managing/Object/PrefabObjects/PrefabObjects.cs
  artifactKey: Guid(c5a7beb0d6ee75a4fb1f058eb3e2640a) Importer(2089858483,0ecaa5967403d082aa24f35e1b516d23)
Start importing Assets/FishNet/Runtime/Managing/Object/PrefabObjects/PrefabObjects.cs using Guid(c5a7beb0d6ee75a4fb1f058eb3e2640a) Importer(2089858483,0ecaa5967403d082aa24f35e1b516d23) Generated GUIDs only implemented for interfaces!
 -> (artifact id: 'c0b3406adff79c0836c4a98f5fec28bd') in 0.009531 seconds
Number of updated asset objects reloaded before import = 0
Number of asset objects unloaded after import = 1
========================================================================
Received Import Request.
  Time since last request: 0.000011 seconds.
  path: Assets/FishNet/Runtime/Managing/Server/Object/ServerObjects.Observers.cs
  artifactKey: Guid(02d93fa4a653dd64da0bb338b82f4740) Importer(2089858483,0ecaa5967403d082aa24f35e1b516d23)
Start importing Assets/FishNet/Runtime/Managing/Server/Object/ServerObjects.Observers.cs using Guid(02d93fa4a653dd64da0bb338b82f4740) Importer(2089858483,0ecaa5967403d082aa24f35e1b516d23) Generated GUIDs only implemented for interfaces!
 -> (artifact id: '840fbe2855c6863387e4988b036cc400') in 0.010373 seconds
Number of updated asset objects reloaded before import = 0
Number of asset objects unloaded after import = 1
========================================================================
Received Import Request.
  Time since last request: 0.000050 seconds.
  path: Assets/FishNet/Runtime/Managing/Client/Editor/ClientManagerEditor.cs
  artifactKey: Guid(a652d51a1efa8a442966e885e2736599) Importer(2089858483,0ecaa5967403d082aa24f35e1b516d23)
Start importing Assets/FishNet/Runtime/Managing/Client/Editor/ClientManagerEditor.cs using Guid(a652d51a1efa8a442966e885e2736599) Importer(2089858483,0ecaa5967403d082aa24f35e1b516d23) Generated GUIDs only implemented for interfaces!
 -> (artifact id: 'f19dd638a54a59d1a6291e0912951fd9') in 0.008436 seconds
Number of updated asset objects reloaded before import = 0
Number of asset objects unloaded after import = 1
========================================================================
Received Import Request.
  Time since last request: 0.000037 seconds.
  path: Assets/FishNet/Runtime/Utility/Template/TickNetworkBehaviour.cs
  artifactKey: Guid(68553251b6087a342a59efd0b6433401) Importer(2089858483,0ecaa5967403d082aa24f35e1b516d23)
Start importing Assets/FishNet/Runtime/Utility/Template/TickNetworkBehaviour.cs using Guid(68553251b6087a342a59efd0b6433401) Importer(2089858483,0ecaa5967403d082aa24f35e1b516d23) Generated GUIDs only implemented for interfaces!
 -> (artifact id: 'c525d5c5676437ded626be3630aa0386') in 0.010211 seconds
Number of updated asset objects reloaded before import = 0
Number of asset objects unloaded after import = 1
========================================================================
Received Import Request.
  Time since last request: 0.000011 seconds.
  path: Assets/FishNet/Runtime/Serializing/Helping/ReservedWriters.cs
  artifactKey: Guid(b9fd1f1770c15f54da31f3903a8714ab) Importer(2089858483,0ecaa5967403d082aa24f35e1b516d23)
Start importing Assets/FishNet/Runtime/Serializing/Helping/ReservedWriters.cs using Guid(b9fd1f1770c15f54da31f3903a8714ab) Importer(2089858483,0ecaa5967403d082aa24f35e1b516d23) Generated GUIDs only implemented for interfaces!
 -> (artifact id: 'e3aaa926f6aa6072a48ded8d7dfb8edd') in 0.008755 seconds
Number of updated asset objects reloaded before import = 0
Number of asset objects unloaded after import = 1
========================================================================
Received Import Request.
  Time since last request: 0.000013 seconds.
  path: Assets/FishNet/Runtime/Generated/Component/TickSmoothing/InitializationSettings.cs
  artifactKey: Guid(0c6e8313aa3aa964585e4ec54b733627) Importer(2089858483,0ecaa5967403d082aa24f35e1b516d23)
Start importing Assets/FishNet/Runtime/Generated/Component/TickSmoothing/InitializationSettings.cs using Guid(0c6e8313aa3aa964585e4ec54b733627) Importer(2089858483,0ecaa5967403d082aa24f35e1b516d23) Generated GUIDs only implemented for interfaces!
 -> (artifact id: '985bc625a2882a9659cd2f02a9730f3b') in 0.009006 seconds
Number of updated asset objects reloaded before import = 0
Number of asset objects unloaded after import = 1
========================================================================
Received Import Request.
  Time since last request: 0.000016 seconds.
  path: Assets/FishNet/Demos/Prediction/Rigidbody/Materials/GreenMat.mat
  artifactKey: Guid(7b5b45d5c3b714340a1ca8f4c642bd85) Importer(2089858483,0ecaa5967403d082aa24f35e1b516d23)
Start importing Assets/FishNet/Demos/Prediction/Rigidbody/Materials/GreenMat.mat using Guid(7b5b45d5c3b714340a1ca8f4c642bd85) Importer(2089858483,0ecaa5967403d082aa24f35e1b516d23) Generated GUIDs only implemented for interfaces!
 -> (artifact id: '2d48d43b9c3dce5b7516bd4856f38415') in 0.029310 seconds
Number of updated asset objects reloaded before import = 0
Number of asset objects unloaded after import = 1
========================================================================
Received Import Request.
  Time since last request: 0.000025 seconds.
  path: Assets/TextMesh Pro/Examples & Extras/Resources/Fonts & Materials/LiberationSans SDF - Overlay.mat
  artifactKey: Guid(9ad269c99dcf42b7aedefd83dd5a7b9d) Importer(2089858483,0ecaa5967403d082aa24f35e1b516d23)
Start importing Assets/TextMesh Pro/Examples & Extras/Resources/Fonts & Materials/LiberationSans SDF - Overlay.mat using Guid(9ad269c99dcf42b7aedefd83dd5a7b9d) Importer(2089858483,0ecaa5967403d082aa24f35e1b516d23) Generated GUIDs only implemented for interfaces!
 -> (artifact id: '7fa5408f6a0f6a7b0a6f2986818ccb39') in 0.018693 seconds
Number of updated asset objects reloaded before import = 0
Number of asset objects unloaded after import = 2
========================================================================
Received Import Request.
  Time since last request: 0.000012 seconds.
  path: Assets/FishNet/CodeGenerating/cecil-0.11.4/rocks/Mono.Cecil.Rocks/TypeReferenceRocks.cs
  artifactKey: Guid(25d089a650c8e0f45a6f9086aaf0004a) Importer(2089858483,0ecaa5967403d082aa24f35e1b516d23)
Start importing Assets/FishNet/CodeGenerating/cecil-0.11.4/rocks/Mono.Cecil.Rocks/TypeReferenceRocks.cs using Guid(25d089a650c8e0f45a6f9086aaf0004a) Importer(2089858483,0ecaa5967403d082aa24f35e1b516d23) Generated GUIDs only implemented for interfaces!
 -> (artifact id: '03a62a7a158b201b792abed64367dda5') in 0.009887 seconds
Number of updated asset objects reloaded before import = 0
Number of asset objects unloaded after import = 1
========================================================================
Received Import Request.
  Time since last request: 0.000009 seconds.
  path: Assets/FishNet/Runtime/Managing/Client/Object/ClientObjects.RpcLinks.cs
  artifactKey: Guid(2a20cc3f399aa614c931c9b45205937b) Importer(2089858483,0ecaa5967403d082aa24f35e1b516d23)
Start importing Assets/FishNet/Runtime/Managing/Client/Object/ClientObjects.RpcLinks.cs using Guid(2a20cc3f399aa614c931c9b45205937b) Importer(2089858483,0ecaa5967403d082aa24f35e1b516d23) Generated GUIDs only implemented for interfaces!
 -> (artifact id: '80004437bc6dc97b42df15f7ba9ec3c2') in 0.009291 seconds
Number of updated asset objects reloaded before import = 0
Number of asset objects unloaded after import = 1
========================================================================
Received Import Request.
  Time since last request: 0.039284 seconds.
  path: Assets/FishNet/Runtime/Plugins/ColliderRollback/Scripts/ColliderRollback.cs
  artifactKey: Guid(01a271dd97d875347b0cea860df29a9d) Importer(2089858483,0ecaa5967403d082aa24f35e1b516d23)
Start importing Assets/FishNet/Runtime/Plugins/ColliderRollback/Scripts/ColliderRollback.cs using Guid(01a271dd97d875347b0cea860df29a9d) Importer(2089858483,0ecaa5967403d082aa24f35e1b516d23) Generated GUIDs only implemented for interfaces!
 -> (artifact id: '0709be082d8250390f3205eb30a0e854') in 0.009956 seconds
Number of updated asset objects reloaded before import = 0
Number of asset objects unloaded after import = 2
========================================================================
Received Import Request.
  Time since last request: 0.000011 seconds.
  path: Assets/FishNet/Runtime/Plugins/GameKit/Dependencies/Utilities/Vectors.cs
  artifactKey: Guid(6bf25d6d9fa7a754b85a60006db774c4) Importer(2089858483,0ecaa5967403d082aa24f35e1b516d23)
Start importing Assets/FishNet/Runtime/Plugins/GameKit/Dependencies/Utilities/Vectors.cs using Guid(6bf25d6d9fa7a754b85a60006db774c4) Importer(2089858483,0ecaa5967403d082aa24f35e1b516d23) Generated GUIDs only implemented for interfaces!
 -> (artifact id: 'e5d222a9a839588f42c3b7a3b632c4ec') in 0.011733 seconds
Number of updated asset objects reloaded before import = 0
Number of asset objects unloaded after import = 1
========================================================================
Received Import Request.
  Time since last request: 0.000011 seconds.
  path: Assets/FishNet/Runtime/Plugins/GameKit/Dependencies/Utilities/Types/ObjectPooling/Scripts/ObjectPool.cs
  artifactKey: Guid(ab8f6cec624bac24d8fcc6a7a27a07e8) Importer(2089858483,0ecaa5967403d082aa24f35e1b516d23)
Start importing Assets/FishNet/Runtime/Plugins/GameKit/Dependencies/Utilities/Types/ObjectPooling/Scripts/ObjectPool.cs using Guid(ab8f6cec624bac24d8fcc6a7a27a07e8) Importer(2089858483,0ecaa5967403d082aa24f35e1b516d23) Generated GUIDs only implemented for interfaces!
 -> (artifact id: '488a8c0d0f37555dc2551966b09cf7ca') in 0.009891 seconds
Number of updated asset objects reloaded before import = 0
Number of asset objects unloaded after import = 1
========================================================================
Received Import Request.
  Time since last request: 0.000012 seconds.
  path: Assets/FishNet/Runtime/Generated/Component/Utility/Editor/DetachableNetworkTickSmootherEditor.cs
  artifactKey: Guid(342594fe005d75a4985e1a8ca218f822) Importer(2089858483,0ecaa5967403d082aa24f35e1b516d23)
Start importing Assets/FishNet/Runtime/Generated/Component/Utility/Editor/DetachableNetworkTickSmootherEditor.cs using Guid(342594fe005d75a4985e1a8ca218f822) Importer(2089858483,0ecaa5967403d082aa24f35e1b516d23) Generated GUIDs only implemented for interfaces!
 -> (artifact id: '80b1c68dce97de4d1a1e2c5dca682592') in 0.011049 seconds
Number of updated asset objects reloaded before import = 0
Number of asset objects unloaded after import = 1
========================================================================
Received Import Request.
  Time since last request: 0.000010 seconds.
  path: Assets/FishNet/Runtime/Plugins/GameKit/Dependencies/Utilities/Ints.cs
  artifactKey: Guid(c673118198f5c4b41986d52762828363) Importer(2089858483,0ecaa5967403d082aa24f35e1b516d23)
Start importing Assets/FishNet/Runtime/Plugins/GameKit/Dependencies/Utilities/Ints.cs using Guid(c673118198f5c4b41986d52762828363) Importer(2089858483,0ecaa5967403d082aa24f35e1b516d23) Generated GUIDs only implemented for interfaces!
 -> (artifact id: 'fd838c98320d64a7d82a968541ff5371') in 0.010391 seconds
Number of updated asset objects reloaded before import = 0
Number of asset objects unloaded after import = 1
========================================================================
Received Import Request.
  Time since last request: 0.000010 seconds.
  path: Assets/FishNet/Runtime/Plugins/ColliderRollback/Scripts/ColliderRollbackEditor.cs
  artifactKey: Guid(b0fd7d7c980dbbc49b3ab071b1974d33) Importer(2089858483,0ecaa5967403d082aa24f35e1b516d23)
Start importing Assets/FishNet/Runtime/Plugins/ColliderRollback/Scripts/ColliderRollbackEditor.cs using Guid(b0fd7d7c980dbbc49b3ab071b1974d33) Importer(2089858483,0ecaa5967403d082aa24f35e1b516d23) Generated GUIDs only implemented for interfaces!
 -> (artifact id: 'f4556541653ed695e68f536749e5d654') in 0.009714 seconds
Number of updated asset objects reloaded before import = 0
Number of asset objects unloaded after import = 1
========================================================================
Received Import Request.
  Time since last request: 0.000010 seconds.
  path: Assets/FishNet/Runtime/Generated/Component/NetworkAnimator/Editor/NetworkAnimatorEditor.cs
  artifactKey: Guid(65609e99a0823a347a2f615b0e6f736e) Importer(2089858483,0ecaa5967403d082aa24f35e1b516d23)
Start importing Assets/FishNet/Runtime/Generated/Component/NetworkAnimator/Editor/NetworkAnimatorEditor.cs using Guid(65609e99a0823a347a2f615b0e6f736e) Importer(2089858483,0ecaa5967403d082aa24f35e1b516d23) Generated GUIDs only implemented for interfaces!
 -> (artifact id: '87c019ed71935ea18950dd35df29a135') in 0.011234 seconds
Number of updated asset objects reloaded before import = 0
Number of asset objects unloaded after import = 1
========================================================================
Received Import Request.
  Time since last request: 0.000011 seconds.
  path: Assets/FishNet/Runtime/Plugins/GameKit/Dependencies/Utilities/WeightedRandom.cs
  artifactKey: Guid(daf7f2aaf711e2046a1996b15c58d0a7) Importer(2089858483,0ecaa5967403d082aa24f35e1b516d23)
Start importing Assets/FishNet/Runtime/Plugins/GameKit/Dependencies/Utilities/WeightedRandom.cs using Guid(daf7f2aaf711e2046a1996b15c58d0a7) Importer(2089858483,0ecaa5967403d082aa24f35e1b516d23) Generated GUIDs only implemented for interfaces!
 -> (artifact id: '40256f7c1958cabaebd1cdb98f5c68b5') in 0.009312 seconds
Number of updated asset objects reloaded before import = 0
Number of asset objects unloaded after import = 1
========================================================================
Received Import Request.
  Time since last request: 0.000011 seconds.
  path: Assets/FishNet/Runtime/Transporting/Transports/Tugboat/LiteNetLib/NetManager.HashSet.cs
  artifactKey: Guid(a3dad2c47fd51d14fbb281bf3cb231e4) Importer(2089858483,0ecaa5967403d082aa24f35e1b516d23)
Start importing Assets/FishNet/Runtime/Transporting/Transports/Tugboat/LiteNetLib/NetManager.HashSet.cs using Guid(a3dad2c47fd51d14fbb281bf3cb231e4) Importer(2089858483,0ecaa5967403d082aa24f35e1b516d23) Generated GUIDs only implemented for interfaces!
 -> (artifact id: '56834fe186f74aaf23aa7391d9b41a7e') in 0.009445 seconds
Number of updated asset objects reloaded before import = 0
Number of asset objects unloaded after import = 1
========================================================================
Received Import Request.
  Time since last request: 0.000015 seconds.
  path: Assets/FishNet/Runtime/Plugins/GameKit/Dependencies/Utilities/Types/Canvases/FloatingImage.cs
  artifactKey: Guid(2169e34ec7dd63a4e99b5cc89fd0e966) Importer(2089858483,0ecaa5967403d082aa24f35e1b516d23)
Start importing Assets/FishNet/Runtime/Plugins/GameKit/Dependencies/Utilities/Types/Canvases/FloatingImage.cs using Guid(2169e34ec7dd63a4e99b5cc89fd0e966) Importer(2089858483,0ecaa5967403d082aa24f35e1b516d23) Generated GUIDs only implemented for interfaces!
 -> (artifact id: '41134b54eae0f6a76f5893752d81b3ba') in 0.010343 seconds
Number of updated asset objects reloaded before import = 0
Number of asset objects unloaded after import = 1
========================================================================
Received Import Request.
  Time since last request: 0.000024 seconds.
  path: Assets/FishNet/Runtime/Plugins/GameKit/Dependencies/Utilities/Objects.cs
  artifactKey: Guid(4fa6d28a28dbf6b4295602abad3de328) Importer(2089858483,0ecaa5967403d082aa24f35e1b516d23)
Start importing Assets/FishNet/Runtime/Plugins/GameKit/Dependencies/Utilities/Objects.cs using Guid(4fa6d28a28dbf6b4295602abad3de328) Importer(2089858483,0ecaa5967403d082aa24f35e1b516d23) Generated GUIDs only implemented for interfaces!
 -> (artifact id: '89fd1d5ab94260fa8aec493618b48f7f') in 0.009793 seconds
Number of updated asset objects reloaded before import = 0
Number of asset objects unloaded after import = 1
========================================================================
Received Import Request.
  Time since last request: 0.000075 seconds.
  path: Assets/FishNet/Runtime/Plugins/GameKit/Dependencies/Utilities/Arrays.cs
  artifactKey: Guid(1b93eae9ff81b3e4b892128ca4b392ed) Importer(2089858483,0ecaa5967403d082aa24f35e1b516d23)
Start importing Assets/FishNet/Runtime/Plugins/GameKit/Dependencies/Utilities/Arrays.cs using Guid(1b93eae9ff81b3e4b892128ca4b392ed) Importer(2089858483,0ecaa5967403d082aa24f35e1b516d23) Generated GUIDs only implemented for interfaces!
 -> (artifact id: '4bc6852506ede5703e06487bd7428bee') in 0.010015 seconds
Number of updated asset objects reloaded before import = 0
Number of asset objects unloaded after import = 1
========================================================================
Received Import Request.
  Time since last request: 0.000011 seconds.
  path: Assets/FishNet/Runtime/Generated/Component/TickSmoothing/Editor/NetworkTickSmootherEditor.cs
  artifactKey: Guid(f51697e093480ab429a4a2f47f545f92) Importer(2089858483,0ecaa5967403d082aa24f35e1b516d23)
Start importing Assets/FishNet/Runtime/Generated/Component/TickSmoothing/Editor/NetworkTickSmootherEditor.cs using Guid(f51697e093480ab429a4a2f47f545f92) Importer(2089858483,0ecaa5967403d082aa24f35e1b516d23) Generated GUIDs only implemented for interfaces!
 -> (artifact id: '28283e7a1f5bd3cdc0bab2dcf07a62d2') in 0.009712 seconds
Number of updated asset objects reloaded before import = 0
Number of asset objects unloaded after import = 1
========================================================================
Received Import Request.
  Time since last request: 0.000011 seconds.
  path: Assets/FishNet/Demos/ColliderRollback/Models/Weapons/Materials/Gray4.mat
  artifactKey: Guid(36f616b823d57714b97b12b9319c9db9) Importer(2089858483,0ecaa5967403d082aa24f35e1b516d23)
Start importing Assets/FishNet/Demos/ColliderRollback/Models/Weapons/Materials/Gray4.mat using Guid(36f616b823d57714b97b12b9319c9db9) Importer(2089858483,0ecaa5967403d082aa24f35e1b516d23) Generated GUIDs only implemented for interfaces!
 -> (artifact id: '1f870f15fd379e054a44fe27148d8d7e') in 0.010187 seconds
Number of updated asset objects reloaded before import = 0
Number of asset objects unloaded after import = 1
========================================================================
Received Import Request.
  Time since last request: 0.000010 seconds.
  path: Assets/FishNet/Demos/ColliderRollback/Models/Weapons/Materials/Mesh1_Group2_Group1_ModelMat.mat
  artifactKey: Guid(15a077ea89f165e44938d08352278a6d) Importer(2089858483,0ecaa5967403d082aa24f35e1b516d23)
Start importing Assets/FishNet/Demos/ColliderRollback/Models/Weapons/Materials/Mesh1_Group2_Group1_ModelMat.mat using Guid(15a077ea89f165e44938d08352278a6d) Importer(2089858483,0ecaa5967403d082aa24f35e1b516d23) Generated GUIDs only implemented for interfaces!
 -> (artifact id: '86109e599dc99ce1dcc6413f6a973f12') in 0.010615 seconds
Number of updated asset objects reloaded before import = 0
Number of asset objects unloaded after import = 1
========================================================================
Received Import Request.
  Time since last request: 0.000013 seconds.
  path: Assets/FishNet/Runtime/Plugins/GameKit/Dependencies/Utilities/NewInput.cs
  artifactKey: Guid(ea6d91237dc169249b4a375e7e9eef00) Importer(2089858483,0ecaa5967403d082aa24f35e1b516d23)
Start importing Assets/FishNet/Runtime/Plugins/GameKit/Dependencies/Utilities/NewInput.cs using Guid(ea6d91237dc169249b4a375e7e9eef00) Importer(2089858483,0ecaa5967403d082aa24f35e1b516d23) Generated GUIDs only implemented for interfaces!
 -> (artifact id: 'd400d41a895fe0ade486640689610bdb') in 0.009255 seconds
Number of updated asset objects reloaded before import = 0
Number of asset objects unloaded after import = 1
========================================================================
Received Import Request.
  Time since last request: 0.000010 seconds.
  path: Assets/FishNet/Runtime/Plugins/GameKit/Dependencies/Utilities/Types/Canvases/ButtonData.cs
  artifactKey: Guid(1baacd2a6a8a0e94b897c6b7176c7000) Importer(2089858483,0ecaa5967403d082aa24f35e1b516d23)
Start importing Assets/FishNet/Runtime/Plugins/GameKit/Dependencies/Utilities/Types/Canvases/ButtonData.cs using Guid(1baacd2a6a8a0e94b897c6b7176c7000) Importer(2089858483,0ecaa5967403d082aa24f35e1b516d23) Generated GUIDs only implemented for interfaces!
 -> (artifact id: 'f04027e8643a63e7cc916041ca267c9f') in 0.010121 seconds
Number of updated asset objects reloaded before import = 0
Number of asset objects unloaded after import = 1
========================================================================
Received Import Request.
  Time since last request: 0.000125 seconds.
  path: Assets/FishNet/Runtime/Plugins/GameKit/Dependencies/Utilities/Types/ObjectPooling/CHANGELOG.txt
  artifactKey: Guid(f20abb868e2b92a4d979359d81d97aa0) Importer(2089858483,0ecaa5967403d082aa24f35e1b516d23)
Start importing Assets/FishNet/Runtime/Plugins/GameKit/Dependencies/Utilities/Types/ObjectPooling/CHANGELOG.txt using Guid(f20abb868e2b92a4d979359d81d97aa0) Importer(2089858483,0ecaa5967403d082aa24f35e1b516d23) Generated GUIDs only implemented for interfaces!
 -> (artifact id: 'e9c49811ea03c30783216ab329adf157') in 0.009263 seconds
Number of updated asset objects reloaded before import = 0
Number of asset objects unloaded after import = 1
========================================================================
Received Import Request.
  Time since last request: 0.000037 seconds.
  path: Assets/FishNet/Runtime/Plugins/GameKit/Dependencies/Utilities/LayoutGroups.cs
  artifactKey: Guid(e330113395c59ca4dba5de001e010f08) Importer(2089858483,0ecaa5967403d082aa24f35e1b516d23)
Start importing Assets/FishNet/Runtime/Plugins/GameKit/Dependencies/Utilities/LayoutGroups.cs using Guid(e330113395c59ca4dba5de001e010f08) Importer(2089858483,0ecaa5967403d082aa24f35e1b516d23) Generated GUIDs only implemented for interfaces!
 -> (artifact id: '7277ea7b1053f7b20db5c844a3464b99') in 0.009633 seconds
Number of updated asset objects reloaded before import = 0
Number of asset objects unloaded after import = 1
========================================================================
Received Import Request.
  Time since last request: 0.000010 seconds.
  path: Assets/FishNet/Runtime/Transporting/Transports/Tugboat/LiteNetLib/NetManager.Socket.cs
  artifactKey: Guid(9cc0423407df3e74a8e5a15dbbad2598) Importer(2089858483,0ecaa5967403d082aa24f35e1b516d23)
Start importing Assets/FishNet/Runtime/Transporting/Transports/Tugboat/LiteNetLib/NetManager.Socket.cs using Guid(9cc0423407df3e74a8e5a15dbbad2598) Importer(2089858483,0ecaa5967403d082aa24f35e1b516d23) Generated GUIDs only implemented for interfaces!
 -> (artifact id: '1a6ed1692db598633a065d67e5ca4956') in 0.009951 seconds
Number of updated asset objects reloaded before import = 0
Number of asset objects unloaded after import = 1
========================================================================
Received Import Request.
  Time since last request: 0.000010 seconds.
  path: Assets/FishNet/Demos/SceneManager/Additive Scenes/Scenes/AdditiveScenes_0/ReflectionProbe-0.exr
  artifactKey: Guid(8f9333d1d50759749b86feeaf8c086f3) Importer(2089858483,0ecaa5967403d082aa24f35e1b516d23)
Start importing Assets/FishNet/Demos/SceneManager/Additive Scenes/Scenes/AdditiveScenes_0/ReflectionProbe-0.exr using Guid(8f9333d1d50759749b86feeaf8c086f3) Importer(2089858483,0ecaa5967403d082aa24f35e1b516d23) Generated GUIDs only implemented for interfaces!
 -> (artifact id: '6a09db9ad7b9a21885b11b55a3e28703') in 0.028560 seconds
Number of updated asset objects reloaded before import = 0
Number of asset objects unloaded after import = 1
========================================================================
Received Import Request.
  Time since last request: 0.000012 seconds.
  path: Assets/FishNet/Runtime/Transporting/Transports/Tugboat/LiteNetLib/Utils/NetSerializer.cs
  artifactKey: Guid(503136cdfd845ea439d6eb1e7fcfa924) Importer(2089858483,0ecaa5967403d082aa24f35e1b516d23)
Start importing Assets/FishNet/Runtime/Transporting/Transports/Tugboat/LiteNetLib/Utils/NetSerializer.cs using Guid(503136cdfd845ea439d6eb1e7fcfa924) Importer(2089858483,0ecaa5967403d082aa24f35e1b516d23) Generated GUIDs only implemented for interfaces!
 -> (artifact id: 'bcdd5a727b5fd5ad0f4f01126613d905') in 0.010113 seconds
Number of updated asset objects reloaded before import = 0
Number of asset objects unloaded after import = 1
========================================================================
Received Import Request.
  Time since last request: 0.000011 seconds.
  path: Assets/FishNet/Runtime/Transporting/Transports/Tugboat/LiteNetLib/NetPeer.cs
  artifactKey: Guid(3e1a9277334c51545b92369c8e4c6d74) Importer(2089858483,0ecaa5967403d082aa24f35e1b516d23)
Start importing Assets/FishNet/Runtime/Transporting/Transports/Tugboat/LiteNetLib/NetPeer.cs using Guid(3e1a9277334c51545b92369c8e4c6d74) Importer(2089858483,0ecaa5967403d082aa24f35e1b516d23) Generated GUIDs only implemented for interfaces!
 -> (artifact id: 'a80af39e7ab2041850ba1ac6546017e6') in 0.009933 seconds
Number of updated asset objects reloaded before import = 0
Number of asset objects unloaded after import = 1
========================================================================
Received Prepare
Begin MonoManager ReloadAssembly
Symbol file LoadedFromMemory is not a mono symbol file
- Loaded All Assemblies, in  0.308 seconds
Refreshing native plugins compatible for Editor in 1.50 ms, found 4 plugins.
Native extension for WindowsStandalone target not found
Added or removed Fish-Networking defines within player settings.
UnityEngine.StackTraceUtility:ExtractStackTrace ()
UnityEngine.DebugLogHandler:LogFormat (UnityEngine.LogType,UnityEngine.Object,string,object[])
UnityEngine.Logger:Log (UnityEngine.LogType,object)
UnityEngine.Debug:Log (object)
FishNet.ScriptingDefines:AddDefineSymbols () (at Assets/FishNet/Runtime/Editor/ScriptingDefines.cs:89)
System.Reflection.RuntimeMethodInfo:Invoke (object,System.Reflection.BindingFlags,System.Reflection.Binder,object[],System.Globalization.CultureInfo)
System.Reflection.MethodBase:Invoke (object,object[])
UnityEditor.EditorAssemblies:ProcessInitializeOnLoadMethodAttributes ()

(Filename: Assets/FishNet/Runtime/Editor/ScriptingDefines.cs Line: 89)

[ScriptCompilation] NOT recompiling all scripts because this is an import worker process. Reason to compile was: Define symbols changed
Mono: successfully reloaded assembly
- Finished resetting the current domain, in  0.640 seconds
Domain Reload Profiling: 947ms
	BeginReloadAssembly (89ms)
		ExecutionOrderSort (0ms)
		DisableScriptedObjects (2ms)
		BackupInstance (0ms)
		ReleaseScriptingObjects (0ms)
		CreateAndSetChildDomain (22ms)
	RebuildCommonClasses (18ms)
	RebuildNativeTypeToScriptingClass (6ms)
	initialDomainReloadingComplete (15ms)
	LoadAllAssembliesAndSetupDomain (179ms)
		LoadAssemblies (158ms)
		RebuildTransferFunctionScriptingTraits (0ms)
		AnalyzeDomain (64ms)
			TypeCache.Refresh (50ms)
				TypeCache.ScanAssembly (44ms)
			ScanForSourceGeneratedMonoScriptInfo (10ms)
			ResolveRequiredComponents (3ms)
	FinalizeReload (640ms)
		ReleaseScriptCaches (0ms)
		RebuildScriptCaches (0ms)
		SetupLoadedEditorAssemblies (459ms)
			LogAssemblyErrors (0ms)
			InitializePlatformSupportModulesInManaged (4ms)
			SetLoadedEditorAssemblies (4ms)
			RefreshPlugins (0ms)
			BeforeProcessingInitializeOnLoad (72ms)
			ProcessInitializeOnLoadAttributes (363ms)
			ProcessInitializeOnLoadMethodAttributes (14ms)
			AfterProcessingInitializeOnLoad (3ms)
			EditorAssembliesLoaded (0ms)
		ExecutionOrderSort2 (0ms)
		AwakeInstancesAfterBackupRestoration (4ms)
Refreshing native plugins compatible for Editor in 1.97 ms, found 4 plugins.
Preloading 0 native plugins for Editor in 0.00 ms.
Unloading 4574 Unused Serialized files (Serialized files now loaded: 0)
Unloading 35 unused Assets / (95.6 KB). Loaded Objects now: 5050.
Memory consumption went from 157.2 MB to 157.1 MB.
Total: 1.998000 ms (FindLiveObjects: 0.152300 ms CreateObjectMapping: 0.051700 ms MarkObjects: 1.710400 ms  DeleteObjects: 0.082900 ms)

Prepare: number of updated asset objects reloaded= 0
AssetImportParameters requested are different than current active one (requested -> active):
  custom:scripting/monoscript/fileName/RandomColor.cs: 0b89e3e723283a5f6705fca7038b2803 -> 
  custom:scripting/monoscript/fileName/Common.cs: bfb8991f9ad0e963b40eab64e9b7e16f -> 
  custom:scripting/monoscript/fileName/MatchmakerManagedReleaseCreate.cs: 39dc2122a0baf3e3640af7d1490867ba -> 
  custom:scripting/monoscript/fileName/Welcome.cs: 4b8b7df294b9206fdadb5a3fc3d6d796 -> 
  custom:scripting/monoscript/fileName/TeamInterestManagement.cs: 3e564906330499cc4bc75158d62f46b8 -> 
  custom:scripting/monoscript/fileName/RoomGUI.cs: 05671ca1a3114e817efae3a7ca932547 -> 
  custom:scripting/monoscript/fileName/ContainerLogStorageModel.cs: ef688cf7bb291e505371725632977809 -> 
  custom:scripting/monoscript/fileName/SelectorEnvModel.cs: 15b096aabc9bd533b9a23dbb1c1fc743 -> 
  custom:scripting/monoscript/fileName/EdgegapKcpClient.cs: a040a226d22bd0aa095a836d87c3761c -> 
  custom:scripting/monoscript/fileName/CreateAppRequest.cs: 79e0543c5737feff453795dc7cdbe8d3 -> 
  custom:scripting/monoscript/fileName/PackageJSON.cs: 13ea43b773a7f28b0d17c8dcc1d5c257 -> 
  custom:scripting/monoscript/fileName/KcpConfig.cs: 637176e4e6dbcf4b36b6e2e5ae6cde06 -> 
  custom:scripting/monoscript/fileName/EdgegapKcpTransport.cs: 598c13ce4e78d9d395f8f6c369824fea -> 
  custom:scripting/monoscript/fileName/SendLoop.cs: 34a0ccd641c171efe86c4f832dd313a6 -> 
  custom:scripting/monoscript/fileName/InspectorHelper.cs: a08e2d388c081db5539fcb0270187583 -> 
  custom:scripting/monoscript/fileName/Spawner.cs: d801c78555e70af2501aab8e7a0bde7d -> 
  custom:scripting/monoscript/fileName/AppVersionEnv.cs: 895ae7171730855e933073c47dc195f3 -> 
  custom:scripting/monoscript/fileName/InterestManagement.cs: f67b0414c795ab12137baeb7c25234eb -> 
  custom:scripting/monoscript/fileName/Monitor.cs: 3ae4cbc86f1e233dab80b02b9072cc27 -> 
  custom:scripting/monoscript/fileName/NetworkPingDisplay.cs: d88700a7882315054c11dec319e9708d -> 
  custom:scripting/monoscript/fileName/EditorHelper.cs: ce75823ca3a92d9cd242cadb5d137131 -> 
  custom:scripting/monoscript/fileName/PortTransport.cs: d36f3e8cb68feffa711dd6f74bceb7d6 -> 
  custom:scripting/monoscript/fileName/LobbyServiceCreateDialogue.cs: 69d2fad657b85dafb6346f3c650cd801 -> 
  custom:scripting/monoscript/fileName/CommandProcessor.cs: cf8d88d0eec6c654fe6ce65f8d34c531 -> 
  custom:scripting/monoscript/fileName/MagnificentReceivePipe.cs: d8c4567546bded77b87b853e9dcbceec -> 
  custom:scripting/monoscript/fileName/Mathd.cs: f48c4577d3fef7b065bb0e36e726df2a -> 
  custom:scripting/monoscript/fileName/SnapshotInterpolationSettings.cs: 6f6b170180734181b73b6a783a346290 -> 
  custom:scripting/monoscript/fileName/MatchmakerReleaseCreateBase.cs: 7fab862ee7a9bc99c6f772a2704b6fd9 -> 
  custom:scripting/monoscript/fileName/CanvasTopDown.cs: aa17e36b256360dd3e5bcfe8b736442f -> 
  custom:scripting/monoscript/fileName/Segment.cs: 523834bee4918f6127e4c73e45a87bfd -> 
  custom:container-demuxer-ogg: 62fdf1f143b41e24485cea50d1cbac27 -> 
  custom:scripting/monoscript/fileName/NetworkRigidbodyUnreliable2D.cs: 78ffddda67796580501a8f356f2ed975 -> 
  custom:scripting/monoscript/fileName/GetAppVersionsResult.cs: 670efff82629a86759e1f1a00de9aaf5 -> 
  custom:scripting/monoscript/fileName/NetworkManagerEnhanced.cs: 92997f07fc557ca2f9bbc29e3086ad87 -> 
  custom:scripting/monoscript/fileName/ThreadedEncryptionKcpTransport.cs: 7038b07c3c111fe692752839ad58061c -> 
  custom:scripting/monoscript/fileName/NetworkManagerCharacterSelection.cs: c1621722f786865de87a13af4a824868 -> 
  custom:scripting/monoscript/fileName/AppPortsData.cs: 865530a8d9026025a28ef1624c194ff2 -> 
  custom:scripting/monoscript/fileName/Reward.cs: fbea0cb54b0cfc20797c169c4c274a81 -> 
  custom:scripting/monoscript/fileName/NetworkStartPosition.cs: 451d2155fcf1cb3e487d3a2cd77cfa7b -> 
  custom:scripting/monoscript/fileName/TankProjectile.cs: e21dd90f70311950fd4d73cd9cf654d3 -> 
  custom:scripting/monoscript/fileName/CameraViewForAll.cs: 4ca5df7c6fe56b43e33690e944d82737 -> 
  custom:scripting/monoscript/fileName/ServerCube.cs: 24c02b332c3b0c6e8c32506185d4857b -> 
  custom:scripting/monoscript/fileName/NetworkTime.cs: 9d83c798a36caa194d6994f8c0a379bf -> 
  custom:scripting/monoscript/fileName/TargetRpcProcessor.cs: b228fcd6bd4942852019c5788ff54b8f -> 
  custom:scripting/monoscript/fileName/ConcurrentPool.cs: 90647cc400823b41df847a6cbfc29026 -> 
  custom:scripting/monoscript/fileName/LegacyServer.cs: 097ba9563a1299d257ea7c4cb5dd0c51 -> 
  custom:scripting/monoscript/fileName/NetworkStreamExtensions.cs: 18bfc7ab40b8c8f3566aab83c17bf631 -> 
  custom:scripting/monoscript/fileName/RedBallPredicted.cs: 365c7e6aa3799020753ca4bb83808e20 -> 
  custom:scripting/monoscript/fileName/CustomBulkSessionsModel.cs: d41e00163352ab173d0a51e9c3d62463 -> 
  custom:scripting/monoscript/fileName/RigidbodyState.cs: 83e50eeaf533febf07e5d840be6bdecb -> 4f58e631103528c0a4fbdc0b3683f4f1
  custom:scripting/monoscript/fileName/PreprocessorDefine.cs: c55fe36cd7ecc9f6726bee231196c695 -> 
  custom:scripting/monoscript/fileName/Resolvers.cs: 52d283b295f28d3fd9d9cd593ba39bd9 -> 
  custom:scripting/monoscript/fileName/EdgegapBuildUtils.cs: 660ac48531ce5dfd7c449b4ae8a8a2c0 -> 
  custom:scripting/monoscript/fileName/Monster.cs: 4e67c494010067ec0f329c353a8d6e6d -> 
  custom:scripting/monoscript/fileName/MethodProcessor.cs: b3b5286f99ee5c7a52eb7b53e00db476 -> 
  custom:scripting/monoscript/fileName/TankControllerBase.cs: 0c58ace8ac9597e4f9d905cf99efc0f2 -> 
  custom:scripting/monoscript/fileName/Respawn.cs: b034343be0d4788cda3f8bc89edb94bc -> 
  custom:scripting/monoscript/fileName/SyncObjectInitializer.cs: 636fa746abcef56a0c17f8ba15cd912c -> 
  custom:scripting/monoscript/fileName/BasicAuthenticator.cs: 72b6eaaea689f2c99092fce96d497db6 -> 
  custom:video-codec-MediaFoundation-h265: 746d11721c4dcdbdad8f713fa42b33f4 -> 
  custom:scripting/monoscript/fileName/Grid3D.cs: 90647cc400823b41df847a6cbfc29026 -> 
  custom:scripting/monoscript/fileName/NetworkWriterPool.cs: d8c741f05c2413a02eca375fae9455cc -> 
  custom:scripting/monoscript/fileName/LobbyCreateRequest.cs: e4bbfa3d6eb06516f3bf74c93621b3dc -> 
  custom:scripting/monoscript/fileName/PlayerControllerRBReliable.cs: a9d9a0badef78c676e519501fce6321f -> 
  custom:scripting/monoscript/fileName/CharacterData.cs: 29f9c2862b8cd0ec64e45d321d21dd9d -> 
  custom:scripting/monoscript/fileName/Deployments.cs: 21638e9c5c34340e27758d617ed4bd02 -> 
  custom:scripting/monoscript/fileName/GetDeploymentResult.cs: 2ae24fa6aeb58ce08f89096662f098ea -> 
  custom:scripting/monoscript/fileName/Helpers.cs: 4d78c7208a346cea297273a446bd8ed6 -> 
  custom:scripting/monoscript/fileName/SyncVarAttributeAccessReplacer.cs: 84ffb53d82690414c4c5df6c6ba3d0eb -> 
  custom:scripting/monoscript/fileName/SessionModel.cs: 6db463f20f2eb140d70c658d7854dd56 -> 
  custom:scripting/monoscript/fileName/ThreadFunctions.cs: 3e2ab54d5204420d4f7c019ac262d4cc -> 
  custom:scripting/monoscript/fileName/MessageProcessor.cs: f59a40b3f0ad799bf912a1f89abcc900 -> 
  custom:scripting/monoscript/fileName/HexSpatialHash2DInterestManagement.cs: c8a16e99a74671ee60a37f72223ac75e -> 
  custom:video-decoder-ogg-theora: a1e56fd34408186e4bbccfd4996cb3dc -> 
  custom:scripting/monoscript/fileName/SceneInterestManagement.cs: 46b8a46feba76688f94149178885cf3b -> 
  custom:scripting/monoscript/fileName/AppVersionWhitelistEntrySuccess.cs: e19c590552c150b135fc4cd5320c5af6 -> 
  custom:scripting/monoscript/fileName/RespawnPortal.cs: 562917489959429a51f67ed47c48a3d7 -> 
  custom:scripting/monoscript/fileName/CouchPlayerManager.cs: 76f86b67480a2e4421c55e1a2e2803cc -> 
  custom:scripting/monoscript/fileName/Kcp.cs: c5c1df66bf9449ca56663d1ef637cdfa -> 
  custom:scripting/monoscript/fileName/KcpClient.cs: edc522201a5fbce6365370d65ae46d36 -> 
  custom:scripting/monoscript/fileName/StopActiveDeploymentResult.cs: e14071036a387e08ee24414367ecd9fb -> 
  custom:scripting/monoscript/fileName/NetworkBehaviourSyncVar.cs: 03489519289f1039a64789324777a09b -> 
  custom:scripting/monoscript/fileName/WanderMoveBehaviour.cs: b040e6996fce0e7dc18a3e4e697068fa -> 
  custom:scripting/monoscript/fileName/SyncVarAttributeProcessor.cs: 8c9b909d5c0c5f08bea91b98d33fb522 -> 
  custom:scripting/monoscript/fileName/LagCompensator.cs: 9bc4563369c5cddb0592834729f9e355 -> 
  custom:scripting/monoscript/fileName/Sessions.cs: b5b6b53461d001afc0667970a31a22a2 -> 
  custom:scripting/monoscript/fileName/NetworkRoomManagerExt.cs: 00cb91758b1d00b7b22baf839da15ceb -> 
  custom:scripting/monoscript/fileName/MatchmakerResponse.cs: 07132fafcc053e2fc11a7aea33ceee19 -> 
  custom:scripting/monoscript/fileName/NetworkInformationPreview.cs: c29a186e7c2891adb1f08bedde63d1f2 -> 
  custom:scripting/monoscript/fileName/StaticSites.cs: 057d124a2388ba13d74455455136c4da -> 
  custom:scripting/monoscript/fileName/PlayerUI.cs: 7850432c39377211f2463971e00497dd -> 
  custom:scripting/monoscript/fileName/NetworkReaderPooled.cs: facf384330246ef45e95d0adf230fd7e -> 
  custom:scripting/monoscript/fileName/PlayerScore.cs: 3b4ec368594feb3ac61157fdc122df19 -> 
  custom:framework-win-MediaFoundation: 216162199b28c13a410421893ffa2e32 -> 
  custom:scripting/monoscript/fileName/EncryptionTransportInspector.cs: 923debebcbd547a819069eeadca8da0c -> 
  custom:scripting/monoscript/fileName/NetworkTransformReliable.cs: 8cd5df951a92da08e18ef2d32edad931 -> 
  custom:scripting/monoscript/fileName/SineMoveYBehaviour.cs: 2d8408a927c95696cbee66651a623a61 -> 
  custom:scripting/monoscript/fileName/NetworkTransformHybrid.cs: 5a8a4fa43edaa4becbc551f38d6aec19 -> 
  custom:scripting/monoscript/fileName/ThreadedTransport.cs: 690009beaed882a5def167c8ebf14777 -> 
  custom:scripting/monoscript/fileName/EncryptedConnection.cs: f3b03d464281f7b21a577f6ba3adbe69 -> 
  custom:scripting/monoscript/fileName/CharacterSelection.cs: 934b6621723cd66f12257ad9e5e75fef -> 
  custom:scripting/monoscript/fileName/UpdateAppVersionRequest.cs: 442981a3ed40b25e238d24bafa6f25b7 -> 
  custom:scripting/monoscript/fileName/EncryptionCredentials.cs: 9bb26254937bf60e3d9ce4384bc35c74 -> 
  custom:scripting/monoscript/fileName/UILobbyEntry.cs: 7c0a3ffe4daf90768a8a79fdd64dcf52 -> 
  custom:scripting/monoscript/fileName/NetworkDiscoveryHUD.cs: 4951c6940d22e25be40cfc27e21e75ca -> 
  custom:scripting/monoscript/fileName/ExponentialMovingAverage.cs: bfa0c22ded5508869540ffe5286eca6b -> 
  custom:scripting/monoscript/fileName/ApiModelContainercrashdata.cs: 72bf5938995e1e33f9cbb55f8f1ed62f -> 
  custom:scripting/monoscript/fileName/MatchmakerReleaseResponse.cs: 58f4cdf5a54113e7a68351d4ffc467c7 -> 
  custom:scripting/monoscript/fileName/DistanceInterestManagement.cs: 9c86db444681142c0cedf5a036cc4de0 -> 
  custom:scripting/monoscript/fileName/MatchmakerManagedReleaseUpdate.cs: 19992abab53c689ce37465c95c47eda5 -> 
  custom:scripting/monoscript/fileName/NetworkManagerPredictionBenchmark.cs: 5007194306c3394c6e5732948e9399ef -> 
  custom:scripting/monoscript/fileName/Snapshot3D.cs: 6c5ca6f59adf2bb4f73521dfd40f5fe6 -> 
  custom:scripting/monoscript/fileName/CanvasScript.cs: 444e35a984cf9b5342fe82a6818a2741 -> 
  custom:scripting/monoscript/fileName/NetworkTransformUnreliable.cs: 79622d369dbb2cf4f6c573028c1d8207 -> 
  custom:scripting/monoscript/fileName/MatchmakerComponentEnvsUpdate.cs: ad2dc563c0eddee3a51d898733ade4b1 -> 
  custom:scripting/monoscript/fileName/MagnificentSendPipe.cs: 541efe540205b1d21f495c9ab013d432 -> 
  custom:scripting/monoscript/fileName/SyncSet.cs: 5e2ab9cfe81e04de31d18dbafae66b8c -> 
  custom:scripting/monoscript/fileName/MatchmakerComponentEnvsCreate.cs: 821fc9df062d6d45cbbf96a34e28937e -> 
  custom:scripting/monoscript/fileName/DeployPostData.cs: 302461f5eb4a273b68a7411a78281ba3 -> 
  custom:scripting/monoscript/fileName/EquippedBall.cs: bc50504afd6d77b6110d3bbcb02183ed -> 
  custom:scripting/monoscript/fileName/ILPostProcessorFromFile.cs: 2434e5e9b42f59e18fdbab17457ce4bb -> 
  custom:scripting/monoscript/fileName/SslConfigLoader.cs: c9c940bc48b8a525a62086b696aa6757 -> 
  custom:scripting/monoscript/fileName/FlyerControllerReliable.cs: 15e247ecf22f45962e7b4efee4fbb235 -> 
  custom:scripting/monoscript/fileName/SpatialHashingInterestManagement.cs: fab772ba1112516846d2086569b3453e -> 
  custom:scripting/monoscript/fileName/TankControllerHybrid.cs: ad3a6ba18bf3931fdf71eae9b7ac9597 -> 
  custom:scripting/monoscript/fileName/SinRandomMoveWrapper.cs: f96d4a9fdfb24a6eb4033f935454ed5b -> 
  custom:scripting/monoscript/fileName/ChatNetworkManager.cs: 196d4d7eaffaac8ad760eea73a99ba59 -> 
  custom:scripting/monoscript/fileName/CreateDeploymentRequest.cs: b0e03bf2ab9b3043379f56a6f704a9fb -> 
  custom:scripting/monoscript/fileName/PlayerCamera.cs: b609ab14532df949bbe3dddb6dfab110 -> 7811e275e197e9d1f5ca1c3e9245671d
  custom:scripting/monoscript/fileName/ApiModelContainerlogs.cs: 13a1f8cd34b3b0193313b7cc2e6dce9a -> 
  custom:scripting/monoscript/fileName/DeviceAuthenticator.cs: d8a6d37d065981403181bba713ea8d8a -> 
  custom:scripting/monoscript/fileName/Batcher.cs: ef5a5e029138b0fbe098128d3c4a409e -> 
  custom:scripting/monoscript/fileName/AppVersions.cs: 6c3578737f3e7b035ad3e44a27d440cf -> 
  custom:scripting/monoscript/fileName/NetworkTransformBase.cs: 453f199a4a92b0f5ad4a977d910a8d71 -> 
  custom:scripting/monoscript/fileName/Status.cs: d6acfde81ba0bdbf55ad365f7eb5c31c -> 
  custom:scripting/monoscript/fileName/SceneReferencer.cs: 086e3ead9db5b057a7b191f3686c03ce -> 
  custom:scripting/monoscript/fileName/GetDeploymentsResult.cs: 767d6f1d52e4fd711a56e3541a57f0f2 -> 
  custom:scripting/monoscript/fileName/CustomSessionDeleteModel.cs: d3c4fa8d63298378e7683178ce40b3d4 -> 
  custom:scripting/monoscript/fileName/Application.cs: 30703a4c75dd6e3144e60d7b6d44722a -> 
  custom:scripting/monoscript/fileName/Utils.cs: ae9ae0ca2f7a5598020058df190ccaad -> 40c528c300bfc0733192292a788cb076
  custom:scripting/monoscript/fileName/NetworkManagerEditor.cs: 0db7c6005f77e5fbdd68625f94758c0e -> 25a0ea2918dddd1c2bb5b1249a547847
  custom:scripting/monoscript/fileName/KcpHeader.cs: aeb6b23c37609cbba4b16cf96598cd1c -> 
  custom:scripting/monoscript/fileName/PhysicsSimulator.cs: ff31d4d79078ab2ba67c554f17df00b4 -> 
  custom:scripting/monoscript/fileName/Ball.cs: f858eb7997b33e523ee73419630c05ad -> 
  custom:scripting/monoscript/fileName/Vector4Long.cs: 60ae619fa2491bba386f4a711157266d -> 
  custom:scripting/monoscript/fileName/MatchmakerComponentCreate.cs: c0187a067915fb8f6ae9635fac06fa36 -> 
  custom:scripting/monoscript/fileName/NetworkBandwidthGraph.cs: 0e8d35dbbfe3f18167ea1aa1c0cdf647 -> 
  custom:scripting/monoscript/fileName/MatchmakerReleaseCreate.cs: 5301b8d546c1927fbea94bf3c13a04f9 -> 
  custom:scripting/monoscript/fileName/WanderMoveWrapper.cs: 5b9e3788dd87a7b0aea7ceac827d9949 -> 
  custom:scripting/monoscript/fileName/MatchmakerReleaseConfigCreate.cs: 4999237c57c8461feed1767f85b05405 -> 
  custom:scripting/monoscript/fileName/GetDeploymentStatusResult.cs: 86c8ac6232bf201f1b0fdca8038f5b5d -> 
  custom:scripting/monoscript/fileName/StaticVariables.cs: abdaa1e8a91061b2e42dbd356cddbe6f -> 
  custom:scripting/monoscript/fileName/TankControllerUnreliable.cs: f93141004f2757c389f94dcfafd85453 -> 
  custom:scripting/monoscript/fileName/AutoForce.cs: b7fb6134288e85b83964c6fde671ff91 -> 
  custom:scripting/monoscript/fileName/NetworkMatch.cs: 1b23f9235576af87335045c0ec507ed8 -> 
  custom:scripting/monoscript/fileName/TransformSnapshot.cs: 3110347c1e59ddd5df874c5f8e470528 -> 
  custom:scripting/monoscript/fileName/NetworkTeam.cs: 4bd0ca42d7f5b54ac80470b49533e0a2 -> 
  custom:CustomObjectIndexerAttribute: 6d391050e5a25f67b0a2c618074f2cd9 -> 
  custom:scripting/monoscript/fileName/MatchmakerReleaseConfigUpdate.cs: e2a411edc3dde46a3bb9aa216708f8a3 -> 
  custom:scripting/monoscript/fileName/DeltaCompression.cs: 8b16983196a2b04258aa8ed14d74a1c6 -> 
  custom:scripting/monoscript/fileName/EdgegapIpApi.cs: 514f522a7ae54d574c7a182a6052862f -> 
  custom:scripting/monoscript/fileName/ThreadedKcpTransport.cs: 1e3bf33663ffd71d0ab8f55205a38352 -> 
  custom:scripting/monoscript/fileName/SyncObjectCollectionsDrawer.cs: 8efc81fb005e5b662b234dd8a93188e6 -> 
  custom:scripting/monoscript/fileName/NetworkDiscoveryBase.cs: 90647cc400823b41df847a6cbfc29026 -> 
  custom:scripting/monoscript/fileName/CanvasNetworkManagerHUD.cs: ce0718656c0608880745b622ffbfe293 -> 
  custom:scripting/monoscript/fileName/NetworkScenePostProcess.cs: 85931c99410b2f7893210b493b8c367d -> 
  custom:scripting/monoscript/fileName/GUIGame.cs: 85817403f269e520326ec3c53ebd796d -> 
  custom:scripting/monoscript/fileName/HistoryCollider.cs: 5f6c6f60556067d923524a32437b9858 -> 
  custom:scripting/monoscript/fileName/ServerResponse.cs: 400adf587ca921842cea87732d728e65 -> 
  custom:scripting/monoscript/fileName/NetworkBehaviourProcessor.cs: ce641d5a2c8d5033723a2047cdbc8fd7 -> 3033fc906b9e7c4456c09ecfb0559305
  custom:scripting/monoscript/fileName/AdditiveLevelsNetworkManager.cs: 81c5e48d23caf689c8cf889185de3c7d -> 
  custom:scripting/monoscript/fileName/ButtonShaker.cs: d510423b975ab2354a5f5c96308c2a50 -> 
  custom:scripting/monoscript/fileName/ServerRequest.cs: 6e22b42c717b6a45bd24b67b9a093733 -> 
  custom:scripting/monoscript/fileName/TankTurretHybrid.cs: c2e8eaba800c6a7ec25381756f54784b -> 
  custom:scripting/monoscript/fileName/SessionRequest.cs: 76097b9f661f8c73dc5186606f3e4b1a -> 
  custom:scripting/monoscript/fileName/AppCreation.cs: 78aec0fa4ff76cc32c21577c58e38f79 -> 
  custom:scripting/monoscript/fileName/RemoteStatistics.cs: 9f3c769371743f41513cd07394e28f57 -> 
  custom:scripting/monoscript/fileName/AppVersionPort.cs: eb5cbf850e45a6d76dda085516bfd4dc -> 
  custom:scripting/monoscript/fileName/TankTurretReliable.cs: dadf0894e59a8d9467d74d7e48f5e491 -> 
  custom:scripting/monoscript/fileName/Projectile.cs: 7bcf47d89e2170b552c12495d22f3071 -> f5aa1458f69fd92888bf32fa87653091
  custom:scripting/monoscript/fileName/SteamLobby.cs: 161cc8d5cbf6bceb7c014ef91a7bebba -> 
  custom:scripting/monoscript/fileName/NetworkRuntimeProfiler.cs: d99b60ed49153fe22f52a50dd773e944 -> 
  custom:container-demuxer-webm: 4f35f7cbe854078d1ac9338744f61a02 -> 
  custom:scripting/monoscript/fileName/PlayerControllerReliable.cs: 5f8224d144a236753407efa081f0f102 -> 
  custom:scripting/monoscript/fileName/AppVersion.cs: 40ff2e897c96d1c129139f0b849d9718 -> 
  custom:scripting/monoscript/fileName/ControllerUIBase.cs: 1c8b9db741c6d1a7e0cf68ca676ce2f1 -> 
  custom:scripting/monoscript/fileName/GetCreateAppResult.cs: 2665004311b43ae94fa5fafd12231d4d -> 
  custom:scripting/monoscript/fileName/SyncVarAccessLists.cs: 6d87ac2ea35db000d42a3b7a14533651 -> 
  custom:scripting/monoscript/fileName/SnapshotInterpolation.cs: 99cbf038115a1678406cac06de9f1b7f -> 
  custom:scripting/monoscript/fileName/MatchmakerComponentUpdate.cs: a0a7be9f888c79d329e497861c209c99 -> 
  custom:scripting/monoscript/fileName/Paginator.cs: e142e134fade6ea1894e508f9f66acd4 -> 
  custom:scripting/monoscript/fileName/SceneDistanceInterestManagement.cs: 54a07e6f022c21caeaeeb60165165a42 -> 
  custom:scripting/monoscript/fileName/AppVersionProbe.cs: 23bb13858785ab436018f13349d66375 -> 
  custom:scripting/monoscript/fileName/Hex3DNetworkManager.cs: a740cd63d95e4eb8dfb267e0a4b650fd -> 
  custom:scripting/monoscript/fileName/RandomForce.cs: fefdc3c7d4c332958eecbb841ae7d313 -> 
  custom:scripting/monoscript/fileName/BenchmarkIdleNetworkManager.cs: 18883cd823ede2cdd724daff300842d3 -> 
  custom:scripting/monoscript/fileName/Locations.cs: 8e8046bb0004a483f5f9209a1b60562e -> 
  custom:scripting/monoscript/fileName/PickupsDropsChilds.cs: edbc8c6159ffe7b1bdc2820aef549c03 -> 
  custom:scripting/monoscript/fileName/LocalConnectionToClient.cs: f8e089d8371f882600882da0abad3d70 -> 
  custom:scripting/monoscript/fileName/ScriptAnimations.cs: 05ad5ee3c9bfea0d0bc238feb41207dd -> 
  custom:scripting/monoscript/fileName/IEquipped.cs: 0627c77ac459876a4f5a49ef7a0758ec -> 
  custom:scripting/monoscript/fileName/Grid2D.cs: 90647cc400823b41df847a6cbfc29026 -> 
  custom:scripting/monoscript/fileName/Compression.cs: 04a6fd9bcaaaac6db5e48318892321fa -> 
  custom:scripting/monoscript/fileName/RpcProcessor.cs: 01371493222553adcfb1e29e2af69074 -> 72306368767c87037d7fc7db12dbd180
  custom:scripting/monoscript/fileName/Location.cs: 2b8cfea35fec84d41a42eeb062dc27fa -> 
  custom:scripting/monoscript/fileName/SessionUserContext.cs: c56c57e419a38d2b8f057f2f798dee5f -> 
  custom:scripting/monoscript/fileName/Transport.cs: 21796ea8b80b9511819b97e32123329e -> acfacb8a8bff93131e0edd8e616c0dbc
  custom:scripting/monoscript/fileName/RandomVector3.cs: cb937ea9e5771caf7e525fe15a48c176 -> 
  custom:scripting/monoscript/fileName/LobbyUpdateRequest.cs: bab7bfc40f5b3e7121bf237ab3cb635d -> 
  custom:scripting/monoscript/fileName/FpsMinMaxAvgGraph.cs: fb4750f01a2a0410d129f87a449e03e2 -> 
  custom:scripting/monoscript/fileName/CustomPopupContent.cs: 1e568b97a655fbea24c304404ac54251 -> 
  custom:scripting/monoscript/fileName/BehaviourConfig.cs: 67f5f8a53e2a1676e246006f1fd526ca -> 
  custom:scripting/monoscript/fileName/EdgegapServerDataManager.cs: c2cea262bf85d2a8cbd76c0d405b2ca8 -> 
  custom:scripting/monoscript/fileName/ApplicationPost.cs: 3189f6ae29a0a345c17e2bbe475719ea -> 
  custom:scripting/monoscript/fileName/StaticSitesList.cs: 3423c5c9815f01eb09af0b797d872530 -> 
  custom:scripting/monoscript/fileName/TankHealth.cs: 4275d1fc16d5b4422db271b890885852 -> 
  custom:scripting/monoscript/fileName/DistanceInterestManagementCustomRange.cs: 866d064fdba13ce7fc82fc274a0e11fc -> 
  custom:scripting/monoscript/fileName/Request.cs: e8adeb6fbf46f9a03326cb699c357e3d -> 
  custom:scripting/monoscript/fileName/AddForce.cs: 11e50d319aba0b95455e4432d2f7dccf -> 
  custom:scripting/monoscript/fileName/PredictedSyncData.cs: 2751d7b847cb8f6f62a49e8943ca6669 -> 
  custom:scripting/monoscript/fileName/TankControllerUI.cs: 734550cc5ac6ba60ac60a4b31decce56 -> 
  custom:scripting/monoscript/fileName/Applications.cs: 2a163ed0454ad59289cc59f778b53f68 -> 
  custom:scripting/monoscript/fileName/MatchMessages.cs: 6a1f7a435eb69897241128d3c8c16404 -> 
  custom:scripting/monoscript/fileName/DeploymentPortsData.cs: 9c446abdf29e6e75b2d8e98ffc5a1776 -> 
  custom:scripting/monoscript/fileName/ThreadLog.cs: 084143ca234a5ef8e919fc420708d1f6 -> 
  custom:scripting/monoscript/fileName/Client.cs: ec065e9c1925c8bf5ad84021ad5fc672 -> 
  custom:scripting/monoscript/fileName/DeploymentLocation.cs: d4cbfdea6177ff39cfcdee0681ba153c -> 
  custom:scripting/monoscript/fileName/KcpServer.cs: 41175495b882a63e1b29233456a08ab3 -> 
  custom:scripting/monoscript/fileName/NetworkRoomPlayerExt.cs: a1a128b1238559670469ff7f67a966d5 -> 
  custom:scripting/monoscript/fileName/WorkerThread.cs: eb1db3592437ee3e35e25c002e0af24c -> 
  custom:scripting/monoscript/fileName/RigidbodyBenchmarkNetworkManager.cs: 86229c5c830bd84ca01fc619b43864bb -> 
  custom:scripting/monoscript/fileName/Hex2DPlayer.cs: db191692d443cf35eac7a67a6e518e50 -> 
  custom:scripting/monoscript/fileName/Deployment.cs: e518b20ddbcb5b5e3127763e172a5cf0 -> 
  custom:scripting/monoscript/fileName/EdgegapDeploymentsApi.cs: a00e02d233c74d75400c20aae0b344d1 -> 
  custom:scripting/monoscript/fileName/LobbyApi.cs: a81d4bb79add183ad4736335d9ac68fe -> 
  custom:scripting/monoscript/fileName/WeaverTypes.cs: b755d2f1ac8fd923fbe3c893e0893dd2 -> 
  custom:scripting/monoscript/fileName/NetworkMessage.cs: 727405398065ce5b8c2a2968b08c8b08 -> 
  custom:scripting/monoscript/fileName/MatchInterestManagement.cs: 931853a4db5a96009203b13c1aef09f7 -> 
  custom:scripting/monoscript/fileName/ILPostProcessorHook.cs: a9ca15b96b19d8f55ab4a1e762792ee0 -> 
  custom:scripting/monoscript/fileName/NetworkWriter.cs: eb4bbd0cce33483ccaf8f9f3080b5ec0 -> 
  custom:scripting/monoscript/fileName/WeaverExceptions.cs: 90f25b13694d8a0fe3f14ad1bf8415c1 -> 
  custom:scripting/monoscript/fileName/NetworkIdentity.cs: 34f8cff89a1641927fcb1673b6ff0dce -> 
  custom:scripting/monoscript/fileName/SessionGet.cs: 901500217406498f7f1f1f95c01689b2 -> 
  custom:scripting/monoscript/fileName/BidirectionalDictionary.cs: 8f6297df34271fdb1ce2d9607ec6261d -> 90647cc400823b41df847a6cbfc29026
  custom:scripting/monoscript/fileName/DeployEnvModel.cs: 0451ae8175be164f83bb570e0100acad -> 
  custom:scripting/monoscript/fileName/Connection.cs: 855fb220d4d2d17a947ca2c04f938b8c -> 
  custom:scripting/monoscript/fileName/AppVersionUpdatePatchData.cs: 6d61c6708264621612e3d53149a5cc54 -> 
  custom:scripting/monoscript/fileName/MatchmakerComponentListResponse.cs: debb0cdde1b6cc5b5723f66e53e4968d -> 
  custom:scripting/monoscript/fileName/TimeoutAuthenticator.cs: 3705a9158aadf832987384c389fed1fa -> 
  custom:scripting/monoscript/fileName/MatchmakerListResponse.cs: b3d51ed12151872dff68e5f89db6677d -> 
  custom:scripting/monoscript/fileName/PhysicsCollision.cs: b29da1f804d05e41e2e27cd9945ac558 -> 
  custom:scripting/monoscript/fileName/Npc.cs: 1022a79f258ebb8d6f767f66493abe76 -> 
  custom:scripting/monoscript/fileName/Vector3Long.cs: 04080956ac90f0c29bbcf1128dcb92a3 -> 
  custom:scripting/monoscript/fileName/CustomSessionModel.cs: 0c45317b461f42e5069d988691598b37 -> 
  custom:scripting/monoscript/fileName/MatchmakerComponentEnvListResponse.cs: 4f3742e667d8bc48e3be8f68afe96add -> 
  custom:scripting/monoscript/fileName/Tank.cs: 4065398839c367553f40909d4d3de7b9 -> 
  custom:scripting/monoscript/fileName/ApplicationPatch.cs: 31b32a60744dd501c52502ba615fca5f -> 
  custom:scripting/monoscript/fileName/PlayerTopDown.cs: 0cbc60a85f52ed9762138ad268df4953 -> 
  custom:container-muxer-webm: aa71ff27fc2769a1b78a27578f13a17b -> 
  custom:scripting/monoscript/fileName/Extensions.cs: 3e842ecd1fd4f6dcc71289eaca645e1c -> 
  custom:scripting/monoscript/fileName/SyncDictionary.cs: 34c6ff9cf0aa0d720e612550af5c5d26 -> 849ed7f5b11c9db237ef61b01c5a5104
  custom:scripting/monoscript/fileName/ServerHandshake.cs: dd3ed7dec339133f9bc717972645e0e0 -> 
  custom:scripting/monoscript/fileName/MatchmakerComponentResponse.cs: 9744ac5d8f087c298f5997a8231449d7 -> 
  custom:scripting/monoscript/fileName/SimpleWebServer.cs: 85119f03a67d3812d3578a9e89b0d5a2 -> 
  custom:scripting/monoscript/fileName/ConnectionState.cs: 155d46183ec6bfe3c53493eef1a3f271 -> 
  custom:scripting/monoscript/fileName/SimpleWebClient.cs: 77e98cd56ecd887c8e74e314f255fc19 -> 
  custom:scripting/monoscript/fileName/NetworkPingGraph.cs: 978ede1ab6a3211cb2d66324c457923e -> 
  custom:scripting/monoscript/fileName/NetworkSceneScript.cs: e922fa4f1491b0a34a16a3e916054254 -> 
  custom:scripting/monoscript/fileName/NetworkRigidbodyReliable.cs: 4f764eeea3131d3565e05249bdc3738d -> 
  custom:scripting/monoscript/fileName/NetworkManager.cs: f292d8759671c196241838d31240fc8d -> 04d3773e92f8e7ff5d40420b188066b8
  custom:video-decoder-webm-vp8: 9c59270c3fd7afecdb556c50c9e8de78 -> 
  custom:scripting/monoscript/fileName/CellGUI.cs: c9c179f3a4fe28314dc6b013532a1aac -> 
  custom:scripting/monoscript/fileName/EdgegapHttpResult.cs: 019f495db0b17de6c4cf45d37af00a52 -> 
  custom:scripting/monoscript/fileName/PlayerPredicted.cs: 2ac68f66b97337edcfd36195524add2b -> 
  custom:scripting/monoscript/fileName/Portal.cs: d1a0af7becd308cd65b68f0c1a9906de -> 
  custom:scripting/monoscript/fileName/CanvasController.cs: dbbcfc410e8dd7a2c88640db192e7bdd -> 
  custom:scripting/monoscript/fileName/MonsterMovement.cs: d2a6632cefaf51ed109ca8e1f263780f -> 
  custom:scripting/monoscript/fileName/NetworkManagerPong.cs: 4831be090a902280d7eb5fd2ad00bf33 -> 
  custom:scripting/monoscript/fileName/IClient.cs: 0ee6c3ce08d56e26b07dbed38d968805 -> 
  custom:scripting/monoscript/fileName/AppVersionUpdateSessionConfig.cs: a86f3d24b5f9b0fcf71fb119a0cec212 -> 
  custom:scripting/monoscript/fileName/Capture.cs: 9ba72701823e26e05c1be33147fc921a -> 
  custom:scripting/monoscript/fileName/ILPostProcessorReflectionImporterProvider.cs: 56b3c3e790b97c8ca8ef2028b4d9b369 -> 
  custom:scripting/monoscript/fileName/GetYourPublicIpResult.cs: 2e6c620653140a80fee037adee301869 -> 
  custom:scripting/monoscript/fileName/NetworkRigidbodyUnreliable.cs: 7d68d4d39f285157e980fb4deb07db1e -> 
  custom:scripting/monoscript/fileName/Weaver.cs: c17857e97bcb7c841b278ae2f64b9e7a -> 
  custom:scripting/monoscript/fileName/NetworkBehaviour.cs: f6a978d6a87099b65e224f39c3339468 -> 7b399f80f145a1734b3619ea3737c973
  custom:scripting/monoscript/fileName/ChatAuthenticator.cs: ee45696f774b54f4d7823b15a3343b81 -> 
  custom:scripting/monoscript/fileName/TelepathyTransport.cs: ff73371c5baea0edfb0a459119b6cfea -> 
  custom:scripting/monoscript/fileName/SelectorModel.cs: f9930d41f7dc288eba237326abc40688 -> 
  custom:scripting/monoscript/fileName/TimeSnapshot.cs: 308585c8ea7403f4cb755fb11f4647b3 -> 
  custom:scripting/monoscript/fileName/HexGrid2D.cs: 32546d4e985500f27368833b988238b6 -> 
  custom:scripting/monoscript/fileName/MatchController.cs: 00b67fb19132e64c4a7a5173f051fd74 -> 
  custom:scripting/monoscript/fileName/EdgegapKcpServer.cs: cc28757f93aaf99536b5069dce4d790f -> 
  custom:scripting/monoscript/fileName/MetricsModel.cs: 477122825f325e4f520e4e90fa3b943a -> 
  custom:scripting/monoscript/fileName/AndroidManifestHelper.cs: 095999324637c0e724899fbeaa92973e -> 
  custom:scripting/monoscript/fileName/MultiplexTransport.cs: 6367abac5b697aea7d42375d5567c446 -> 
  custom:scripting/monoscript/fileName/MatchmakerReleaseConfigResponse.cs: 8417faef50e0d649a50e76dd8add6230 -> 
  custom:scripting/monoscript/fileName/MatchmakerReleaseUpdate.cs: 0d60d56ae6e25b7e51f9b70d879a199c -> 
  custom:scripting/monoscript/fileName/TurretUI.cs: c6f46659a65274cbc4aa2b4751bacf3b -> 
  custom:scripting/monoscript/fileName/SessionDelete.cs: 4bc9bb893d90f8b202a35ebc893d87c2 -> 
  custom:scripting/monoscript/fileName/PlayerControllerRBUnreliable.cs: e28c61047ad794f8f9ed3573e29d39ce -> 
  custom:scripting/monoscript/fileName/PatchSessionModel.cs: 5f61d64497f581e58e762c6a60d9d3bc -> 
  custom:SearchIndexIgnoredProperties: e643bd26f0fe6173181afceb89e7c659 -> 
  custom:scripting/monoscript/fileName/PlayerControllerBase.cs: c4229ad4e3c751da6adf89a9b90c4f53 -> 
  custom:scripting/monoscript/fileName/TankTheftAutoNetMan.cs: afe6957936edbc46518529af71b5a1e0 -> 
  custom:scripting/monoscript/fileName/NetworkAuthenticator.cs: fe8d0f1940cf525af0b6785b50c55890 -> 
  custom:scripting/monoscript/fileName/ServerClientAttributeProcessor.cs: e6bbd94466e353992280af1748f9c3fa -> 
  custom:scripting/monoscript/fileName/RelayCredentialsFromArgs.cs: 3a4052514fe17afe160039a500214f25 -> 
  custom:scripting/monoscript/fileName/NetworkBehaviourInspector.cs: de8831a765475a5fa2118e3f318ea9fa -> 
  custom:scripting/monoscript/fileName/UILobbyCreate.cs: a4cbc6a21d77384404a73c71ef5836b7 -> 
  custom:scripting/monoscript/fileName/CanvasReferencer.cs: 2aa66d72b645141025651c423b0b8ffd -> 
  custom:scripting/monoscript/fileName/Logger.cs: 42bdef7d93e2a7f3cdefe3ad615a0bf8 -> 
  custom:scripting/monoscript/fileName/Prediction.cs: 337669abade5564b94f1ddd3238a6272 -> 
  custom:scripting/monoscript/fileName/TcpConfig.cs: b3fe968dd195ac83dab70c84a8b6acb5 -> 
  custom:AudioImporter_EditorPlatform: d09bf68614088b80899f8185d706f6e7 -> 
  custom:scripting/monoscript/fileName/Hex3DPlayer.cs: 6f6cf0b848723a41ab0568498146573e -> 
  custom:scripting/monoscript/fileName/NetworkLobbyPlayer.cs: 18aca6fa2be85c31234e5f78e6439b88 -> 
  custom:scripting/monoscript/fileName/EdgegapLobbyKcpTransport.cs: 88e5c75d824008ed5507ab2ec63097b3 -> 
  custom:scripting/monoscript/fileName/Unbatcher.cs: 5aa136de7871cd8f1899a494f2d2bfb9 -> 
  custom:scripting/monoscript/fileName/AdditiveNetworkManager.cs: 6333d7e02d54590ee42d10d71e8e9c6a -> 
  custom:scripting/monoscript/fileName/FPS.cs: bff3c635136d039c8ead84debcf37279 -> 
  custom:scripting/monoscript/fileName/NetworkAnimator.cs: 76b9830f9ca59b48c522d412410e714d -> cf63fe8fa363f33814c9fc61f800ddfb
  custom:scripting/monoscript/fileName/ServerStatus.cs: 4624d1575bade49a5521d782f78df1e1 -> 
  custom:scripting/monoscript/fileName/NextClient.cs: 68b507546941a96c9840e0d0cb469996 -> 
  custom:scripting/monoscript/fileName/IMoveWrapper.cs: 705b04e06875106fb636db85212c462b -> 
  custom:scripting/monoscript/fileName/SyncObject.cs: f382e591e08c638ad7a03899b5c1260c -> 
  custom:scripting/monoscript/fileName/EdgegapWindowMetadata.cs: 55c656aedcf842f44d5062b552b159a3 -> 
  custom:scripting/monoscript/fileName/LobbyJoinOrLeaveRequest.cs: 2fa3f00314ae3645ea15c19014666aaa -> 
  custom:scripting/monoscript/fileName/SceneCamera.cs: e8ec01d5286b7f1a7e7f8589e1bc4c5d -> 
  custom:scripting/monoscript/fileName/NetworkWriterExtensions.cs: edde4aa4541705b5307f41c47b784e15 -> 
  custom:scripting/monoscript/fileName/UILobbyList.cs: 0d18508c9642466bef16717a97746e0d -> 
  custom:scripting/monoscript/fileName/NetworkManagerHUD.cs: 296b96cefd28feecd6d2c28a8021feb8 -> 
  custom:scripting/monoscript/fileName/Capture2D.cs: bf4fdeee891abff0407922455bfb5125 -> 
  custom:scripting/monoscript/fileName/DeployModel.cs: 37815ddb698917a22f349c3f37e33990 -> 
  custom:scripting/monoscript/fileName/Server.cs: bb7429a6c380213f075ffa6fe44dea4c -> 
  custom:scripting/monoscript/fileName/NetworkReaderExtensions.cs: a9217d4a2c7ac33507ad3c0a9cc00348 -> 
  custom:scripting/monoscript/fileName/TankAuthority.cs: bbacf7dfce327d4d500c4206be20966c -> 
  custom:scripting/monoscript/fileName/NetworkDiagnostics.cs: 2c53a0a9fa33751b101fa4c2bd8116a2 -> 
  custom:scripting/monoscript/fileName/MatchmakerUpdate.cs: f6e50aebbfb2a9f92d4180467bc865e5 -> 
  custom:scripting/monoscript/fileName/RedBall.cs: 23f173564ee484198342e7a7ff9aa732 -> 
  custom:scripting/monoscript/fileName/CameraTopDown.cs: 27f2d76964bf7fbb3efc7841b6ff9f80 -> 
  custom:scripting/monoscript/fileName/PlayerControllerHybrid.cs: e0c78020bbc122fce20653124e855ef0 -> 
  custom:scripting/monoscript/fileName/Writers.cs: 0e0f82cd02f1add51cf2113f6ca29d0e -> 
  custom:scripting/monoscript/fileName/ClientSslHelper.cs: ff503a0020672642999b1d67b142996b -> 
  custom:scripting/monoscript/fileName/PlayerControllerRBUI.cs: aa16e927524727dd7bad6f70e6fa8cc3 -> 
  custom:scripting/monoscript/fileName/UILobbyStatus.cs: 3bb2407b92751ce372d17aa781a9d7f0 -> 
  custom:scripting/monoscript/fileName/SimpleWebTransport.cs: 201aa442f87b97e5a4f336cff0c3475b -> 
  custom:scripting/monoscript/fileName/FlyerControllerBase.cs: bd8738a16b19d2c4b69a7f2d08cae484 -> 
  custom:scripting/monoscript/fileName/PredictedRigidbody.cs: 49885d1a01342acf1778733d45b080a1 -> 
  custom:scripting/monoscript/fileName/NetworkLoop.cs: 7e931323493a9bceaf64a171ef8f14c8 -> 
  custom:scripting/monoscript/fileName/BaseGUIGame.cs: 509c88c42fa9315b090c67f7f7ec04a1 -> 
  custom:scripting/monoscript/fileName/Box.cs: b58d9a27aa756bef4c89233c294a92d2 -> 
  custom:scripting/monoscript/fileName/ConcurrentNetworkWriterPool.cs: 05e5b92194814f243271f5aa891389b9 -> 
  custom:scripting/monoscript/fileName/CreateDeploymentResult.cs: 140ad421cb8de834246035693e607100 -> 
  custom:scripting/monoscript/fileName/NetworkConnectionToClient.cs: a7117db20fabf222ada309a58ae78cdf -> 
  custom:scripting/monoscript/fileName/SimulationTimer.cs: e66fac111f063ab6587e351b92305ed6 -> 
  custom:scripting/monoscript/fileName/NetworkReaderPool.cs: 8e9fa92a68b78527d4070e61030cd1ec -> 
  custom:scripting/monoscript/fileName/CCUNetworkManager.cs: 6c5ed635401f9f58bf43b0b90f288547 -> 
  custom:scripting/monoscript/fileName/FaceCamera.cs: 597f1c1fd33a374718b7a228115d0b09 -> 
  custom:scripting/monoscript/fileName/ClientCube.cs: fa8ec268ffc136fe16887bf1d71518af -> 
  custom:scripting/monoscript/fileName/PauseableSimulationTimer.cs: 36b935dd02d788ef73cc18bed82e0123 -> 
  custom:scripting/monoscript/fileName/HttpEncoder.cs: 34c1ef78dc91044baabdfa75d5822175 -> 
  custom:scripting/monoscript/fileName/LobbyTransportInspector.cs: 3303cef541a5353d203c6d9e76129585 -> 
  custom:scripting/monoscript/fileName/BaseModel.cs: fc8176dbae9f2c02460fdd37fffaffcb -> 
  custom:scripting/monoscript/fileName/NetworkRigidbodyReliable2D.cs: 11ff1c268785cc44a49781faf9d675fd -> 
  custom:scripting/monoscript/fileName/PubKeyInfo.cs: ea3f411d3c5cc3bbe01fb14ba03c036d -> 
  custom:scripting/monoscript/fileName/ConcurrentNetworkWriterPooled.cs: e71d182e79f25849ae550e9c29e82b50 -> 
  custom:scripting/monoscript/fileName/WhiteBall.cs: fb44ddd761c905dacbcd4880514a268b -> 
  custom:scripting/monoscript/fileName/ILPostProcessorReflectionImporter.cs: 71ad9944df53de4c5e884f9c3232b7c4 -> 
  custom:scripting/monoscript/fileName/SyncVarAttributeDrawer.cs: 8c7f965195714930eb12f8eb30ae9698 -> 
  custom:scripting/monoscript/fileName/Hex2DNetworkManager.cs: 789b7a4f7aa63b9854bf63c78af5e88b -> 
  custom:scripting/monoscript/fileName/CouchPlayer.cs: 9ea4a5d24e0214d8cc3af58a4a059e5e -> 
  custom:scripting/monoscript/fileName/Pagination.cs: 060b4e75ab66256a45e35a1f8ddffc47 -> 
  custom:scripting/monoscript/fileName/PlayerControllerRBHybrid.cs: b10afd8f59eb1876ef9a1d7fc195b752 -> 
  custom:scripting/monoscript/fileName/Readers.cs: f566e2876d372f2878a76791fc9e0982 -> 
  custom:scripting/monoscript/fileName/FadeInOut.cs: ad05b676f5cdfcf2792aa5e9fa61ff07 -> 
  custom:scripting/monoscript/fileName/FizzySteamworks.cs: e71243faeb2057fa4cf4d7cec5195c51 -> 
  custom:scripting/monoscript/fileName/LatencySimulation.cs: c07adc984a8c8dfd4635b2d5c586660e -> 
  custom:scripting/monoscript/fileName/CompiledAssemblyFromFile.cs: 172db0c210286d908c2c9e772107692c -> 
  custom:scripting/monoscript/fileName/GUIConsole.cs: 73763feb68692544e67165553bacf28a -> 
  custom:scripting/monoscript/fileName/EncryptionTransport.cs: b080ac2531a793e4a04be0a671a8ddae -> 
  custom:scripting/monoscript/fileName/NetworkServer.cs: 4bf2b7005473452a1a23e73ec29e826a -> 
  custom:scripting/monoscript/fileName/ListLobbiesResponse.cs: 74285b33f42d7c447525bf364a7a8e6a -> 
  custom:scripting/monoscript/fileName/GetRegistryCredentialsResult.cs: 2dbb104a45cecdaba09160542c122e79 -> 
  custom:scripting/monoscript/fileName/NetworkLobbyManager.cs: e92289627396a76134344c625c1bd5ff -> 
  custom:scripting/monoscript/fileName/ReadHelper.cs: dc6f61a190cf50616faf53c1d8fe9138 -> 
  custom:scripting/monoscript/fileName/PerlinNoise.cs: a6d38456eeab3d5c728fa6dcc329b23b -> 
  custom:scripting/monoscript/fileName/LocationModel.cs: fa342937955af1ae4805fb26fb7497a0 -> 
  custom:scripting/monoscript/fileName/NetworkDiagnosticsDebugger.cs: 3681e1a6e424a661478042120e6e97b2 -> 
  custom:scripting/monoscript/fileName/AppVersionUpdate.cs: d650841e4f781642f886cea8ba2ff518 -> 
  custom:scripting/monoscript/fileName/AutoLANNetworkManager.cs: 81d4c29342a5724bef2d0fbfa8b8ffd6 -> 
  custom:scripting/monoscript/fileName/ILPostProcessorLogger.cs: a9a79cba4fed98c69528536ac8b3f71c -> 
  custom:scripting/monoscript/fileName/NextServer.cs: d36548727786c56fce35f0387e027784 -> 
  custom:scripting/monoscript/fileName/MatchNetworkManager.cs: 0e5f406e72ee06df99e93b9762b0b5e5 -> 
  custom:scripting/monoscript/fileName/ClientWebsocketSettingsDrawer.cs: 1a9576100bab38a4c4ed964bd5a996d8 -> 
  custom:scripting/monoscript/fileName/LagCompensation.cs: af5643706224b00b5496021d95b4d26c -> 
  custom:scripting/monoscript/fileName/TypeReferenceComparer.cs: 57898ebe5f727afaad55eae2ef9eb421 -> 
  custom:scripting/monoscript/fileName/SceneDrawer.cs: fca05cb09accfb9103f16b62c17272e2 -> 64c0486f404cbf51fb244bc2aae5d304
  custom:scripting/monoscript/fileName/Half.cs: 63f3beeb20999fc5be570faa1ddfaff3 -> 
  custom:scripting/monoscript/fileName/CustomBulkSessionModel.cs: c43f4ed8b8a8ffdf5798e27fde8d1da9 -> 
  custom:scripting/monoscript/fileName/HttpUtility.cs: 38557d5b810bac052c2b886eb7896a0b -> 
  custom:scripting/monoscript/fileName/SessionData.cs: 926e839f6ee612b6bb61a5f33e2ae255 -> 
  custom:scripting/monoscript/fileName/Lobby.cs: babc6bda0c089900c1ee14fbdf2252fb -> 
  custom:scripting/monoscript/fileName/PortMapping.cs: 3405e3dbbaf9f08719e377ecc60b39d1 -> 
  custom:scripting/monoscript/fileName/ComponentCredentials.cs: 10ee73ed647c45e84c69086707bbb413 -> 
  custom:scripting/monoscript/fileName/GithubRelease.cs: 72553de2e91c74b5e77d48ec8bad1e1e -> 
  custom:video-encoder-webm-vp8: eb34c28f22e8b96e1ab97ce403110664 -> 
  custom:scripting/monoscript/fileName/KcpPeer.cs: 56ce963667425f004cba0f7a2fb0990c -> 
  custom:scripting/monoscript/fileName/NetworkStatistics.cs: dc6ee38d99ae1ede6a65fbd49f77e3f1 -> 
  custom:scripting/monoscript/fileName/EdgegapErrorResult.cs: eef015ff915f6463977a6a0e0708b02f -> 
  custom:scripting/monoscript/fileName/MatchmakerCreate.cs: e93de2ce38240493494356c6edd16603 -> 
  custom:scripting/monoscript/fileName/LegacyCommon.cs: 4f58d1a7cf1c577a807423607c7ccd79 -> 
  custom:scripting/monoscript/fileName/ToolState.cs: 4530727686ebfde28de5319abc2ef774 -> 
  custom:scripting/monoscript/fileName/ReadOnlyDrawer.cs: d65aea53441f9c4a71f4dfe0811e68d2 -> 
  custom:scripting/monoscript/fileName/BenchmarkNetworkManager.cs: e88082d7af5c1d730dda3747af70dd2b -> 
  custom:scripting/monoscript/fileName/MatchmakerReleaseUpdateBase.cs: 4e30b58c56d5ed98ea160538bc0598d2 -> 
  custom:scripting/monoscript/fileName/AppVersionWhitelistEntry.cs: 4aacc923ed390c830698b740c71c65ba -> 
  custom:scripting/monoscript/fileName/TransformSyncData.cs: c594ec19d2f375f9b96b9f16c0382013 -> 
  custom:scripting/monoscript/fileName/NetworkRoomManager.cs: 9ffbfd151ebb0691dffa518355bf39c5 -> 
  custom:scripting/monoscript/fileName/NetworkClient_TimeInterpolation.cs: 1837a8f7445498a9e0a83dd68509c1b1 -> 
  custom:scripting/monoscript/fileName/ClientWebsocketSettings.cs: e9e26fdc9accf1935e75d24301c39bb5 -> 
  custom:audio-decoder-ogg-vorbis: bf7c407c2cedff20999df2af8eb42d56 -> 
  custom:scripting/monoscript/fileName/PlayerForce.cs: 398baeeab5a6f324fc944f47725e3ba9 -> 
  custom:scripting/monoscript/fileName/ShootingTankBehaviour.cs: b9f7f0adf77d7e8802f7fc793a654f17 -> 
  custom:scripting/monoscript/fileName/NetworkReader.cs: 47f66f43ebe25583e8b1969d676c2c7c -> 
  custom:scripting/monoscript/fileName/IServer.cs: 9404ef1ff92fff83ca9bd73ef6621dbe -> 
  custom:scripting/monoscript/fileName/BasicNetManager.cs: c49da441cd1441606f5a7a90a8fca15f -> 
  custom:scripting/monoscript/fileName/NetworkMetricsModel.cs: 9d15ea7e4ea724564c78e28856afc8f3 -> 
  custom:scripting/monoscript/fileName/PlayerControllerRBBase.cs: a84a38f92b1c9b210aad70d96984b480 -> 
  custom:scripting/monoscript/fileName/SimpleWebJSLib.cs: 8d05a33480c825a60778e3897b036667 -> 
  custom:scripting/monoscript/fileName/InterestManagementBase.cs: 46a9f4e3c40c9bd76b81a96caccc038b -> 
  custom:scripting/monoscript/fileName/BaseUIGraph.cs: 7b309ec97c6cdcd8ede6726ba4cac96e -> 
  custom:scripting/monoscript/fileName/PredictedRigidbodyPhysicsGhost.cs: ff16a5cbc9ce7afb2dd5c9c6a6d7d134 -> 
  custom:scripting/monoscript/fileName/ChatBehaviour.cs: 09a0207b41c7894e8cce4b0d1bc708c6 -> 
  custom:scripting/monoscript/fileName/NetworkMessages.cs: b3cbd2d6b32618fc6b6e4f091087b2b5 -> 
  custom:scripting/monoscript/fileName/VersionData.cs: cce9d1ff362bd01036e31a1dba64f053 -> 
  custom:scripting/monoscript/fileName/LobbyBrief.cs: 75109717219d4302c42c4fcd4377d1f9 -> 
  custom:scripting/monoscript/fileName/AppVersionWhitelistEntryPayload.cs: 142436ef87e33a541ed4f6374ee34b59 -> 
  custom:scripting/monoscript/fileName/EquippedBox.cs: 5d8c02350d0b5b1a2d11bc0ee1bb4617 -> 
  custom:scripting/monoscript/fileName/PredictionUtils.cs: a151306f40929796f931e4c8825d289c -> 
  custom:scripting/monoscript/fileName/LocalConnectionToServer.cs: c24bf224f541386eb7ade46fcf9e7b91 -> 
  custom:scripting/monoscript/fileName/MatchmakerComponentEnvsResponse.cs: 99d5f3218c7ff65b52686ad2fe581411 -> 
  custom:scripting/monoscript/fileName/LoginUI.cs: 18bc259d9a890e0bff8823f660eb04f2 -> 
  custom:scripting/monoscript/fileName/EnemyTopDown.cs: f329ccf2293ed5b591b9163dbf259547 -> 
  custom:scripting/monoscript/fileName/Error.cs: 02925f9bbc0ba66497cbee791a93b793 -> 
  custom:scripting/monoscript/fileName/AccurateInterval.cs: 7c8c151b32fb21eac3bee454e6d05acd -> 
  custom:scripting/monoscript/fileName/AutoLANNetworkDiscovery.cs: 873abc584b6966ab8c17d8cb96fabd87 -> 
  custom:scripting/monoscript/fileName/WeaverFuse.cs: 75dab88ec6053f5d2cfa7094787071a4 -> 
  custom:scripting/monoscript/fileName/HostMode.cs: 53517e579116104b805bd6174b0c8c44 -> 
  custom:scripting/monoscript/fileName/HistoryBounds.cs: 5366088f43c695b08273a56dfa3e7d7a -> 
  custom:scripting/monoscript/fileName/FlyerControllerUnreliable.cs: 6f33f4957a3e23c6e6f5b16e6576f719 -> 
  custom:scripting/monoscript/fileName/Messages.cs: 6cde3abd234926f9b8304f51b5245479 -> 
  custom:scripting/monoscript/fileName/BulkSessionDelete.cs: 00debcc1365f5080b7ab7cdc3bce9069 -> 
  custom:scripting/monoscript/fileName/NetworkBehaviourHybrid.cs: cc442750175f8eb26352ed1d37ed68ec -> 
  custom:scripting/monoscript/fileName/MetricsResponse.cs: adc9eb853d506e6911c34e94cb1a44ac -> 
  custom:scripting/monoscript/fileName/MatchmakerManagedReleaseResponse.cs: f6a65f04231d4c8151690bd1dbdea158 -> 
  custom:scripting/monoscript/fileName/KcpTransport.cs: 6876dddbbc75d3fdec1a3ec1d11c4388 -> 
  custom:scripting/monoscript/fileName/ClientHandshake.cs: 9b1519777afa1a68ee06a43bbd851230 -> 
  custom:scripting/monoscript/fileName/LagCompensatorInspector.cs: f7a66b1ec5ec964ffd26e6aaa99a367a -> 
  custom:scripting/monoscript/fileName/MovingPlatform.cs: 70c71e8c86465a525fe061443369ed47 -> f783b7b0f56b8c2515790d5394eb8fad
  custom:scripting/monoscript/fileName/EdgegapWindowV2.cs: c373be385845fd0ec200faf9ce608167 -> 
  custom:scripting/monoscript/fileName/SceneObject.cs: febce20dbdbec68d33e252ae07d7583a -> 
  custom:scripting/monoscript/fileName/ApiEnvironment.cs: 6464cf296474b7e0bac3222638c8b998 -> 
  custom:scripting/monoscript/fileName/Message.cs: 87f23daf1017c6dedc81873de24a0b0a -> 671a789acb2c7a93d0b620fe02979957
  custom:scripting/monoscript/fileName/Protocol.cs: dc3277d0edb2f3b079d8dc3c603b3234 -> 
  custom:scripting/monoscript/fileName/SessionContext.cs: 1f9753a239ada07c67a04ec10d033ff6 -> 
  custom:scripting/monoscript/fileName/ZoneHandler.cs: 12219132cacb50ef816b58e74ae7bc1b -> 
  custom:scripting/monoscript/fileName/BulkSessionPost.cs: 983b7cd17bce3b5d4ed513d50406dbe0 -> 
  custom:scripting/monoscript/fileName/SyncList.cs: 34c6ff9cf0aa0d720e612550af5c5d26 -> 849ed7f5b11c9db237ef61b01c5a5104
  custom:scripting/monoscript/fileName/SyncObjectProcessor.cs: f85aeec708c2484e3a9d4dcb2d61373f -> 
  custom:scripting/monoscript/fileName/MinMaxBounds.cs: d21201751d1a6e620bbca31f42f0d83c -> 
  custom:scripting/monoscript/fileName/TankTurretUnreliable.cs: 42fc005b8eddb4dbfab82bd3a4c6bd77 -> 
  custom:scripting/monoscript/fileName/ToggleHotkey.cs: f0b135621dddd18a3df65c3f41516cbe -> 
  custom:scripting/monoscript/fileName/SpatialHashing3DInterestManagement.cs: 0f22ee6ece7173fd6e6b5494dbdd5299 -> 
  custom:scripting/monoscript/fileName/MonoBehaviourProcessor.cs: cfb4c90153ccd6a20cbce093f5f47d05 -> 
  custom:scripting/monoscript/fileName/GetAppsResult.cs: 7b56bb2764d41df2cc8b734a369c8896 -> 
  custom:scripting/monoscript/fileName/WebSocketClientStandAlone.cs: cc187376230ea5d8953ef323f3317e01 -> 
  custom:scripting/monoscript/fileName/SessionUser.cs: c97baa01bc3d8946d4a60a563a7faafc -> 
  custom:scripting/monoscript/fileName/DeploymentSessionContext.cs: 620ccbdb00955de6b96d8cdba937ccf8 -> 
  custom:scripting/monoscript/fileName/EdgegapWizardApi.cs: f11c6966db1e6a36204a63b27ca32265 -> 
  custom:scripting/monoscript/fileName/Log.cs: 36c8fb24a4b3d86205ed1bcaec808419 -> 
  custom:scripting/monoscript/fileName/BufferPool.cs: 65ca63b64a0ae9a74a18b5a1306952ef -> 
  custom:scripting/monoscript/fileName/CanvasHUD.cs: 9b06dd013290def40d8f84f5420eabe6 -> 
  custom:scripting/monoscript/fileName/HexSpatialHash3DInterestManagement.cs: 1160aae7f7a5227c90cf9c1a9ec3878d -> 
  custom:scripting/monoscript/fileName/Player.cs: 4dbbedfd01c051210b081505d0ce8f58 -> d2f32243036491ae8d3f965853554011
  custom:scripting/monoscript/fileName/TankTurretBase.cs: 3a534394b516f1f94de383f927a56911 -> 
  custom:scripting/monoscript/fileName/NetworkClient.cs: 1837a8f7445498a9e0a83dd68509c1b1 -> 
  custom:scripting/monoscript/fileName/PlayerEmpty.cs: 3a845989097892f968624b79cff03d8e -> 
  custom:scripting/monoscript/fileName/HexGrid3D.cs: c00e6893dbdb2d3c3cf08de4e5efe7f4 -> 
  custom:scripting/monoscript/fileName/PlatformMovement.cs: 429c86bb1960b4a7a2e195a903daf7c3 -> 
  custom:scripting/monoscript/fileName/MatchGUI.cs: 2fc744c5140ed3ee24d914f7f43e7d46 -> 
  custom:scripting/monoscript/fileName/ReaderWriterProcessor.cs: 5d6ef9c5b130f0c03046aa0af32540dd -> 
  custom:scripting/monoscript/fileName/PlayerMovement.cs: c4562e67c10fd16d9ef9069db4756ac3 -> 42480eed24e61f9d7e7e895933644f96
  custom:scripting/monoscript/fileName/NetworkRoomPlayer.cs: 18bf672afb8b23f5b8800639b4a44742 -> 
  custom:scripting/monoscript/fileName/KcpServerConnection.cs: f2d868075e85f9daca268a5dc75106b6 -> 
  custom:scripting/monoscript/fileName/EdgegapApiBase.cs: 70dbfdbc6d61b864be2fcbdead6d5677 -> 
  custom:scripting/monoscript/fileName/ConnectionQuality.cs: 3dda178fdf41fbf9121d8bfc8aea50b0 -> 
  custom:scripting/monoscript/fileName/AppVersionCreateSessionConfig.cs: 24ea1f0eedf5da9753f99825fd8a7f0f -> 
  custom:scripting/monoscript/fileName/GeoIpListModel.cs: 95d6c8e3b6214e29900bb3fb26fda478 -> 
  custom:audio-encoder-webm-vorbis: bf7c407c2cedff20999df2af8eb42d56 -> 
  custom:scripting/monoscript/fileName/MiddlewareTransport.cs: 23b1cf52686ef42b4ce47506432faff7 -> 
  custom:scripting/monoscript/fileName/NetworkDiscovery.cs: 7c7c43150a49a3766d807b3e51f85c64 -> 
  custom:scripting/monoscript/fileName/LocationData.cs: 06e45263eed882450dea1d2efe050fd5 -> 
  custom:scripting/monoscript/fileName/SinMoveYWrapper.cs: ba75e0d0947fa83053e6a6aee5a11ae0 -> 
  custom:scripting/monoscript/fileName/CreateAppVersionRequest.cs: be590dd13a9f80f183100821e2a8f116 -> 
  custom:scripting/monoscript/fileName/Constants.cs: 7c48591f41bb0784cf7eafc26f2e44d7 -> 4aef31c14c12463cbe2704f0ab991324
  custom:scripting/monoscript/fileName/NetworkTopDown.cs: 697a60807b7248a7a0b60233e9b32ccd -> 
  custom:scripting/monoscript/fileName/CanvasUI.cs: 766e2fecc58713392f247fa422f58038 -> 
  custom:scripting/monoscript/fileName/WebSocketServer.cs: 205d1bdc545e864156be1816b4ab8630 -> 
  custom:scripting/monoscript/fileName/RemoteCalls.cs: 0970dca52e6b7575a66c514d031f523c -> 
  custom:scripting/monoscript/fileName/ReceiveLoop.cs: 757f0e18dd0fb20f02b4c06203ed56d8 -> 
  custom:scripting/monoscript/fileName/LagCompensationSettings.cs: 7ced80fa9d3018bc069759429f431316 -> 
  custom:scripting/monoscript/fileName/WhiteBallPredicted.cs: 745a0b027fcb4c49a9c7bd146b747951 -> 
  custom:scripting/monoscript/fileName/LegacyClient.cs: 6637fc04a4368b657676140b03b31f94 -> 
  custom:scripting/monoscript/fileName/MultiSceneNetManager.cs: 63ae63931192bdb0d0f2a82249164515 -> 
  custom:scripting/monoscript/fileName/NetworkConnection.cs: 5f7450dba221655c8e525f251f423f3a -> d25a60b40dcce0087e8356b3541b3352
  custom:scripting/monoscript/fileName/EquippedBat.cs: 346defbda7429fc2ddac644ace8b0b2b -> 
  custom:scripting/monoscript/fileName/ChatUI.cs: f0fe330136b1fd9162b52d46679212e5 -> 
  custom:scripting/monoscript/fileName/TankControllerReliable.cs: 58ce4d110de22dd4f20a9a4fce515e13 -> 
  custom:scripting/monoscript/fileName/PlayerTestNetMan.cs: 153ac4ccb86bfa897086e5cba02eafbf -> 
  custom:scripting/monoscript/fileName/NetworkConnectionToServer.cs: 70128fd122f5202207c2e64f353aff1c -> 
  custom:scripting/monoscript/fileName/Attributes.cs: 4324e6919b8021c92a2a94b053156e57 -> 8c398fa83e81a0a60f285d4fddbc22a9
  custom:scripting/monoscript/fileName/Delete.cs: 9d420ea1f62caf5ed20f014c9b0dbb8c -> 
  custom:scripting/monoscript/fileName/Pool.cs: d81fe1a86eaaaaa888ee50e17a01544a -> 
  custom:scripting/monoscript/fileName/NetworkManagerStackedPrediction.cs: 4a0f5dff4c8544d461f68e52a75c35ae -> 
  custom:scripting/monoscript/fileName/UpsertAppVersionResult.cs: ea5ee543a24e54a1fed4908f0844fc51 -> 
  custom:scripting/monoscript/fileName/Snapshot.cs: a5a37d0e3cc55d14f0181ecef3be596a -> 
  custom:scripting/monoscript/fileName/AckItem.cs: 71c65e1e4363ff93fa77de15452ddf4e -> 
  custom:scripting/monoscript/fileName/TotalMetricsModel.cs: 28b07a2bdb11bbce62ae999cc439062a -> 
  custom:scripting/monoscript/fileName/PlayerControllerUnreliable.cs: a2ccca7d945c95c1752d730dad008cfd -> 
  custom:scripting/monoscript/fileName/NextCommon.cs: 2de750d0575c29be4ce8fd30220c00b2 -> 
  custom:scripting/monoscript/fileName/Pockets.cs: a6ad620bc143258e8a89f84e9dfcba1f -> 
  custom:scripting/monoscript/fileName/ServerSslHelper.cs: b8bd1d91852f54fbfc42968da841ea96 -> 
  custom:scripting/monoscript/fileName/ILPostProcessorAssemblyResolver.cs: 5c126ecda4652331addd2349eb974f22 -> 
  custom:scripting/monoscript/fileName/Hex2DPlayerCamera.cs: 34c2fa61ba334103d30b516c436d5e16 -> 
  custom:scripting/monoscript/fileName/AppVersionWhitelistResponse.cs: 40df775fceb31344c5a50d9b8d73fe05 -> 
  custom:scripting/monoscript/fileName/MatchmakerReleaseResponseBase.cs: a8cf22fad09ac7020d6fc38cc9515aea -> 
  custom:scripting/monoscript/fileName/FlyerControllerUI.cs: 707c4d5b6513f9b9ecec3538b5e55ed5 -> 
  custom:scripting/monoscript/fileName/WebSocketClientWebGl.cs: 06f24bd48bbeafab0ad2c92fb0c81e19 -> 
  custom:scripting/monoscript/fileName/SineMoveRandomBehaviour.cs: ed9e2ff6320a1c21893155e789ed8c61 -> 
  custom:scripting/monoscript/fileName/PlayerControllerUI.cs: 5541791f8b963faad1c85ba77c22f397 -> 
  custom:scripting/monoscript/fileName/TimeSample.cs: c39ea5981c5f984168a2d51cbbec5ae3 -> 
  custom:scripting/monoscript/fileName/LobbyIdRequest.cs: 989a71690b5b7d3ea3aa09f857ade617 -> 
  custom:scripting/monoscript/fileName/NetworkWriterPooled.cs: 20bc4ab41a499fb80367f019e74312ad -> 
  custom:scripting/monoscript/fileName/PlayerGUI.cs: 7e0ca58f71a945a382c8e1a187472ca3 -> 
  custom:scripting/monoscript/fileName/LookAtMainCamera.cs: 72b1822b07677cea892bfb62c409f7f8 -> 
  custom:scripting/monoscript/fileName/EdgegapAppApi.cs: 4d0dd11cda30bd69951a30762f6c633b -> 
Editor requested this worker to shutdown with reason: Scaling down because of idle timeout
TcpMessagingSession - receive error: operation aborted. errorcode: 995, details: ќпераци€ ввода/вывода была прервана из-за завершени€ потока команд или по запросу приложени€.
AssetImportWorker is now disconnected from the server
Process exiting
Exiting without the bug reporter. Application will terminate with return code 0